// Generated by scripts/regions/build_regions.py from data/regions/. Do not edit.
#include <cstdint>

extern const uint16_t region_levels = 13;
extern const uint32_t region_count = 21359;

extern const uint32_t region_start[21359] = {
	0x00000000,0x0000bb00,0x0000bc00,0x0000be00,0x0000c000,0x0000ea00,0x0000ec00,0x0000ee00,
	0x0000f000,0x0000fa00,0x0000fc00,0x0000fe00,0x00010000,0x0001a900,0x0001b000,0x0001b800,
	0x0001c000,0x0001e800,0x0001f000,0x0001f700,0x0001fa00,0x0001fc00,0x0001fe00,0x00020000,
	0x00025b00,0x00025c00,0x00030900,0x00030a00,0x00030c00,0x00030e00,0x00031500,0x00031600,
	0x00031700,0x00031a00,0x00031d00,0x00031e00,0x00034000,0x00034800,0x00035000,0x00035800,
	0x0003bd00,0x0003be00,0x0003e700,0x0003eb00,0x0003ec00,0x0003ed00,0x0003f200,0x0003f300,
	0x00040000,0x0004a200,0x0004a400,0x0004a800,0x0004a900,0x00060a00,0x00060c00,0x00062000,
	0x00063100,0x00063200,0x00063400,0x00063800,0x00063900,0x00063a00,0x00063b00,0x00068000,
	0x00069000,0x00069200,0x00069400,0x00069600,0x0006bb00,0x0006bc00,0x0006be00,0x0006c200,
	0x0006c400,0x0006c600,0x0006ce00,0x0006d200,0x0006d300,0x0006d800,0x0006d900,0x0006e000,
	0x0006e900,0x0006f000,0x0006f300,0x00080000,0x00095d00,0x00095e00,0x00095f00,0x00096000,
	0x00097500,0x00097600,0x000a2000,0x000a4000,0x000a6000,0x000b0000,0x000b2000,0x000b4000,
	0x000b6000,0x000c0000,0x000c0500,0x000c0600,0x000c0800,0x000c1200,0x000c1300,0x000c1e00,
	0x000c2200,0x000c2300,0x000c2800,0x000c3000,0x000c3800,0x000c3c00,0x000c3e00,0x000c4000,
	0x000c4a00,0x000c4d00,0x000c4e00,0x000c5000,0x000c5a00,0x000c5b00,0x000c5f00,0x000c6a00,
	0x000c6c00,0x000c6e00,0x000c6f00,0x000c7b00,0x000c7c00,0x000c7e00,0x000d0000,0x000d0a00,
	0x000d0b00,0x000d2000,0x000d2100,0x000d2200,0x000d2300,0x000d2800,0x000d2900,0x000d2a00,
	0x000d2b00,0x000d8000,0x000d9000,0x000d9200,0x000dc000,0x000dc200,0x000dc300,0x000dc800,
	0x000dd000,0x000dd800,0x000ddc00,0x000dde00,0x000e2000,0x000e4000,0x000e6000,0x000f0000,
	0x000f2000,0x000f4000,0x000f6000,0x00100000,0x00188a00,0x00188c00,0x00188e00,0x00189000,
	0x00189a00,0x00189c00,0x00189e00,0x0018a000,0x0018a400,0x0018a600,0x0018b000,0x0018b800,
	0x0018bd00,0x0018be00,0x0018c000,0x0018ca00,0x0018cc00,0x0018ce00,0x0018d000,0x0018da00,
	0x0018dc00,0x0018de00,0x0018df00,0x0018e000,0x0018ea00,0x0018ec00,0x0018ef00,0x0018f000,
	0x0018f500,0x0018f600,0x0018f700,0x0018f800,0x0018f900,0x00190000,0x00198a00,0x00198c00,
	0x00198e00,0x00199000,0x00199a00,0x00199c00,0x00199e00,0x00199f00,0x0019a000,0x0019a600,
	0x0019a800,0x0019c000,0x0019dc00,0x0019dd00,0x0019de00,0x0019e000,0x0019f100,0x0019f200,
	0x0019f300,0x0019f800,0x0019fc00,0x0019fe00,0x001a2000,0x001a4000,0x001a6000,0x001b0000,
	0x001b2000,0x001b4000,0x001b6000,0x001c0000,0x001c8900,0x001c8b00,0x001c8c00,0x001c8e00,
	0x001c8f00,0x001c9000,0x001c9600,0x001caa00,0x001cab00,0x001cc000,0x001cc200,0x001cc300,
	0x001cc800,0x001cd000,0x001cd700,0x001d0000,0x001d8200,0x001d8400,0x001d8600,0x001d8e00,
	0x001da800,0x001dad00,0x001dbe00,0x001dc000,0x001dea00,0x001dec00,0x001dee00,0x001df000,
	0x001dfa00,0x001dfc00,0x001dfe00,0x001e0000,0x001e1100,0x001e1200,0x001e1400,0x001e1600,
	0x001e2000,0x001e4000,0x001e4800,0x001e4d00,0x001e4e00,0x001e5000,0x001e5400,0x001e5800,
	0x001e5a00,0x001e5c00,0x001e5e00,0x001e5f00,0x001f0000,0x001f0a00,0x001f0c00,0x001f0e00,
	0x001f1000,0x001f1800,0x001f1900,0x001f4000,0x001f4100,0x001f4a00,0x001f4b00,0x001f6000,
	0x001f7100,0x001f7200,0x001f7400,0x001f7600,0x00220a00,0x00220c00,0x00220e00,0x00221000,
	0x00221a00,0x00221c00,0x00221e00,0x00224000,0x00224a00,0x00224c00,0x00224e00,0x00225000,
	0x00225a00,0x00225c00,0x00225e00,0x00230000,0x00230a00,0x00230c00,0x00230e00,0x00231000,
	0x00231a00,0x00231c00,0x00231e00,0x00234000,0x00234a00,0x00234c00,0x00234e00,0x00235000,
	0x00235a00,0x00235c00,0x00235e00,0x00240000,0x00260a00,0x00260c00,0x00260e00,0x00261000,
	0x00261a00,0x00261c00,0x00261e00,0x00264000,0x00264a00,0x00264c00,0x00264e00,0x00265000,
	0x00265a00,0x00265c00,0x00265e00,0x00270000,0x00270a00,0x00270c00,0x00270e00,0x00271000,
	0x00271a00,0x00271c00,0x00271e00,0x00274000,0x00274a00,0x00274c00,0x00274e00,0x00275000,
	0x00275a00,0x00275c00,0x00275e00,0x00300000,0x00320a00,0x00320c00,0x00320e00,0x00321000,
	0x00321a00,0x00321c00,0x00321e00,0x00324000,0x00324a00,0x00324c00,0x00324e00,0x00325000,
	0x00325a00,0x00325c00,0x00325e00,0x00330000,0x00330a00,0x00330c00,0x00330e00,0x00331000,
	0x00331a00,0x00331c00,0x00331e00,0x00334000,0x00334a00,0x00334c00,0x00334e00,0x00335000,
	0x00335a00,0x00335c00,0x00335e00,0x00340000,0x00360a00,0x00360c00,0x00360e00,0x00361000,
	0x00361a00,0x00361c00,0x00361e00,0x00364000,0x00364a00,0x00364c00,0x00364e00,0x00365000,
	0x00365a00,0x00365c00,0x00365e00,0x00370000,0x00370a00,0x00370c00,0x00370e00,0x00371000,
	0x00371a00,0x00371c00,0x00371e00,0x00374000,0x00374a00,0x00374c00,0x00374e00,0x00375000,
	0x00375a00,0x00375c00,0x00375e00,0x00400000,0x0042ee00,0x0042f000,0x0042f500,0x0042f600,
	0x0042f800,0x00430000,0x00438f00,0x00439000,0x00439800,0x0043a200,0x0043a400,0x0043a600,
	0x0043a700,0x0043c000,0x0043c800,0x0043d000,0x0043d200,0x0043d400,0x0043d600,0x0043ed00,
	0x0043ee00,0x0043f800,0x0043f900,0x0043fb00,0x0043fc00,0x00440000,0x00462700,0x00462800,
	0x00462c00,0x00462e00,0x00462f00,0x00463000,0x00463200,0x00463400,0x00463500,0x00463600,
	0x00463700,0x00464000,0x00464800,0x00465000,0x00465a00,0x00465c00,0x00466000,0x00469d00,
	0x00469e00,0x0046c800,0x0046ca00,0x0046cb00,0x0046cc00,0x0046ce00,0x0046cf00,0x0046e100,
	0x0046e200,0x0046e400,0x0046e500,0x00470000,0x00472200,0x00472400,0x00472600,0x00472700,
	0x00472800,0x00473000,0x00473800,0x00474000,0x00476800,0x00476900,0x00476a00,0x00476c00,
	0x00476e00,0x00477000,0x00477600,0x00478d00,0x00478e00,0x00479800,0x00479c00,0x00479e00,
	0x0047a000,0x0047b500,0x0047b600,0x0047ca00,0x0047cc00,0x0047ce00,0x0047d000,0x0047da00,
	0x0047db00,0x0047e000,0x0047e200,0x0047e300,0x0047e800,0x0047e900,0x0047ea00,0x0047eb00,
	0x00484100,0x00484200,0x00484300,0x00484600,0x00485000,0x00485100,0x00485600,0x00485a00,
	0x00485c00,0x00485e00,0x0048ae00,0x0048b000,0x0048ba00,0x0048bc00,0x0048bd00,0x0048c000,
	0x0048e800,0x0048f000,0x0048f800,0x0048f900,0x0048fa00,0x0048fc00,0x0048ff00,0x00490000,
	0x00490100,0x00490a00,0x00490c00,0x00490d00,0x00491000,0x00491800,0x00491a00,0x00491c00,
	0x00491d00,0x00492000,0x00492500,0x00492800,0x00492d00,0x00492e00,0x00493000,0x00493900,
	0x00494000,0x00496800,0x00497000,0x00497a00,0x00497c00,0x00498000,0x0049a800,0x0049a900,
	0x0049aa00,0x0049b000,0x0049b800,0x0049bb00,0x0049bc00,0x0049c000,0x0049ea00,0x0049ec00,
	0x0049ee00,0x0049f000,0x0049fa00,0x0049fc00,0x004a0000,0x004a0100,0x004a0200,0x004a2200,
	0x004a2300,0x004a2800,0x004a3000,0x004a3a00,0x004a3c00,0x004a3e00,0x004a4000,0x004a8000,
	0x004ad000,0x004ad200,0x004ad400,0x004ad600,0x004ad700,0x004ad800,0x004b0000,0x004b1000,
	0x004b1400,0x004b1800,0x004b1d00,0x004b1e00,0x004b1f00,0x004b2000,0x004b4000,0x004b4f00,
	0x004b5000,0x004b5800,0x004b5c00,0x004b6000,0x004b6200,0x004b6400,0x004b6600,0x004b6700,
	0x004b6800,0x004b7000,0x004b7500,0x004b7600,0x004b7700,0x004b7800,0x004b7900,0x004b7a00,
	0x004b7b00,0x004b7c00,0x004b8000,0x004b8800,0x004b8d00,0x004b8e00,0x004b9000,0x004b9a00,
	0x004b9c00,0x004b9e00,0x004b9f00,0x004ba000,0x004bc000,0x004bc600,0x004bc800,0x004bcc00,
	0x004bd000,0x004bd100,0x004bd200,0x004bd300,0x004bd500,0x004bd600,0x004bd700,0x004bd900,
	0x004bda00,0x004bdc00,0x004bdd00,0x004be000,0x004bf000,0x004bf800,0x004bf900,0x004bfa00,
	0x004bfb00,0x004c0000,0x004c8000,0x004c8400,0x004c8600,0x004c9000,0x004c9200,0x004c9300,
	0x004c9800,0x004c9900,0x004c9a00,0x004c9c00,0x004ca000,0x004cc000,0x004ce800,0x004ce900,
	0x004d4100,0x004d4200,0x004d4400,0x004d4800,0x004d5000,0x004d5800,0x004e0000,0x004e0200,
	0x004e0300,0x004e0800,0x004e0900,0x004e0a00,0x004e0b00,0x004e1f00,0x004e2000,0x004e2100,
	0x004e3f00,0x004e4000,0x004e4300,0x004e4800,0x004e4900,0x004e6200,0x004e6300,0x004e6800,
	0x004e7000,0x004e7800,0x004e8000,0x004e8800,0x004e8900,0x004e8a00,0x004e8b00,0x004e9500,
	0x004e9600,0x004e9700,0x004e9800,0x004e9b00,0x004ea000,0x004ea100,0x004ea200,0x004ea300,
	0x004ea500,0x004ea600,0x004ea700,0x004ea800,0x004ea900,0x004eaa00,0x004eab00,0x004eac00,
	0x004f0000,0x004f2800,0x004f3000,0x004f3800,0x004f4000,0x004f6800,0x004f7000,0x004f7800,
	0x00500000,0x00522200,0x00522400,0x00522800,0x00522d00,0x00522e00,0x00523000,0x00528000,
	0x00529100,0x00529200,0x00529400,0x00529600,0x0052a000,0x0052a400,0x0052a800,0x0052aa00,
	0x0052c000,0x0052c200,0x0052c400,0x0052c600,0x0052d000,0x0052d200,0x0052d300,0x0052d800,
	0x0052ff00,0x00538a00,0x00538c00,0x00538e00,0x00539000,0x00539a00,0x00539c00,0x0053a000,
	0x0053aa00,0x0053ac00,0x0053ae00,0x0053b000,0x0053b900,0x0053e000,0x0053e800,0x0053f000,
	0x0053f300,0x0053f400,0x0053f500,0x00580000,0x00580200,0x00580300,0x00585100,0x00585200,
	0x00585400,0x00585800,0x00585d00,0x00585e00,0x00590000,0x00592000,0x00592500,0x00592600,
	0x00593000,0x00593200,0x00593300,0x00593800,0x00593d00,0x00593e00,0x00594000,0x00596a00,
	0x00596c00,0x00596e00,0x00596f00,0x00598000,0x005a2800,0x005a3000,0x005a3800,0x005a4000,
	0x005a6800,0x005a7000,0x005a7800,0x005b0000,0x005b2800,0x005b3000,0x005b3800,0x005b4000,
	0x005b6800,0x005b7000,0x005b7800,0x005c0000,0x005c8000,0x005c8400,0x005c8600,0x005c9000,
	0x005c9200,0x005c9400,0x005c9800,0x005c9c00,0x005c9e00,0x005c9f00,0x005ca000,0x005cc000,
	0x005ce000,0x005ce500,0x005ce600,0x005ce700,0x005ce800,0x005ce900,0x005cea00,0x005cec00,
	0x005e0000,0x005e2800,0x005e3000,0x005e3800,0x005e4000,0x005e5000,0x005e5200,0x005e5400,
	0x005e5600,0x005e5700,0x005e5800,0x005e6800,0x005e7000,0x005e7500,0x005e7600,0x005e7700,
	0x005f0000,0x005f0a00,0x005f0b00,0x005f2200,0x005f2400,0x005f2500,0x005f3100,0x005f3200,
	0x005f3400,0x005f3700,0x005f4000,0x005f6200,0x005f6400,0x005f6600,0x005f7000,0x005f7100,
	0x00615400,0x00615500,0x00615600,0x00615d00,0x00615e00,0x00615f00,0x00616000,0x00617500,
	0x00617600,0x00617700,0x00617800,0x00617d00,0x00617e00,0x00617f00,0x00618000,0x0061d500,
	0x0061d600,0x0061d700,0x0061d800,0x0061dd00,0x0061de00,0x0061df00,0x0061e000,0x0061f500,
	0x0061f600,0x0061f700,0x0061f800,0x0061fd00,0x0061fe00,0x0061ff00,0x00620000,0x00620a00,
	0x00620c00,0x00620e00,0x00621000,0x00621a00,0x00621c00,0x00621e00,0x00624000,0x00624a00,
	0x00624c00,0x00624e00,0x00625000,0x00625a00,0x00625c00,0x00625e00,0x00630000,0x00630a00,
	0x00630c00,0x00630e00,0x00631000,0x00631a00,0x00631c00,0x00631e00,0x00634000,0x00634a00,
	0x00634c00,0x00634e00,0x00635000,0x00635500,0x00635600,0x00635700,0x00635800,0x00635a00,
	0x00635c00,0x00635d00,0x00635e00,0x00635f00,0x00636000,0x00637500,0x00637600,0x00637700,
	0x00637800,0x00637d00,0x00637e00,0x00637f00,0x00638000,0x0063d500,0x0063d600,0x0063d700,
	0x0063d800,0x0063dd00,0x0063de00,0x0063df00,0x0063e000,0x0063f500,0x0063f600,0x0063f700,
	0x0063f800,0x0063fd00,0x0063fe00,0x0063ff00,0x00640000,0x00640100,0x00640400,0x00640500,
	0x00640600,0x00640700,0x00640a00,0x00640b00,0x00640d00,0x00640e00,0x00640f00,0x00641000,
	0x00641800,0x00641900,0x00641a00,0x00641b00,0x00642000,0x00642400,0x00642600,0x00642700,
	0x00642800,0x00643000,0x00643100,0x00643200,0x00643300,0x00643500,0x00643600,0x00643700,
	0x00643900,0x00643a00,0x00643b00,0x00643c00,0x00643d00,0x00643e00,0x00643f00,0x00644000,
	0x00646a00,0x00646b00,0x00648000,0x00649400,0x00649800,0x00649d00,0x00649e00,0x00649f00,
	0x0064a000,0x0064b500,0x0064b600,0x0064c000,0x0064c100,0x0064c200,0x0064c400,0x0064c600,
	0x0064c800,0x0064d000,0x0064d800,0x0064d900,0x0064da00,0x0064dc00,0x0064df00,0x0064e200,
	0x0064e300,0x0064e800,0x0064f000,0x0064fa00,0x0064fc00,0x00650000,0x0065a000,0x0065a400,
	0x0065a800,0x0065ad00,0x0065ae00,0x0065af00,0x00660000,0x00667700,0x00667800,0x00667d00,
	0x00668000,0x0066cf00,0x0066d000,0x0066d100,0x0066d200,0x0066d300,0x0066e000,0x0066e500,
	0x0066e800,0x0066e900,0x0066ea00,0x0066eb00,0x00670000,0x00670200,0x00670300,0x00670500,
	0x00670600,0x00670700,0x00670800,0x00670900,0x00670a00,0x00670b00,0x00670c00,0x00670e00,
	0x00671000,0x00671a00,0x00671c00,0x00671e00,0x00674000,0x00674a00,0x00674c00,0x00674e00,
	0x00675000,0x00675a00,0x00675c00,0x00675e00,0x00680000,0x00695500,0x00695600,0x00695700,
	0x00695800,0x00695d00,0x00696000,0x00696900,0x00696d00,0x00696e00,0x00696f00,0x00697000,
	0x00697100,0x00697200,0x00697400,0x00697800,0x00697900,0x00697a00,0x00697b00,0x00697f00,
	0x00698000,0x00699500,0x00699800,0x00699c00,0x00699e00,0x0069b700,0x0069b800,0x0069bd00,
	0x0069be00,0x0069bf00,0x0069c000,0x0069c100,0x0069c200,0x0069c300,0x0069c500,0x0069c600,
	0x0069c700,0x0069c800,0x0069ca00,0x0069cb00,0x0069d000,0x0069d100,0x0069d200,0x0069d300,
	0x0069d400,0x0069d800,0x0069da00,0x0069db00,0x0069dd00,0x0069de00,0x0069df00,0x0069e000,
	0x0069e100,0x0069e200,0x0069e300,0x0069f300,0x0069f500,0x0069f600,0x0069f700,0x0069f800,
	0x0069f900,0x0069fa00,0x0069fb00,0x0069fd00,0x0069fe00,0x006a0000,0x006b1500,0x006b1600,
	0x006b1700,0x006b1800,0x006b1d00,0x006b1e00,0x006b1f00,0x006b2000,0x006b3500,0x006b3600,
	0x006b3700,0x006b3800,0x006b3d00,0x006b3e00,0x006b4000,0x006b5100,0x006b5200,0x006b5400,
	0x006b5800,0x006b5d00,0x006b5e00,0x006b5f00,0x006b6000,0x006b8000,0x006b9100,0x006b9500,
	0x006b9600,0x006b9700,0x006b9800,0x006b9d00,0x006ba000,0x006bbd00,0x006bbe00,0x006bbf00,
	0x006bc000,0x006bc830,0x006bc840,0x006bc890,0x006bc898,0x006bc89c,0x006bc8a0,0x006bc8b4,
	0x006bc8b8,0x006bc8bc,0x006bc8c0,0x006bc8e0,0x006bc8f0,0x006bca40,0x006bca48,0x006bca4c,
	0x006bca54,0x006bca58,0x006bca60,0x006bca64,0x006bca80,0x006bcac0,0x006bcad0,0x006bcae0,
	0x006bcae8,0x006bcb20,0x006bcb24,0x006bcb28,0x006bcb2c,0x006bcb80,0x006bcb88,0x006bcb8c,
	0x006bcba0,0x006bcbb4,0x006bcbb8,0x006bcbc8,0x006bcbd0,0x006bcbdc,0x006bcc00,0x006bce68,
	0x006bce70,0x006bce84,0x006bced0,0x006bced8,0x006bcedc,0x006bcee0,0x006bceec,0x006be14c,
	0x006be160,0x006be164,0x006be168,0x006be170,0x006be174,0x006be400,0x006be40c,0x006be410,
	0x006be414,0x006be420,0x006be428,0x006bf500,0x006bf600,0x006c0000,0x006c0800,0x006c0900,
	0x006c0a00,0x006c0b00,0x006c1700,0x006c1800,0x006c1d00,0x006c2000,0x006c2300,0x006e2800,
	0x006e2900,0x006e2a00,0x006e2c00,0x006e8000,0x006e8400,0x006e8800,0x006e8d00,0x006e8e00,
	0x006e8f00,0x006ea000,0x006ea500,0x006ea600,0x006ea700,0x006ea800,0x006eaa00,0x006eab00,
	0x006ead00,0x006eae00,0x006eaf00,0x00700000,0x00720a00,0x00720c00,0x00720e00,0x00721000,
	0x00721a00,0x00721c00,0x00721e00,0x00724000,0x00724a00,0x00724c00,0x00724e00,0x00725000,
	0x00725a00,0x00725c00,0x00725e00,0x00730000,0x00730a00,0x00730c00,0x00730e00,0x00731000,
	0x00731a00,0x00731c00,0x00731e00,0x00734000,0x00734a00,0x00734c00,0x00734e00,0x00735000,
	0x00735a00,0x00735c00,0x00735e00,0x00740000,0x00760a00,0x00760c00,0x00760e00,0x00761000,
	0x00761a00,0x00761c00,0x00761e00,0x00764000,0x00764a00,0x00764c00,0x00764e00,0x00765000,
	0x00765a00,0x00765c00,0x00765e00,0x00770000,0x00770a00,0x00770c00,0x00770e00,0x00771000,
	0x00771a00,0x00771c00,0x00771e00,0x00774000,0x00774a00,0x00774c00,0x00774e00,0x00775000,
	0x00775a00,0x00775c00,0x00775e00,0x00800000,0x00c11500,0x00c11800,0x00c11d00,0x00c11e00,
	0x00c11f00,0x00c12000,0x00c13500,0x00c13600,0x00c13700,0x00c13800,0x00c13d00,0x00c13e00,
	0x00c13f00,0x00c14100,0x00c14200,0x00c14300,0x00c14a00,0x00c14b00,0x00c16200,0x00c16300,
	0x00c16800,0x00c16900,0x00c16a00,0x00c16b00,0x00c18000,0x00c19500,0x00c19600,0x00c19700,
	0x00c19800,0x00c19d00,0x00c19e00,0x00c19f00,0x00c1a000,0x00c1b500,0x00c1b600,0x00c1c000,
	0x00c1c100,0x00c1c200,0x00c1c300,0x00c1c838,0x00c1c83c,0x00c1c884,0x00c1c888,0x00c1c88c,
	0x00c1c894,0x00c1c898,0x00c1c8a0,0x00c1c8a4,0x00c1c8a8,0x00c1c8ac,0x00c1c8c0,0x00c1c8e0,
	0x00c1c8f4,0x00c1ca04,0x00c1ca08,0x00c1ca10,0x00c1ca20,0x00c1ca30,0x00c1ca50,0x00c1ca60,
	0x00c1ca64,0x00c20000,0x00c34000,0x00c38000,0x00c3c100,0x00c3c200,0x00c3c300,0x00c3c800,
	0x00c3c900,0x00c3ca00,0x00c3cb00,0x00c3e000,0x00c3e400,0x00c3e800,0x00c3ec00,0x00c40400,
	0x00c40600,0x00c40700,0x00c40800,0x00c40d00,0x00c40e00,0x00c40f00,0x00c42000,0x00c42500,
	0x00c42600,0x00c42d00,0x00c42e00,0x00c43000,0x00c43a00,0x00c43b00,0x00c48000,0x00c48500,
	0x00c48600,0x00c48700,0x00c48800,0x00c48d00,0x00c48e00,0x00c48f00,0x00c49400,0x00c49800,
	0x00c49b00,0x00c49c00,0x00c4a000,0x00c4b500,0x00c4b600,0x00c4b700,0x00c4b800,0x00c4bd00,
	0x00c4be00,0x00c4bf00,0x00c60000,0x00c61500,0x00c61600,0x00c61700,0x00c61800,0x00c64000,
	0x00c64100,0x00c64200,0x00c64300,0x00c64800,0x00c65000,0x00c65a00,0x00c65c00,0x00c66000,
	0x00c67400,0x00c67800,0x00c67d00,0x00c67e00,0x00c67f00,0x00c68000,0x00c6d500,0x00c6d800,
	0x00c6dc00,0x00c6e000,0x00c6f300,0x00c6fa00,0x00c70000,0x00c78800,0x00c78900,0x00c78a00,
	0x00c78c00,0x00c7a000,0x00c7a200,0x00c7a400,0x00c7a800,0x00c7ad00,0x00c7ae00,0x00c7b000,
	0x00c80000,0x00c94400,0x00c94800,0x00c94d00,0x00c94e00,0x00c94f00,0x00c96000,0x00c96500,
	0x00c96600,0x00c96700,0x00c96800,0x00c96d00,0x00c98000,0x00c9c400,0x00c9c800,0x00c9cd00,
	0x00c9ce00,0x00c9cf00,0x00c9e000,0x00c9e500,0x00c9e600,0x00c9e700,0x00c9e800,0x00c9ed00,
	0x00c9ee00,0x00c9ef00,0x00ca0000,0x00cb4500,0x00cb4600,0x00cb4700,0x00cb4800,0x00cb5000,
	0x00cb6000,0x00cb7000,0x00cb8000,0x00cbd000,0x00cbe000,0x00cbf000,0x00cc5000,0x00cc5100,
	0x00cc5200,0x00cc5300,0x00cc5900,0x00cc5a00,0x00cd05d0,0x00cd05e0,0x00cd05f0,0x00cd0600,
	0x00cd0750,0x00cd0760,0x00cd0770,0x00cd0780,0x00cd07c4,0x00cd07c8,0x00cd07cc,0x00cd07e0,
	0x00cd07e4,0x00cd07e8,0x00cd07f0,0x00cd0800,0x00cd0d50,0x00cd0d58,0x00cd0d5c,0x00cd0d60,
	0x00cd0d74,0x00cd0d78,0x00cd1000,0x00cd1080,0x00cd10c0,0x00cd1200,0x00cd1240,0x00cd1280,
	0x00cd1288,0x00cd128c,0x00cd12a0,0x00cd12b0,0x00cd12b8,0x00cd12bc,0x00cd1300,0x00cd1800,
	0x00cd1814,0x00cd1818,0x00cd181c,0x00cd1820,0x00cd1828,0x00cd182c,0x00cd1840,0x00cd186c,
	0x00cd1874,0x00cd1878,0x00cd1880,0x00cd1884,0x00cd1888,0x00cd188c,0x00cd18a0,0x00cd18a4,
	0x00cd18a8,0x00cd18b0,0x00cd18c0,0x00cd18c4,0x00cd1900,0x00cd1980,0x00cd1988,0x00cd198c,
	0x00cd1990,0x00cd19a0,0x00cd19a4,0x00cd19a8,0x00cd19ac,0x00cd19b0,0x00cd1a00,0x00cd1a14,
	0x00cd1a18,0x00cd1a1c,0x00cd1a20,0x00cd1a40,0x00cd1a68,0x00cd1a6c,0x00cd1a80,0x00cd1ac4,
	0x00cd1ac8,0x00cd1acc,0x00cd1ae0,0x00cd1af0,0x00cd1af8,0x00cd1afc,0x00cd1b10,0x00cd1b20,
	0x00cd1b30,0x00cd1b40,0x00cd1b80,0x00cd1b90,0x00cd1ba0,0x00cd1ba4,0x00cd1ba8,0x00cd1bac,
	0x00cd1bc0,0x00cd2000,0x00cd3054,0x00cd3058,0x00cd305c,0x00cd3060,0x00cd3074,0x00cd3078,
	0x00cd3100,0x00cd3104,0x00cd3108,0x00cd310c,0x00cd3120,0x00cd3124,0x00cd3128,0x00cd312c,
	0x00cd3140,0x00cd3180,0x00cd31c0,0x00cd3200,0x00cd3300,0x00cd3400,0x00cd3600,0x00cd3700,
	0x00cd3800,0x00cd3c00,0x00cd3d00,0x00cd3e00,0x00cd4000,0x00cd8000,0x00cd9500,0x00cd9600,
	0x00cd9700,0x00cd9800,0x00cdc000,0x00cdca00,0x00cdcb00,0x00cde000,0x00cde100,0x00cde200,
	0x00cde300,0x00cde800,0x00cdec00,0x00ce0000,0x00cf4400,0x00cf4800,0x00cf4d00,0x00cf6000,
	0x00cf6400,0x00cf6800,0x00cf6d00,0x00cf6e00,0x00cf6f00,0x00cf8000,0x00cfc500,0x00cfc600,
	0x00cfd000,0x00cfd800,0x00cfd900,0x00cfda00,0x00cfdb00,0x00cfe000,0x00cff400,0x00cff600,
	0x00d00000,0x00daaa00,0x00daac00,0x00daae00,0x00dab000,0x00e00000,0x00e15100,0x00e15200,
	0x00e15300,0x00e15800,0x00e15900,0x00e15a00,0x00e15b00,0x00e16000,0x00e17100,0x00e17200,
	0x00e17300,0x00e17800,0x00e17900,0x00e17a00,0x00e17b00,0x00e18000,0x00e1d100,0x00e1e000,
	0x00e1e700,0x00e1e800,0x00e1ed00,0x00e20000,0x00e31d00,0x00e32000,0x00e33100,0x00e33200,
	0x00e33300,0x00e34000,0x00e34100,0x00e351f4,0x00e35200,0x00e35350,0x00e35360,0x00e35370,
	0x00e35380,0x00e3539c,0x00e353a0,0x00e353ac,0x00e353c0,0x00e353d0,0x00e353f0,0x00e353f4,
	0x00e353f8,0x00e353fc,0x00e35400,0x00e354a0,0x00e354a4,0x00e354a8,0x00e354ac,0x00e35600,
	0x00e35604,0x00e35608,0x00e3560c,0x00e35620,0x00e35630,0x00e35638,0x00e3563c,0x00e35680,
	0x00e356b8,0x00e358bc,0x00e358c0,0x00e358cc,0x00e358d0,0x00e358d4,0x00e358d8,0x00e358dc,
	0x00e358ec,0x00e358f0,0x00e35900,0x00e35904,0x00e35908,0x00e35910,0x00e35920,0x00e3592c,
	0x00e35950,0x00e35954,0x00e359f4,0x00e359f8,0x00e359fc,0x00e35a14,0x00e35a18,0x00e35a1c,
	0x00e35a20,0x00e35a34,0x00e35a38,0x00e35a40,0x00e35a80,0x00e35ac0,0x00e35ae0,0x00e35ae4,
	0x00e35b54,0x00e35b60,0x00e35b6c,0x00e35b80,0x00e35bb4,0x00e35bb8,0x00e35bbc,0x00e35c00,
	0x00e35c04,0x00e35c08,0x00e35c0c,0x00e35c20,0x00e35c24,0x00e35c28,0x00e35c2c,0x00e35c80,
	0x00e35c8c,0x00e37040,0x00e37068,0x00e3706c,0x00e37080,0x00e370d0,0x00e370d8,0x00e37100,
	0x00e37110,0x00e37120,0x00e37124,0x00e38000,0x00e39000,0x00e3a000,0x00e3a500,0x00e3a600,
	0x00e3a700,0x00e3a800,0x00e3ad00,0x00e80000,0x00e8dd00,0x00e8de00,0x00e8df00,0x00e8e000,
	0x00e8f500,0x00e8f800,0x00e8f900,0x00e8fa00,0x00e8fb00,0x00e90000,0x00e90400,0x00e90800,
	0x00e90900,0x00e90a00,0x00e90b00,0x00e92000,0x00e92100,0x00e92200,0x00e92300,0x00e92800,
	0x00e92900,0x00ea0000,0x00ea5100,0x00ea5200,0x00ea5300,0x00ea5800,0x00ea5900,0x00ea5a00,
	0x00ea5b00,0x00ea6000,0x00ea7100,0x00ea7200,0x00ea7300,0x00ea7400,0x00ea7800,0x00ea7900,
	0x00ea7a00,0x00ea7b00,0x00ea7c00,0x00ea7e00,0x00ea7f00,0x00ea8000,0x00ead100,0x00ead200,
	0x00ead300,0x00ead400,0x00ead500,0x00ead600,0x00ead700,0x00ead800,0x00eadb00,0x00eae000,
	0x00eaf100,0x00eaf200,0x00eaf400,0x00eaf800,0x00eafc00,0x00ef9b00,0x00ef9c00,0x00ef9e00,
	0x00efa000,0x00efb400,0x00efb600,0x00efb700,0x00efb800,0x00efbc00,0x00efbe00,0x00efbf00,
	0x00efc000,0x00efc300,0x00efc400,0x00efc800,0x00efc900,0x00efca00,0x00efcb00,0x00efcd00,
	0x00efce00,0x00efcf00,0x00efdf00,0x00efe000,0x00efe400,0x00efe600,0x00efe700,0x00efe800,
	0x00efea00,0x00efec00,0x00efed00,0x00efee00,0x00eff000,0x00eff300,0x00f00000,0x00f01000,
	0x00f01200,0x00f01300,0x00f01800,0x00f01900,0x00f01a00,0x00f01b00,0x00f02000,0x00f03400,
	0x00f03800,0x00f03c00,0x00f03e00,0x00f03f00,0x00f08000,0x00f09500,0x00f09600,0x00f09700,
	0x00f09800,0x00f09d00,0x00f09e00,0x00f09f00,0x00f0a000,0x00f0b500,0x00f0b600,0x00f0c000,
	0x00f20000,0x00f24000,0x00f28000,0x00f2c000,0x00f2e000,0x00f2e400,0x00f2e800,0x00f2ec00,
	0x00f80000,0x00f84500,0x00f84600,0x00f84700,0x00f84800,0x00f85000,0x00f86000,0x00f87100,
	0x00f87200,0x00f87300,0x00f87800,0x00f87c00,0x00f88000,0x00f8d400,0x00f8d800,0x00f8dc00,
	0x00f8e000,0x00f8f400,0x00f8f800,0x00f8fc00,0x00fa0000,0x00fa2a00,0x00fa2b00,0x00fa3b00,
	0x00fa3c00,0x00fa3f00,0x00fa4000,0x00fa4700,0x00fa4800,0x00fa4c00,0x00fa5000,0x00fa5100,
	0x00fa6000,0x00fa6100,0x00fa6200,0x00fa6300,0x00fa8000,0x00fa8400,0x00fa8500,0x00fa8800,
	0x00fa8900,0x01000000,0x010a2200,0x010a2400,0x010a2800,0x010a3000,0x010a3800,0x010a3d00,
	0x010a3e00,0x010a4000,0x010a6a00,0x010a6c00,0x010a6e00,0x010a7000,0x010a7a00,0x010a7b00,
	0x010a7e00,0x010b0000,0x010b2800,0x010b2900,0x010b2a00,0x010b2c00,0x010b6a00,0x010b6c00,
	0x010b6d00,0x010b6e00,0x010b6f00,0x010b7000,0x010b7800,0x010b7c00,0x010b7e00,0x010c0000,
	0x010e2800,0x010e2900,0x010e2a00,0x010e2c00,0x010e2d00,0x010e3000,0x010e3800,0x010e4000,
	0x010e6a00,0x010e6c00,0x010e8000,0x010ed400,0x010ed600,0x010ed700,0x010ed800,0x010edd00,
	0x010ede00,0x010edf00,0x010ee000,0x010f0000,0x010f8600,0x010f8800,0x010f8900,0x010f9000,
	0x010f9200,0x010fa200,0x010fa400,0x010fa600,0x010fb000,0x010fb200,0x010fb400,0x010fb600,
	0x010fc000,0x010fc800,0x010fc900,0x010fca00,0x010fcb00,0x010fe000,0x010fe200,0x010fe500,
	0x010fe600,0x010ff000,0x010ff200,0x010ff300,0x010ff800,0x01100000,0x0119ff00,0x011a0000,
	0x011aaa00,0x011aac00,0x011aaf00,0x011ab000,0x011aba00,0x011abc00,0x011b5500,0x011b5600,
	0x011b5700,0x011b5800,0x011b5d00,0x011b5e00,0x011bbf00,0x011bc000,0x011bea00,0x011bec00,
	0x011bef00,0x011bf000,0x011bfa00,0x011bfc00,0x011bfe00,0x011c0000,0x011e0000,0x011e0100,
	0x011e0200,0x011e0400,0x011e0800,0x011e1000,0x011e1a00,0x011e1b00,0x011e2000,0x011e2200,
	0x011e2300,0x011e2800,0x011e2a00,0x011e3400,0x011e3800,0x011e3d00,0x011e3e00,0x011e4000,
	0x011e8000,0x011e8200,0x011e8300,0x011e8800,0x011e8c00,0x011e8e00,0x011e8f00,0x011ea000,
	0x011ea500,0x011ea600,0x011ea700,0x011ea800,0x011eaa00,0x011eac00,0x011ead00,0x011eae00,
	0x011eaf00,0x011eba00,0x011ebc00,0x011ebe00,0x011ec000,0x011ec200,0x011ec400,0x011ec600,
	0x011ed000,0x011ed800,0x011ed900,0x011eda00,0x011edc00,0x011ede00,0x011edf00,0x011ee000,
	0x011eea00,0x011eec00,0x011eee00,0x011ef000,0x011efa00,0x011efc00,0x011efe00,0x011f0000,
	0x011fa800,0x011fad00,0x011fae00,0x011fb000,0x011fba00,0x011fbc00,0x011fbe00,0x011fbf00,
	0x01200000,0x01220a00,0x01220c00,0x01220e00,0x01221000,0x01221a00,0x01221c00,0x01221e00,
	0x01224000,0x01224a00,0x01224c00,0x01224e00,0x01225000,0x01225a00,0x01225c00,0x01225e00,
	0x01230000,0x01230a00,0x01230c00,0x01230e00,0x01231000,0x01231a00,0x01231c00,0x01231e00,
	0x01234000,0x01234a00,0x01234c00,0x01234e00,0x01235000,0x01235a00,0x01235c00,0x01235e00,
	0x01236000,0x01237000,0x01238000,0x0123d000,0x0123e000,0x0123f000,0x01240000,0x01260a00,
	0x01260c00,0x01260e00,0x01261000,0x01261a00,0x01261c00,0x01261e00,0x01264000,0x01264a00,
	0x01264c00,0x01264e00,0x01265000,0x01265a00,0x01265c00,0x01265e00,0x01270000,0x01270a00,
	0x01270c00,0x01270e00,0x01271000,0x01271a00,0x01271c00,0x01271e00,0x01274000,0x01274a00,
	0x01274c00,0x01274e00,0x01275000,0x01275a00,0x01275c00,0x01275e00,0x01280000,0x01295000,
	0x01296000,0x01297000,0x01298000,0x0129d000,0x0129e000,0x0129f000,0x012a0000,0x012b5000,
	0x012b6000,0x012b7000,0x012b8000,0x012bd000,0x012be000,0x012bf000,0x01300000,0x01301400,
	0x01301600,0x01304000,0x01304a00,0x01304b00,0x01305500,0x01305600,0x01305f00,0x01310000,
	0x01310200,0x01310400,0x01310500,0x01320a00,0x01320c00,0x01320e00,0x01321000,0x01321a00,
	0x01321c00,0x01321e00,0x01324000,0x01324a00,0x01324c00,0x01324e00,0x01325000,0x01325a00,
	0x01325c00,0x01325e00,0x01330000,0x01330a00,0x01330c00,0x01330e00,0x01331000,0x01331a00,
	0x01331c00,0x01331e00,0x01334000,0x01334a00,0x01334c00,0x01334e00,0x01335000,0x01335a00,
	0x01335c00,0x01335e00,0x01340000,0x01351500,0x01351600,0x01351700,0x01351800,0x01351d00,
	0x01351e00,0x01354000,0x01354200,0x01354400,0x01354600,0x01355000,0x01355200,0x01355300,
	0x01355800,0x01356200,0x01356300,0x01356800,0x01356900,0x01356a00,0x01356c00,0x01358000,
	0x0135d000,0x0135d200,0x0135d400,0x0135d800,0x01360a00,0x01360c00,0x01360e00,0x01361000,
	0x01361a00,0x01361c00,0x01361e00,0x01364000,0x01364a00,0x01364c00,0x01364e00,0x01365000,
	0x01365a00,0x01365c00,0x01365e00,0x01370000,0x01370a00,0x01370c00,0x01370e00,0x01371000,
	0x01371a00,0x01371c00,0x01371e00,0x01374000,0x01374a00,0x01374c00,0x01374e00,0x01375000,
	0x01375a00,0x01375c00,0x01375e00,0x013e0e00,0x013e0f00,0x01400000,0x01563300,0x01563400,
	0x01563600,0x01563800,0x01563e00,0x01564000,0x01565d00,0x01566000,0x01566200,0x01566400,
	0x01566600,0x01568000,0x01568b00,0x01568c00,0x01568e00,0x0156a000,0x0156a500,0x0156a600,
	0x0156a700,0x0156a800,0x0156b000,0x0156ba00,0x0156bb00,0x01570000,0x01570800,0x01571000,
	0x01571600,0x01574000,0x01574200,0x01574400,0x01574600,0x01580000,0x015afb00,0x015afc00,
	0x015afe00,0x015b0000,0x015ba300,0x015ba400,0x015ba600,0x015bb000,0x015bb200,0x015bb400,
	0x015bb500,0x015bc000,0x015bdb00,0x015bdc00,0x015bde00,0x015be500,0x015be600,0x015c0000,
	0x015c1100,0x015c1200,0x015c1400,0x015c1500,0x015c3700,0x015c3800,0x015c3d00,0x015c3e00,
	0x015c3f00,0x015c4000,0x015c4100,0x015c4200,0x015c4300,0x015c4400,0x015c4600,0x015c4700,
	0x015c4800,0x015c4900,0x015c5000,0x015c5a00,0x015c5b00,0x015c5c00,0x015c5e00,0x015c8000,
	0x015c9300,0x015c9400,0x015c9500,0x015c9800,0x015c9d00,0x015c9e00,0x015c9f00,0x015ca000,
	0x015cc000,0x015ce100,0x015ce400,0x015ce800,0x015cec00,0x015ced00,0x015cee00,0x015cef00,
	0x015cf000,0x015cfa00,0x015cfb00,0x015d0000,0x015d0a00,0x015d0b00,0x015d2000,0x015d2100,
	0x015d2200,0x015d2300,0x015d2800,0x015d2900,0x015d2a00,0x015d2b00,0x015d8000,0x015d8400,
	0x015d8800,0x015d8c00,0x015da000,0x015da400,0x015da800,0x015dac00,0x015e0000,0x015e3900,
	0x015e3a00,0x015e3b00,0x015e3d00,0x015e3e00,0x015e4000,0x015e5100,0x015e5200,0x015e6a00,
	0x015e6c00,0x015e6e00,0x015e7000,0x015e7700,0x015e7800,0x015e7900,0x015e8000,0x015e8700,
	0x015e8800,0x015e8900,0x015f0000,0x015f0100,0x015f0800,0x015f0900,0x015f0a00,0x015f0c00,
	0x015f2000,0x015f2100,0x015f4000,0x015f6000,0x01600000,0x01600800,0x01601000,0x01601800,
	0x01604000,0x01604800,0x01605000,0x01605800,0x01605d00,0x01605e00,0x01608a00,0x01608c00,
	0x0160a000,0x0160c000,0x0160e200,0x0160e400,0x0160e600,0x0160f000,0x0160f200,0x0160f400,
	0x0160f500,0x01610000,0x01611b00,0x01611c00,0x01611e00,0x01612000,0x01614000,0x01614700,
	0x01615000,0x01615800,0x01615c00,0x01616000,0x01617d00,0x01618000,0x01619a00,0x01619c00,
	0x01619e00,0x0161c000,0x0161c900,0x0161d000,0x0161d100,0x01620a00,0x01620c00,0x01620e00,
	0x01621000,0x01621a00,0x01621c00,0x01621e00,0x01624000,0x01624a00,0x01624c00,0x01624e00,
	0x01625000,0x01625a00,0x01625c00,0x01625e00,0x01630000,0x01630a00,0x01630c00,0x01630e00,
	0x01631000,0x01631a00,0x01631c00,0x01631e00,0x01634000,0x01634a00,0x01634c00,0x01634e00,
	0x01635000,0x01635a00,0x01635c00,0x01635e00,0x01640000,0x01640400,0x01640600,0x01640700,
	0x01640800,0x01640d00,0x01641100,0x01641200,0x01641400,0x01641600,0x01642000,0x01642100,
	0x01644000,0x01644100,0x01645000,0x01645200,0x01645400,0x01645800,0x01650000,0x01650800,
	0x01650c00,0x01650e00,0x01651000,0x01651300,0x01651400,0x01651600,0x01651a00,0x01651b00,
	0x01652000,0x01654000,0x01654800,0x01654900,0x01654a00,0x01654b00,0x01654c00,0x01654e00,
	0x01655000,0x01655a00,0x01655b00,0x01655e00,0x01660a00,0x01660c00,0x01660e00,0x01661000,
	0x01661a00,0x01661c00,0x01661e00,0x01664000,0x01664a00,0x01664c00,0x01664e00,0x01665000,
	0x01665a00,0x01665c00,0x01665e00,0x01670000,0x01670a00,0x01670c00,0x01670e00,0x01671000,
	0x01671a00,0x01671c00,0x01671e00,0x01674000,0x01674a00,0x01674c00,0x01674e00,0x01675000,
	0x01675a00,0x01675c00,0x01675e00,0x01700000,0x01700a00,0x01700c00,0x01700e00,0x01701000,
	0x01701800,0x01704000,0x01704600,0x01705000,0x01705100,0x01720a00,0x01720c00,0x01720e00,
	0x01721000,0x01721a00,0x01721c00,0x01721e00,0x01724000,0x01724a00,0x01724c00,0x01724e00,
	0x01725000,0x01725a00,0x01725c00,0x01725e00,0x01730000,0x01730a00,0x01730c00,0x01730e00,
	0x01731000,0x01731a00,0x01731c00,0x01731e00,0x01734000,0x01734a00,0x01734c00,0x01734e00,
	0x01735000,0x01735a00,0x01735c00,0x01735e00,0x01740000,0x01760a00,0x01760c00,0x01760e00,
	0x01761000,0x01761a00,0x01761c00,0x01761e00,0x01764000,0x01764a00,0x01764c00,0x01764e00,
	0x01765000,0x01765a00,0x01765c00,0x01765e00,0x01766000,0x01767100,0x01767200,0x01767300,
	0x01767800,0x01767900,0x01767a00,0x01767b00,0x01768000,0x0176d100,0x0176d200,0x0176d300,
	0x0176d800,0x0176d900,0x0176da00,0x0176db00,0x0176e000,0x0176f100,0x0176f200,0x0176f300,
	0x0176f800,0x0176f900,0x0176fa00,0x0176fb00,0x01770000,0x01770a00,0x01770c00,0x01770e00,
	0x01771000,0x01771a00,0x01771c00,0x01771e00,0x01774000,0x01774a00,0x01774c00,0x01774e00,
	0x01775000,0x01775a00,0x01775c00,0x01775e00,0x01780000,0x017bbd00,0x017bc000,0x017bcf00,
	0x017bd000,0x017bd500,0x017bd800,0x017bd900,0x017be000,0x017be300,0x017c0000,0x017c5100,
	0x017c5200,0x017c5300,0x017c5800,0x017c5900,0x017c5a00,0x017c5b00,0x017c6000,0x017c7100,
	0x017c7200,0x017c7300,0x017c7800,0x017c7900,0x017c7a00,0x017c7b00,0x017c8000,0x017cd100,
	0x017cd200,0x017cd300,0x017cd800,0x017cd900,0x017cda00,0x017cdb00,0x017ce000,0x017cef00,
	0x017cf000,0x017cf100,0x017cf200,0x017cf300,0x017cf800,0x017cf900,0x017e0000,0x017e1d00,
	0x017e2000,0x017e2700,0x017e2800,0x017e2b00,0x017e3000,0x017e3100,0x017e4000,0x017e4300,
	0x017e5100,0x017e5200,0x017e5300,0x017e5800,0x017e5900,0x017e5a00,0x017e5b00,0x017e6000,
	0x017e7100,0x017e7200,0x017e7300,0x017e7800,0x017e7900,0x017e7a00,0x017e7b00,0x017e8000,
	0x017ed400,0x017ed600,0x017ed700,0x017ed800,0x017edd00,0x017ede00,0x017edf00,0x017ee000,
	0x017ef500,0x017ef800,0x017efc00,0x017f0000,0x017fa000,0x017fa100,0x017fa200,0x017fa400,
	0x017fa800,0x017fad00,0x017fae00,0x017faf00,0x01800000,0x01815000,0x01816000,0x01817000,
	0x01818000,0x0181d000,0x0181e000,0x0181f000,0x01820000,0x01835000,0x01836000,0x01837000,
	0x01838000,0x0183d000,0x0183e000,0x0183ed00,0x0183ee00,0x0183ef00,0x0183f000,0x0183f800,
	0x0183fc00,0x0183fe00,0x01840000,0x0186ae00,0x0186af00,0x01880000,0x01894400,0x01894800,
	0x01894c00,0x01896000,0x01896400,0x01896800,0x01896c00,0x01898000,0x0189bf00,0x0189c000,
	0x0189c100,0x0189c200,0x0189c300,0x0189c800,0x0189c900,0x0189ca00,0x0189cb00,0x018a0000,
	0x018b1500,0x018b1800,0x018b1c00,0x018b2000,0x018b3400,0x018b3800,0x018b3c00,0x018b8000,
	0x018b9100,0x018b9200,0x018b9300,0x018b9800,0x018b9900,0x018b9a00,0x018b9b00,0x018ba000,
	0x018bb100,0x018bb200,0x018bb300,0x018bb800,0x018bb900,0x018bba00,0x018bbb00,0x018c1400,
	0x018c1600,0x018c1700,0x018c1800,0x018c1d00,0x018c1e00,0x018c4000,0x018c6000,0x018c6100,
	0x018c6200,0x018c6300,0x018c6800,0x018c6c00,0x018c8000,0x018cc500,0x018cc600,0x018cc700,
	0x018cc800,0x018cd000,0x018ce000,0x018cf000,0x018cf200,0x018cf300,0x018cf800,0x018cf900,
	0x018cfa00,0x018cfc00,0x018e0000,0x018e5400,0x018e5800,0x018e5c00,0x018e6000,0x018e7400,
	0x018e7800,0x018e7c00,0x018e8000,0x018ed500,0x018ed600,0x018f0000,0x018f2000,0x018f2400,
	0x018f2600,0x018f3000,0x018f3200,0x018f3400,0x018f3600,0x018f4000,0x018f6800,0x018f7000,
	0x018f7800,0x018f7c00,0x018f7e00,0x018f8200,0x018f8300,0x018f8800,0x018f8c00,0x018fa000,
	0x018fa400,0x018fa800,0x018fac00,0x018fd500,0x018fd600,0x018fd700,0x018fd800,0x018fdd00,
	0x018fe000,0x018ff400,0x018ff600,0x018ff700,0x018ff800,0x018ffc00,0x01900000,0x019a8000,
	0x019a8100,0x019a8200,0x019a8400,0x019a8600,0x019a8700,0x019a8800,0x019a8d00,0x019a8e00,
	0x019a8f00,0x019aa000,0x019aa500,0x019aa600,0x019aa700,0x019aa800,0x019ab000,0x01a00000,
	0x01a11100,0x01a11200,0x01a11300,0x01a12000,0x01a12700,0x01a12800,0x01a12d00,0x01a12e00,
	0x01a12f00,0x01a18000,0x01a18500,0x01a18800,0x01a18c00,0x01a1a000,0x01a1a100,0x01a1a200,
	0x01a1a300,0x01a1a800,0x01a1a900,0x01a1aa00,0x01a1ab00,0x01a20000,0x01a30100,0x01a30200,
	0x01a30300,0x01a30800,0x01a30900,0x01a30a00,0x01a30b00,0x01a32000,0x01a32400,0x01a32800,
	0x01a32c00,0x01a38000,0x01a38400,0x01a38800,0x01a38d00,0x01a38e00,0x01a38f00,0x01a3a000,
	0x01a3b000,0x01a50400,0x01a50800,0x01a50c00,0x01a52000,0x01a52100,0x01a52200,0x01a52300,
	0x01a52800,0x01a52900,0x01a52a00,0x01a52b00,0x01a55400,0x01a55800,0x01a55c00,0x01a55e00,
	0x01a55f00,0x01a56000,0x01a57500,0x01a57600,0x01a57700,0x01a57800,0x01a57d00,0x01a57e00,
	0x01a58000,0x01a58400,0x01a58800,0x01a58d00,0x01a58e00,0x01a59000,0x01a5a000,0x01a5b000,
	0x01a5b800,0x01a5b900,0x01a5ba00,0x01a5bc00,0x01a5d700,0x01a5d800,0x01a5dd00,0x01a5de00,
	0x01a5df00,0x01a5e000,0x01a5f500,0x01a5f600,0x01a5f700,0x01a5f800,0x01a5fd00,0x01a5fe00,
	0x01a5ff00,0x01a72b38,0x01a72b40,0x01a72b74,0x01a72b78,0x01a72b7c,0x01a72b80,0x01a72b8c,
	0x01a72ba0,0x01a72ba4,0x01a72ba8,0x01a72bac,0x01a72bc4,0x01a72bc8,0x01a72bcc,0x01a72bd4,
	0x01a72c00,0x01a72e00,0x01a72e10,0x01a72e20,0x01a72e2c,0x01a72e80,0x01a72e84,0x01a72e88,
	0x01a72e8c,0x01a72ea0,0x01a72ea4,0x01a72ea8,0x01a72eac,0x01a74000,0x01a74800,0x01a74900,
	0x01a74a00,0x01a74b00,0x01a76000,0x01a76100,0x01a76200,0x01a76400,0x01a76800,0x01a76b00,
	0x01a78000,0x01a78104,0x01a78108,0x01a7810c,0x01a78120,0x01a78124,0x01a78128,0x01a7812c,
	0x01a78180,0x01a78184,0x01a78188,0x01a7818c,0x01a781a0,0x01a781a4,0x01a781a8,0x01a781b0,
	0x01a781f4,0x01a781f8,0x01a781fc,0x01a7827c,0x01a78280,0x01a782d4,0x01a782d8,0x01a782dc,
	0x01a782e0,0x01a782f0,0x01a78300,0x01a78304,0x01a78308,0x01a7830c,0x01a78320,0x01a78324,
	0x01a78344,0x01a78348,0x01a7834c,0x01a78360,0x01a78364,0x01a78368,0x01a7836c,0x01a78380,
	0x01a783c4,0x01a783c8,0x01a783cc,0x01a783e0,0x01a783e4,0x01a783e8,0x01a783ec,0x01a78400,
	0x01a78404,0x01a78850,0x01a78860,0x01a78870,0x01a78880,0x01a788d0,0x01a788e0,0x01a788f0,
	0x01a78944,0x01a78980,0x01a789c0,0x01a78a50,0x01a78a60,0x01a78a70,0x01a78a80,0x01a78ac4,
	0x01a78ac8,0x01a78ad0,0x01a78ae0,0x01a78ae4,0x01a78ae8,0x01a78aec,0x01a78b40,0x01a78b80,
	0x01a78bc0,0x01a78be0,0x01a78be4,0x01a7a044,0x01a7a048,0x01a7a04c,0x01a7a060,0x01a7a064,
	0x01a7a068,0x01a7a06c,0x01a7a080,0x01a7a0b4,0x01a7a0b8,0x01a7a0bc,0x01a7a0c0,0x01a7a0c4,
	0x01a7a13c,0x01a7a180,0x01a7a194,0x01a7a198,0x01a7a19c,0x01a7a1a0,0x01a7a1b4,0x01a7a1b8,
	0x01a7a1bc,0x01a7a214,0x01a7a218,0x01a7a21c,0x01a7a220,0x01a7a234,0x01a7a238,0x01a7a23c,
	0x01a7a280,0x01a7a294,0x01a7a298,0x01a7a29c,0x01a7a2a0,0x01a7a2b4,0x01a7a2b8,0x01a7a2bc,
	0x01a7a314,0x01a7a318,0x01a7a31c,0x01a7a320,0x01a7a334,0x01a7a338,0x01a7a340,0x01a7a380,
	0x01a7a3c0,0x01a7a3c8,0x01a7a3cc,0x01a7a3e0,0x01a7a3e4,0x01a7a3e8,0x01a7a3ec,0x01a7a840,
	0x01a7a848,0x01a7a84c,0x01a7a860,0x01a7a864,0x01a7a868,0x01a7a86c,0x01a7a880,0x01a7a8c4,
	0x01a7a8c8,0x01a7a8d0,0x01a7a8e0,0x01a7a8f0,0x01a7a950,0x01a7a960,0x01a7a970,0x01a7a980,
	0x01a7a9d0,0x01a7a9e0,0x01a7a9f0,0x01a7aa50,0x01a7aa60,0x01a7aa70,0x01a7aa80,0x01a7aad0,
	0x01a7aae0,0x01a7aae4,0x01a7aae8,0x01a7aaec,0x01a7ab50,0x01a7ab60,0x01a7ab70,0x01a7ab80,
	0x01a7abcc,0x01a7c100,0x01a7c200,0x01a7c300,0x01a7c800,0x01a7c900,0x01a7ca00,0x01a7cb00,
	0x01a7e000,0x01a7e100,0x01a7e200,0x01a7e300,0x01a7e800,0x01a7e900,0x01a7ea00,0x01a7eb00,
	0x01a80000,0x01a90f00,0x01a92000,0x01a92500,0x01a92600,0x01a92700,0x01a92800,0x01a92d00,
	0x01a92e00,0x01a92f00,0x01a98000,0x01a98500,0x01a98600,0x01a98700,0x01a98800,0x01a98d00,
	0x01a98e00,0x01a98f00,0x01a9a000,0x01a9a500,0x01a9a800,0x01a9ac00,0x01a9ae00,0x01a9af00,
	0x01aa0000,0x01aa7f00,0x01aa8000,0x01aad500,0x01aad800,0x01aadc00,0x01aae000,0x01aaed00,
	0x01aaf000,0x01aaf100,0x01aaf200,0x01aaf300,0x01aaf800,0x01aaf900,0x01aafa00,0x01aafc00,
	0x01ab0000,0x01ab0400,0x01ab0800,0x01ab0900,0x01ab0a00,0x01ab0b00,0x01ac60b8,0x01ac60c0,
	0x01ac60e8,0x01ac60ec,0x01ac6210,0x01ac6220,0x01ac6230,0x01ac6244,0x01ac6248,0x01ac624c,
	0x01ac6258,0x01ac625c,0x01ac6260,0x01ac6274,0x01ac6278,0x01ac627c,0x01ac6290,0x01ac62a0,
	0x01ac62b0,0x01ac62d4,0x01ac62d8,0x01ac6300,0x01ac6810,0x01ac6820,0x01ac6834,0x01ac6838,
	0x01ac683c,0x01ac6880,0x01ac68c0,0x01ac68e0,0x01ac68e4,0x01ac68e8,0x01ac68ec,0x01ac6904,
	0x01ac6908,0x01ac690c,0x01ac6920,0x01ac6930,0x01ac6980,0x01ac6994,0x01ac6998,0x01ac699c,
	0x01ac69a0,0x01ac69b4,0x01ac69b8,0x01ac69bc,0x01ac6a50,0x01ac6a60,0x01ac6a70,0x01ac6a78,
	0x01ac6a7c,0x01ac6a80,0x01ac6ad4,0x01ac6ad8,0x01ac6b00,0x01ac6b40,0x01ac6b80,0x01ac6b94,
	0x01ac6b98,0x01ac6b9c,0x01ac6ba0,0x01ac6ba8,0x01ac6f74,0x01ac6f78,0x01ac6f7c,0x01ac6f80,
	0x01ac6f94,0x01ac6f98,0x01ac6f9c,0x01ac6fa0,0x01ac6fb0,0x01ac6fc0,0x01ac6fc8,0x01ac7000,
	0x01ac7a00,0x01ac7a10,0x01ac7a18,0x01ac7a1c,0x01ac7a20,0x01ac7a34,0x01ac7a38,0x01ac7a3c,
	0x01ac7a80,0x01ac7a94,0x01ac7a98,0x01ac7a9c,0x01ac7aa0,0x01ac7ab4,0x01ac7ab8,0x01ac7abc,
	0x01acc510,0x01acc520,0x01acc534,0x01acc538,0x01acc53c,0x01acc580,0x01acc594,0x01acc598,
	0x01acc59c,0x01acc5a0,0x01acc5bc,0x01acc600,0x01acc714,0x01acc720,0x01acc72c,0x01acc77c,
	0x01acc780,0x01acc7d4,0x01acc7d8,0x01acc7dc,0x01acc7e0,0x01acc7f4,0x01accc5c,0x01accc60,
	0x01accc74,0x01accc78,0x01accc7c,0x01accc80,0x01acccd4,0x01acccd8,0x01acccdc,0x01accce0,
	0x01acccf4,0x01acccf8,0x01acccfc,0x01accd50,0x01accd60,0x01accd64,0x01accd68,0x01accd6c,
	0x01accd80,0x01accdc4,0x01accde0,0x01accde4,0x01accde8,0x01accdec,0x01acce54,0x01acce58,
	0x01acce5c,0x01acce60,0x01acce74,0x01acce80,0x01accebc,0x01accec0,0x01accecc,0x01accf44,
	0x01accf48,0x01accf4c,0x01accf80,0x01accfc0,0x01acd000,0x01acd014,0x01acd020,0x01acd02c,
	0x01acd080,0x01acd084,0x01acd088,0x01acd08c,0x01acd0a0,0x01acd0a4,0x01acd0a8,0x01acd0ac,
	0x01ace1fc,0x01ace200,0x01ace354,0x01ace358,0x01ace35c,0x01ace360,0x01ace374,0x01ace378,
	0x01ace37c,0x01ace380,0x01ace3d0,0x01ace3e0,0x01ace3f0,0x01ace400,0x01ace410,0x01ace420,
	0x01ace424,0x01ace428,0x01ace42c,0x01ace480,0x01ace484,0x01ace53c,0x01ace580,0x01ace594,
	0x01ace5a0,0x01ace5b0,0x01ace600,0x01ace6cc,0x01ace6d0,0x01ace6dc,0x01ace700,0x01ace70c,
	0x01ace94c,0x01ace960,0x01ace964,0x01ace968,0x01ace96c,0x01ace980,0x01ace9c4,0x01acea00,
	0x01aceb40,0x01aceb60,0x01aceb64,0x01aceb68,0x01aceb6c,0x01aceb80,0x01acebc4,0x01acebc8,
	0x01acebcc,0x01acebe0,0x01acebe4,0x01acebe8,0x01acebec,0x01acec14,0x01acec18,0x01acec1c,
	0x01acec20,0x01acec34,0x01acec38,0x01acec3c,0x01acec80,0x01acec94,0x01acec98,0x01acec9c,
	0x01aceca0,0x01acecb4,0x01acecb8,0x01acecc0,0x01acee00,0x01acee40,0x01acee48,0x01acee4c,
	0x01acee60,0x01acee64,0x01acee68,0x01acee6c,0x01acee80,0x01aceec4,0x01aceec8,0x01aceecc,
	0x01aceee0,0x01aceee4,0x01ad0044,0x01ad0048,0x01ad004c,0x01ad0060,0x01ad0064,0x01ad0068,
	0x01ad006c,0x01ad0080,0x01ad00c4,0x01ad00c8,0x01ad00cc,0x01ad00e0,0x01ad00e4,0x01ad00e8,
	0x01ad00ec,0x01ad0114,0x01ad0118,0x01ad011c,0x01ad0120,0x01ad0134,0x01ad0180,0x01ad0190,
	0x01ad01a0,0x01ad01b0,0x01ad01b8,0x01ad01bc,0x01ad0244,0x01ad0248,0x01ad024c,0x01ad0260,
	0x01ad0264,0x01ad0268,0x01ad026c,0x01ad0280,0x01ad02c4,0x01ad02c8,0x01ad02cc,0x01ad02e0,
	0x01ad02e4,0x01ad02e8,0x01ad02ec,0x01ad0314,0x01ad0318,0x01ad031c,0x01ad0320,0x01ad0334,
	0x01ad0338,0x01ad033c,0x01ad0380,0x01ad0394,0x01ad0398,0x01ad039c,0x01ad03a0,0x01ad03b0,
	0x01ad0844,0x01ad0848,0x01ad084c,0x01ad0860,0x01ad0864,0x01ad0868,0x01ad086c,0x01ad0880,
	0x01ad08c4,0x01ad08c8,0x01ad08cc,0x01ad0910,0x01ad0920,0x01ad0930,0x01ad0980,0x01ad0990,
	0x01ad09a0,0x01ad09b0,0x01ad0a14,0x01ad0a18,0x01ad0a1c,0x01ad0a20,0x01ad0a34,0x01ad0a80,
	0x01ad0a90,0x01ad0aa0,0x01ad0ab0,0x01ad0b0c,0x01ad0b20,0x01ad0b24,0x01ad0b28,0x01ad0b2c,
	0x01ad0b80,0x01ad0b84,0x01ad0b88,0x01ad0b8c,0x01ad2004,0x01ad2008,0x01ad200c,0x01ad2020,
	0x01ad2024,0x01ad2028,0x01ad2030,0x01ad205c,0x01ad2060,0x01ad2074,0x01ad2090,0x01ad20a0,
	0x01ad20b0,0x01ad20cc,0x01ad20e0,0x01ad20e4,0x01ad4100,0x01ad4200,0x01ad4300,0x01ad4700,
	0x01ad4800,0x01ad4900,0x01ad5000,0x01ad5200,0x01ad5400,0x01ad5500,0x01ad8000,0x01ad9d00,
	0x01ad9e00,0x01adb700,0x01adb800,0x01adbd00,0x01adbe00,0x01adbf00,0x01ae0000,0x01ae414c,
	0x01ae4160,0x01ae4164,0x01ae4168,0x01ae416c,0x01ae4180,0x01ae41c4,0x01ae4200,0x01ae4314,
	0x01ae4318,0x01ae431c,0x01ae4320,0x01ae4334,0x01ae4338,0x01ae433c,0x01ae4380,0x01ae4394,
	0x01ae4398,0x01ae439c,0x01ae43a0,0x01ae43b4,0x01ae43b8,0x01ae43bc,0x01ae4434,0x01ae4438,
	0x01ae443c,0x01ae4480,0x01ae4494,0x01ae4498,0x01ae449c,0x01ae44a0,0x01ae44b4,0x01ae44b8,
	0x01ae44bc,0x01ae4600,0x01ae4614,0x01ae4618,0x01ae4640,0x01ae4680,0x01ae469c,0x01ae46a0,
	0x01ae46b4,0x01ae4914,0x01ae4918,0x01ae491c,0x01ae4920,0x01ae4934,0x01ae4938,0x01ae493c,
	0x01ae4980,0x01ae4994,0x01ae4998,0x01ae499c,0x01ae49a0,0x01ae49b4,0x01ae49b8,0x01ae49bc,
	0x01ae4a00,0x01ae4b14,0x01ae4b18,0x01ae4b1c,0x01ae4b20,0x01ae4b40,0x01ae4b80,0x01ae4b98,
	0x01ae4ba0,0x01ae4bb0,0x01ae4bb8,0x01ae4bbc,0x01ae4c04,0x01ae4c08,0x01ae4c0c,0x01ae4c20,
	0x01ae4c24,0x01ae4c28,0x01ae4c2c,0x01ae4c80,0x01ae4c84,0x01ae4c88,0x01ae4c8c,0x01ae4ca0,
	0x01ae4ca4,0x01ae4ca8,0x01ae4cb0,0x01ae4e00,0x01ae4e10,0x01ae4e20,0x01ae4e30,0x01ae4e80,
	0x01ae4e8c,0x01ae4ea0,0x01ae4ea4,0x01ae4ea8,0x01ae4eac,0x01ae6114,0x01ae6118,0x01ae611c,
	0x01ae6120,0x01ae6134,0x01ae6138,0x01ae613c,0x01ae6180,0x01ae6194,0x01ae6198,0x01ae619c,
	0x01ae61a0,0x01ae61b4,0x01ae61b8,0x01ae61bc,0x01ae61d4,0x01ae61d8,0x01ae61dc,0x01ae61e0,
	0x01ae61f4,0x01ae61f8,0x01ae61fc,0x01ae6314,0x01ae6318,0x01ae631c,0x01ae6320,0x01ae6334,
	0x01ae6338,0x01ae633c,0x01ae6354,0x01ae6360,0x01ae6370,0x01ae6394,0x01ae6398,0x01ae639c,
	0x01ae63a0,0x01ae63b4,0x01ae63b8,0x01ae63bc,0x01ae63d0,0x01ae63e0,0x01ae63f0,0x01ae6914,
	0x01ae6918,0x01ae691c,0x01ae6920,0x01ae6934,0x01ae6938,0x01ae693c,0x01ae6950,0x01ae6960,
	0x01ae6970,0x01ae69c0,0x01ae69c4,0x01ae7bac,0x01ae7bb0,0x01ae7e68,0x01ae7e6c,0x01ae7ec0,
	0x01ae7ed0,0x01ae7ee0,0x01ae7ef0,0x01ae7ef4,0x01ae7f00,0x01aed104,0x01aed108,0x01aed10c,
	0x01aed114,0x01aed118,0x01aed120,0x01aed124,0x01aed128,0x01aed12c,0x01aed140,0x01aed148,
	0x01aed14c,0x01aed184,0x01aed188,0x01aed18c,0x01aed1a8,0x01aed1ac,0x01aed1c0,0x01aed1e4,
	0x01aed1f0,0x01aed304,0x01aed308,0x01aed30c,0x01aed350,0x01aed360,0x01aed400,0x01aed444,
	0x01aed448,0x01aed450,0x01aed454,0x01aed458,0x01aed45c,0x01aed464,0x01aed468,0x01aed46c,
	0x01aed474,0x01aed478,0x01aed47c,0x01aed4b0,0x01aed4b4,0x01aed4b8,0x01aed4c0,0x01aed4c4,
	0x01aed4c8,0x01aed4cc,0x01aed4d0,0x01aed4d8,0x01aed4dc,0x01aed4e0,0x01aed4f4,0x01aed5ac,
	0x01aed5c0,0x01aed5e0,0x01aed5e4,0x01aed5e8,0x01aed5ec,0x01aed600,0x01aed624,0x01aed628,
	0x01aed654,0x01aed658,0x01aed700,0x01aed704,0x01aed750,0x01aed760,0x01aed774,0x01aed778,
	0x01aed7e8,0x01aed7f0,0x01aed7f8,0x01aed7fc,0x01aed800,0x01aed874,0x01aed878,0x01aed87c,
	0x01aed880,0x01aed900,0x01aeda00,0x01aedb00,0x01aedb20,0x01aedb24,0x01aedb28,0x01aedb2c,
	0x01aedb80,0x01aedb84,0x01aedb88,0x01aedb8c,0x01aedba0,0x01aedba4,0x01aedba8,0x01aedbac,
	0x01aedc58,0x01aedc60,0x01aedd00,0x01aedd04,0x01aedd10,0x01aedd18,0x01aedd40,0x01aedd54,
	0x01aedd58,0x01aedd60,0x01aedd70,0x01aedd80,0x01aeddc4,0x01aedde0,0x01aeddf0,0x01aeddf8,
	0x01aeddfc,0x01aede00,0x01aedf54,0x01aedf58,0x01aedf5c,0x01aedf60,0x01aedfd4,0x01aedfd8,
	0x01aee000,0x01aef110,0x01aef120,0x01aef130,0x01aef180,0x01aef190,0x01aef1a0,0x01aef1b0,
	0x01aef200,0x01aef304,0x01aef308,0x01aef30c,0x01aef320,0x01aef324,0x01aef328,0x01aef32c,
	0x01aef380,0x01aef384,0x01aef3a8,0x01aef3ac,0x01aef800,0x01aef904,0x01aef908,0x01aef90c,
	0x01aef920,0x01aef924,0x01aef928,0x01aef92c,0x01aef980,0x01aef990,0x01aef9a0,0x01aef9b4,
	0x01aef9b8,0x01aef9bc,0x01aefa00,0x01aefb3c,0x01aefb80,0x01aefb94,0x01aefb98,0x01aefb9c,
	0x01aefba0,0x01aefbc0,0x01aefbe8,0x01aefbf0,0x01af0000,0x01af1500,0x01af1600,0x01af1700,
	0x01af1800,0x01af1d00,0x01af1e00,0x01af4000,0x01af6a00,0x01af6b00,0x01af8000,0x01af8280,
	0x01af8284,0x01af8288,0x01af828c,0x01af82a0,0x01af82a4,0x01af82a8,0x01af82ac,0x01af8800,
	0x01af8804,0x01af8a8c,0x01af8a90,0x01af8a98,0x01af8a9c,0x01af8aa0,0x01af8aac,0x01afa000,
	0x01afa004,0x01afa008,0x01afa00c,0x01afa018,0x01afa01c,0x01afa020,0x01afa034,0x01afa080,
	0x01afa090,0x01afa098,0x01afa09c,0x01afa0a0,0x01afa0b4,0x01afa0b8,0x01afa0c0,0x01afa200,
	0x01afa240,0x01afa248,0x01afa24c,0x01afa260,0x01afa264,0x01afa268,0x01afa26c,0x01afa280,
	0x01afa2c4,0x01afa800,0x01afa840,0x01afa880,0x01afa8c4,0x01afa8c8,0x01afa8cc,0x01afa8d4,
	0x01afa900,0x01afa980,0x01afa984,0x01afa988,0x01afa98c,0x01afaa00,0x01afaa58,0x01afaa5c,
	0x01afaa6c,0x01afaa74,0x01afaabc,0x01afaac8,0x01afaacc,0x01afaae0,0x01afaae4,0x01afab00,
	0x01afab40,0x01afab48,0x01afab4c,0x01afab60,0x01afab64,0x01afab80,0x01afab88,0x01afab90,
	0x01afaba0,0x01afc100,0x01afc200,0x01afc400,0x01afc800,0x01afcc00,0x01afce00,0x01afcf00,
	0x01afe000,0x01afe500,0x01afe600,0x01afe700,0x01afe800,0x01aff000,0x01b00000,0x01b01000,
	0x01b02000,0x01b03100,0x01b03200,0x01b03300,0x01b03800,0x01b03900,0x01b03a00,0x01b03b00,
	0x01b08000,0x01b09100,0x01b09200,0x01b09300,0x01b09800,0x01b09c00,0x01b0a000,0x01b0b400,
	0x01b0b800,0x01b0bc00,0x01b20000,0x01b20800,0x01b20900,0x01b20a00,0x01b20c00,0x01b21400,
	0x01b21800,0x01b21c00,0x01b21f00,0x01b22000,0x01b22500,0x01b22600,0x01b23000,0x01b23500,
	0x01b23600,0x01b23700,0x01b23800,0x01b23d00,0x01b23e00,0x01b23f00,0x01b28000,0x01b29100,
	0x01b29200,0x01b29300,0x01b29500,0x01b29600,0x01b29700,0x01b29800,0x01b29c00,0x01b29d00,
	0x01b2a000,0x01b2af00,0x01b2b000,0x01b2b400,0x01b2b800,0x01b2ba00,0x01bebd00,0x01bebf00,
	0x01bec000,0x01bee800,0x01bee900,0x01beea00,0x01beeb00,0x01c5fa00,0x01c60000,0x01c67f00,
	0x01c68000,0x01c6b300,0x01c6b400,0x01c6b600,0x01c6c000,0x01c6ca00,0x01c6d000,0x01c6d100,
	0x01c6e800,0x01c6ec00,0x01c70000,0x01c71d00,0x01c72000,0x01c72600,0x01c72800,0x01c72900,
	0x01c74000,0x01c74300,0x01c74400,0x01c74500,0x01c80000,0x01cc0500,0x01cc0600,0x01cc0700,
	0x01cc0800,0x01cc0d00,0x01cc0e00,0x01cc0f00,0x01cc1100,0x01cc1200,0x01cc1300,0x01cc1800,
	0x01cc1900,0x01cc1a00,0x01cc1b00,0x01cc2000,0x01cc2500,0x01cc2600,0x01cc2700,0x01cc2800,
	0x01cc2d00,0x01cc2e00,0x01cc2f00,0x01cc3100,0x01cc3200,0x01cc3300,0x01cc3800,0x01cc3900,
	0x01cc8000,0x01cc8500,0x01cc8600,0x01cc9000,0x01cca000,0x01ccad00,0x01ccae00,0x01ccaf00,
	0x01cd0000,0x01cd0800,0x01cd0900,0x01cd0a00,0x01cd0c00,0x01cd2000,0x01cd2500,0x01cd2600,
	0x01cd3000,0x01cd3200,0x01cd3400,0x01cd3800,0x01cd4000,0x01cd5d00,0x01cd5e00,0x01cd5f00,
	0x01cd6000,0x01cd6800,0x01cd6900,0x01cd6a00,0x01cd6c00,0x01cd6d00,0x01cd7000,0x01cd7200,
	0x01cd7400,0x01cd7500,0x01ce0000,0x01ce0500,0x01ce0600,0x01ce0700,0x01ce0800,0x01ce0c00,
	0x01ce2000,0x01ce2400,0x01ce2600,0x01ce2700,0x01ce2800,0x01ce2900,0x01ce2a00,0x01ce2b00,
	0x01ce2d00,0x01ce8000,0x01ce8100,0x01ce8200,0x01ce8300,0x01ce8400,0x01ce8800,0x01ce8c00,
	0x01cea000,0x01cea400,0x01cea800,0x01ceac00,0x01cef4c8,0x01cef4d0,0x01cef4d8,0x01cef4dc,
	0x01cef4e0,0x01cef4f4,0x01cef4f8,0x01cef4fc,0x01cef614,0x01cef620,0x01cef634,0x01cef638,
	0x01cef63c,0x01cef654,0x01cef658,0x01cef65c,0x01cef660,0x01cef674,0x01cef678,0x01cef67c,
	0x01cef694,0x01cef698,0x01cef6c0,0x01cef6d4,0x01cef6d8,0x01cef6dc,0x01cef6e0,0x01cef6e8,
	0x01cef6f0,0x01cef6f4,0x01cfbec8,0x01cfbed0,0x01cfbed4,0x01cfbf00,0x01cfbf38,0x01cfbf3c,
	0x01cfbf80,0x01cfbf94,0x01cfbf98,0x01cfbf9c,0x01cfbfa0,0x01cfbfc0,0x01cfbfe0,0x01cfbfe4,
	0x01cfbfe8,0x01cfbfec,0x01d00000,0x01d06e00,0x01d07000,0x01d07300,0x01d07400,0x01d07500,
	0x01d07d00,0x01d07e00,0x01d07f00,0x01d08000,0x01d08f00,0x01d09000,0x01d09700,0x01d09800,
	0x01d09900,0x01d0a000,0x01d0a100,0x01d0d500,0x01d0d600,0x01d0d700,0x01d0d800,0x01d0dc00,
	0x01d0df00,0x01d0e000,0x01d0f100,0x01d0f200,0x01d0f300,0x01d0f800,0x01d0f900,0x01d10000,
	0x01d10700,0x01d10800,0x01d10b00,0x01d11000,0x01d11100,0x01d12000,0x01d12100,0x01d12200,
	0x01d12300,0x01d12800,0x01d12c00,0x01d18000,0x01d18400,0x01d18600,0x01d18700,0x01d18800,
	0x01d18a00,0x01d18c00,0x01d18d00,0x01d1a000,0x01d1a500,0x01d1a600,0x01d1a700,0x01d1a800,
	0x01d1ad00,0x01d1ae00,0x01d1af00,0x01d20000,0x01d23d00,0x01d23e00,0x01d23f00,0x01d24000,
	0x01d24b00,0x01d24c00,0x01d24e00,0x01d25000,0x01d25a00,0x01d25b00,0x01d25d00,0x01d25e00,
	0x01d25f00,0x01d28000,0x01d28b00,0x01d29000,0x01d29500,0x01d29600,0x01d29700,0x01d29800,
	0x01d29900,0x01d29a00,0x01d29b00,0x01d29c00,0x01d2a000,0x01d2a100,0x01d2a200,0x01d2a300,
	0x01d2a800,0x01d2a900,0x01d2aa00,0x01d2ab00,0x01d2ac00,0x01d2b100,0x01d2b200,0x01d2b300,
	0x01d2b800,0x01d2b900,0x01d30000,0x01d30500,0x01d30600,0x01d30800,0x01d30900,0x01d30a00,
	0x01d30b00,0x01d31000,0x01d31a00,0x01d31b00,0x01d32000,0x01d32400,0x01d32600,0x01d33000,
	0x01d33100,0x01d33200,0x01d33300,0x01d33800,0x01d33900,0x01d33a00,0x01d33b00,0x01d38000,
	0x01d39100,0x01d39200,0x01d39300,0x01d39800,0x01d39900,0x01d39a00,0x01d39c00,0x01d3a000,
	0x01d3b400,0x01d3b800,0x01d3bc00,0x01d3be00,0x01d3bf00,0x01d45500,0x01d45600,0x01d45700,
	0x01d45800,0x01d50000,0x01d50500,0x01d50600,0x01d50700,0x01d50800,0x01d50a00,0x01d50b00,
	0x01d50d00,0x01d50e00,0x01d51000,0x01d51a00,0x01d51b00,0x01d52000,0x01d52400,0x01d52600,
	0x01d52700,0x01d52800,0x01d53000,0x01d53100,0x01d53200,0x01d53400,0x01d53800,0x01d53c00,
	0x01d53e00,0x01d53f00,0x01d58000,0x01d59000,0x01d59200,0x01d59300,0x01d59500,0x01d59600,
	0x01d59700,0x01d59800,0x01d59900,0x01d59a00,0x01d59b00,0x01d59c00,0x01d59d00,0x01d59e00,
	0x01d5c000,0x01d5c200,0x01d5c300,0x01d5c800,0x01d5c900,0x01d5ca00,0x01d5cb00,0x01d5cc00,
	0x01d5e000,0x01d5e400,0x01d5e500,0x01d5e600,0x01d5e700,0x01d5e800,0x01d5e900,0x01d5ed00,
	0x01d5ee00,0x01d5ef00,0x01d60000,0x01d74000,0x01d74200,0x01d74300,0x01d74500,0x01d74600,
	0x01d74800,0x01d74900,0x01d74a00,0x01d74b00,0x01d75000,0x01d75200,0x01d75300,0x01d75800,
	0x01d75900,0x01d75a00,0x01d75b00,0x01d76000,0x01d76100,0x01d76200,0x01d76300,0x01d76400,
	0x01d76800,0x01d76900,0x01d76c00,0x01d76f00,0x01d77000,0x01d77100,0x01d77200,0x01d77400,
	0x01d78000,0x01d79d00,0x01d79e00,0x01d79f00,0x01d7a000,0x01d7b500,0x01d7b800,0x01d7bb00,
	0x01d80000,0x01d80500,0x01d80600,0x01d80700,0x01d80800,0x01d80d00,0x01d80e00,0x01d81200,
	0x01d81300,0x01d81800,0x01d81900,0x01d82104,0x01d82108,0x01d8210c,0x01d82114,0x01d82118,
	0x01d8211c,0x01d82130,0x01d82134,0x01d82138,0x01d82140,0x01d8214c,0x01d82150,0x01d82164,
	0x01d82168,0x01d8216c,0x01d82174,0x01d82178,0x01d8217c,0x01d82190,0x01d821a0,0x01d821b4,
	0x01d821b8,0x01d821bc,0x01d821c0,0x01d821c4,0x01d821d4,0x01d821d8,0x01d821dc,0x01d821e0,
	0x01d821f4,0x01d821f8,0x01d821fc,0x01d82314,0x01d82318,0x01d8233c,0x01d82354,0x01d82358,
	0x01d8235c,0x01d82360,0x01d82374,0x01d82378,0x01d8237c,0x01d8238c,0x01d823a0,0x01d823a4,
	0x01d823a8,0x01d823ac,0x01d823d4,0x01d823d8,0x01d823dc,0x01d823e0,0x01d823f4,0x01d8275c,
	0x01d82760,0x01d82770,0x01d82780,0x01d827c4,0x01d827c8,0x01d827d0,0x01d827e0,0x01d827f0,
	0x01d82800,0x01d82854,0x01d82860,0x01d82870,0x01d82878,0x01d8287c,0x01d82880,0x01d828d4,
	0x01d828d8,0x01d828f0,0x01d82900,0x01d82904,0x01d82950,0x01d82960,0x01d8296c,0x01d82980,
	0x01d829c4,0x01d829c8,0x01d829cc,0x01d829e0,0x01d829e4,0x01d829e8,0x01d829ec,0x01d82a44,
	0x01d82a48,0x01d82a4c,0x01d82a74,0x01d82ac0,0x01d82acc,0x01d82b00,0x01d82b1c,0x01d82b40,
	0x01d82b44,0x01d82d50,0x01d82d60,0x01d82d74,0x01d82d78,0x01d82d7c,0x01d82d80,0x01d82dd4,
	0x01d82dd8,0x01d82ddc,0x01d82de0,0x01d82df4,0x01d82df8,0x01d82dfc,0x01d82e00,0x01d82f50,
	0x01d82f60,0x01d82f64,0x01d82f80,0x01d82fc0,0x01d82fc8,0x01d82fd0,0x01d82fe0,0x01d82ff0,
	0x01d83000,0x01d832a0,0x01d832a4,0x01d832a8,0x01d832ac,0x01d83800,0x01d83804,0x01d83808,
	0x01d83810,0x01d83820,0x01d83830,0x01d83838,0x01d8383c,0x01d83880,0x01d838c0,0x01d83a00,
	0x01d83a3c,0x01d83a80,0x01d83a90,0x01d83aa0,0x01d83ab4,0x01d83ab8,0x01d83abc,0x01d83e78,
	0x01d83e7c,0x01d83ecc,0x01d83f00,0x01d83fa8,0x01d83fac,0x01d88550,0x01d88560,0x01d8856c,
	0x01d88580,0x01d885bc,0x01d885c0,0x01d885d0,0x01d885e0,0x01d885e8,0x01d88600,0x01d88714,
	0x01d88718,0x01d8871c,0x01d88720,0x01d88734,0x01d88738,0x01d8873c,0x01d88774,0x01d88778,
	0x01d8877c,0x01d88790,0x01d887a0,0x01d887a4,0x01d887a8,0x01d887ac,0x01d887c4,0x01d88d04,
	0x01d88d08,0x01d88d0c,0x01d88d14,0x01d89000,0x01d89014,0x01d89018,0x01d8901c,0x01d89020,
	0x01d89030,0x01d89080,0x01d89090,0x01d890a0,0x01d890a4,0x01d890a8,0x01d890ac,0x01d89414,
	0x01d89418,0x01d8941c,0x01d89420,0x01d89434,0x01d89438,0x01d8943c,0x01d89480,0x01d894c0,
	0x01d89504,0x01d89508,0x01d8950c,0x01d89520,0x01d89524,0x01d89528,0x01d8952c,0x01d89580,
	0x01d89584,0x01d89588,0x01d8958c,0x01d895a0,0x01d895a4,0x01d895a8,0x01d895ac,0x01d89644,
	0x01d89648,0x01d89650,0x01d89660,0x01d89674,0x01d89678,0x01d8967c,0x01d89680,0x01d896d4,
	0x01d896d8,0x01d896dc,0x01d896e0,0x01d89700,0x01d89710,0x01d89720,0x01d89730,0x01d89780,
	0x01d8978c,0x01d897a0,0x01d897a4,0x01d8a67c,0x01d8a680,0x01d8a6d0,0x01d8a6e0,0x01d8a6e4,
	0x01d8a6e8,0x01d8a6ec,0x01d8a700,0x01d8a738,0x01d8a73c,0x01d8a768,0x01d8a770,0x01d8a778,
	0x01d8a784,0x01d8a788,0x01d8a78c,0x01d8a790,0x01d8a794,0x01d8a798,0x01d8a79c,0x01d8a7a0,
	0x01d8a800,0x01d8ac44,0x01d8ac48,0x01d8ac4c,0x01d8ac60,0x01d8ac70,0x01d8ac80,0x01d8acc4,
	0x01d8acc8,0x01d8accc,0x01d8ace0,0x01d8ace4,0x01d8ace8,0x01d8acec,0x01d8ad5c,0x01d8ad60,
	0x01d8ad74,0x01d8ad78,0x01d8ad7c,0x01d8ad80,0x01d8add0,0x01d8ade0,0x01d8adf4,0x01d8adf8,
	0x01d8adfc,0x01d8ae44,0x01d8ae48,0x01d8ae4c,0x01d8ae60,0x01d8ae70,0x01d8ae80,0x01d8aed0,
	0x01d8aee0,0x01d8aef0,0x01d8af54,0x01d8af60,0x01d8afd4,0x01d8afe0,0x01d8aff0,0x01d8aff8,
	0x01d8affc,0x01d8b20c,0x01d8b210,0x01d8b220,0x01d8b234,0x01d91500,0x01d91600,0x01d91700,
	0x01d91800,0x01d94000,0x01d96000,0x01d96100,0x01d96200,0x01d96300,0x01d96800,0x01d96900,
	0x01d96a00,0x01d96b00,0x01d98000,0x01d9c100,0x01d9c200,0x01d9c300,0x01d9c800,0x01d9cc00,
	0x01d9ce00,0x01d9d000,0x01d9da00,0x01d9dc00,0x01d9de00,0x01d9e000,0x01d9e400,0x01d9e800,
	0x01d9ec00,0x01da0000,0x01da044c,0x01da0480,0x01da04c0,0x01da04c8,0x01da04d0,0x01da04e0,
	0x01da04f4,0x01da04f8,0x01da0500,0x01da053c,0x01da0540,0x01da0544,0x01da0550,0x01da0554,
	0x01da0580,0x01da058c,0x01db4400,0x01db4800,0x01db4900,0x01db4a00,0x01db4b00,0x01db6000,
	0x01db6100,0x01db6200,0x01db6300,0x01db6800,0x01db6900,0x01db6a00,0x01db6b00,0x01db8000,
	0x01db9f00,0x01dba000,0x01dbb500,0x01dbb800,0x01dbbc00,0x01dbc000,0x01dbc100,0x01dbca00,
	0x01dbcb00,0x01dbe000,0x01dbe400,0x01dbe800,0x01dbec00,0x01dbee00,0x01dbef00,0x01dc0000,
	0x01dc2d00,0x01dc2e00,0x01dc2f00,0x01dc3000,0x01dc3300,0x01dc3400,0x01dc3600,0x01dc4000,
	0x01dc4e00,0x01dc5000,0x01dc5700,0x01dc5800,0x01dc5900,0x01dc8000,0x01dc8500,0x01dc8600,
	0x01dc8700,0x01dc8800,0x01dc8a00,0x01dc8c00,0x01dc8d00,0x01dc8e00,0x01dc8f00,0x01dca000,
	0x01dca500,0x01dca600,0x01dca700,0x01dca800,0x01dcad00,0x01dcae00,0x01dcb000,0x01dd0000,
	0x01dd0200,0x01de0000,0x01de1100,0x01de1200,0x01de1300,0x01de1800,0x01de1c00,0x01de1e00,
	0x01de1f00,0x01de2000,0x01de3500,0x01de3600,0x01de4000,0x01de6800,0x01de6900,0x01de6a00,
	0x01de6b00,0x01de8000,0x01dec400,0x01dec600,0x01dec700,0x01dec800,0x01decd00,0x01dece00,
	0x01ded000,0x01dee000,0x01def100,0x01def200,0x01def300,0x01def800,0x01defc00,0x01defe00,
	0x01deff00,0x01e00000,0x01e40500,0x01e40600,0x01e40700,0x01e40800,0x01e41000,0x01e41a00,
	0x01e41b00,0x01e42000,0x01e43400,0x01e43600,0x01e44000,0x01e46800,0x01e46900,0x01e46a00,
	0x01e46c00,0x01e46e00,0x01e47000,0x01e48000,0x01e4d100,0x01e4d200,0x01e4d300,0x01e4d800,
	0x01e4d900,0x01e4da00,0x01e4dc00,0x01e4e000,0x01e4f400,0x01e4f800,0x01e4fc00,0x01e4fd00,
	0x01e4fe00,0x01e4ff00,0x01e50000,0x01e51440,0x01e51468,0x01e5146c,0x01e51480,0x01e514d4,
	0x01e514d8,0x01e51500,0x01e51544,0x01e51548,0x01e51550,0x01e51560,0x01e51574,0x01e51578,
	0x01e5157c,0x01e51580,0x01e515a0,0x01e515a4,0x01e515a8,0x01e515b0,0x01e515c4,0x01e515c8,
	0x01e515cc,0x01e515e0,0x01e515e4,0x01e515e8,0x01e515ec,0x01e51710,0x01e51718,0x01e5171c,
	0x01e51720,0x01e51734,0x01e51738,0x01e51740,0x01e51744,0x01e51748,0x01e51750,0x01e51760,
	0x01e51774,0x01e60000,0x01e6ff00,0x01e70000,0x01e70200,0x01e70300,0x01e70800,0x01e70b00,
	0x01e72000,0x01e72400,0x01e72600,0x01e72700,0x01e72800,0x01e72d00,0x01e72e00,0x01e73000,
	0x01e73600,0x01e73800,0x01e73b00,0x01e74000,0x01e76200,0x01e76300,0x01e76800,0x01e76900,
	0x01e76a00,0x01e76b00,0x01e78000,0x01e78d00,0x01e79100,0x01e79200,0x01e79400,0x01e79600,
	0x01e79700,0x01e79800,0x01e7a000,0x01e7a100,0x01e7a200,0x01e7a300,0x01e7c000,0x01e7c100,
	0x01e7c200,0x01e7c300,0x01e7c800,0x01e7cc00,0x01e7e000,0x01e7e500,0x01e7e600,0x01e7f000,
	0x01e7f200,0x01e7f300,0x01e7f700,0x01e7f800,0x01e7f900,0x01e7fa00,0x01e7fb00,0x01e80000,
	0x01e9b300,0x01e9b400,0x01e9b500,0x01e9b600,0x01e9b700,0x01e9b800,0x01e9b900,0x01e9c000,
	0x01e9ca00,0x01e9d000,0x01e9d300,0x01e9d400,0x01e9d600,0x01e9e400,0x01e9f400,0x01e9f500,
	0x01ea0000,0x01eaf500,0x01eaf600,0x01eaf700,0x01eaf800,0x01eafd00,0x01eb0000,0x01eb0d00,
	0x01eb0e00,0x01eb0f00,0x01eb1000,0x01eb1100,0x01eb1400,0x01eb1800,0x01eb1c00,0x01eb2000,
	0x01eb2400,0x01eb2800,0x01eb2900,0x01eb2a00,0x01eb2b00,0x01eb3400,0x01eb3800,0x01eb3c00,
	0x01eb3e00,0x01eb3f00,0x01eb7f00,0x01eb9300,0x01eb9500,0x01eb9600,0x01eb9c00,0x01eb9d00,
	0x01eba000,0x01eba700,0x01eba800,0x01ebad00,0x01ebae00,0x01ebaf00,0x01ebc000,0x01ebc100,
	0x01ebd100,0x01ebd200,0x01ebd300,0x01ebd800,0x01ebd900,0x01ebda00,0x01ebdb00,0x01ebe000,
	0x01ebf100,0x01ec0000,0x01ec2e00,0x01ec3000,0x01ec3800,0x01ec3c00,0x01ec3e00,0x01ec3f00,
	0x01ec4000,0x01ec4d00,0x01ec4e00,0x01ec4f00,0x01ec5000,0x01ec5200,0x01ec5400,0x01ec5500,
	0x01ec5600,0x01ec5700,0x01ec5800,0x01ec6000,0x01ec6300,0x01ec6400,0x01ec6500,0x01ec6a00,
	0x01ec6b00,0x01ec6e00,0x01ec6f00,0x01ec7000,0x01ec7a00,0x01ec7c00,0x01ec8000,0x01ec8200,
	0x01ec8400,0x01ec8500,0x01ec8800,0x01ec8d00,0x01ec8e00,0x01ec8f00,0x01ec9400,0x01ec9800,
	0x01ec9c00,0x01eca000,0x01ecb000,0x01ecb100,0x01ecb500,0x01ecb600,0x01ecc000,0x01ecd500,
	0x01ecd600,0x01ecd700,0x01ecd800,0x01ecda00,0x01ece000,0x01ece800,0x01ece900,0x01ecea00,
	0x01eceb00,0x01ecf000,0x01ed0000,0x01ed0a00,0x01ed0b00,0x01ed2000,0x01ed2100,0x01ed2200,
	0x01ed2300,0x01ed2400,0x01ed2800,0x01ed2c00,0x01ed2d00,0x01ed2e00,0x01ed3000,0x01ed4d00,
	0x01ed4e00,0x01ed4f00,0x01ed6000,0x01ed6500,0x01ed6600,0x01ed6700,0x01ed6800,0x01ed6d00,
	0x01ed6e00,0x01ed6f00,0x01ed8000,0x01ed8200,0x01ed9100,0x01ed9200,0x01ed9400,0x01ed9600,
	0x01edc000,0x01edc200,0x01edc400,0x01edc800,0x01edcd00,0x01edce00,0x01edcf00,0x01ede000,
	0x01ede500,0x01ede600,0x01edf000,0x01edfa00,0x01edfb00,0x01ee0000,0x01ee1d00,0x01ee2000,
	0x01ee2700,0x01ee2800,0x01ee2b00,0x01ee2c00,0x01ee2d00,0x01ee3000,0x01ee3100,0x01ee3200,
	0x01ee3300,0x01ee3800,0x01ee3900,0x01ee3a00,0x01ee3b00,0x01ee4000,0x01ee4200,0x01ee4400,
	0x01ee4500,0x01ee4600,0x01ee4700,0x01ee4800,0x01ee4c00,0x01ee4d00,0x01ee4e00,0x01ee4f00,
	0x01ee5b00,0x01ee5c00,0x01ee6000,0x01ee6500,0x01ee6600,0x01ee6700,0x01ee6800,0x01ee6b00,
	0x01ee6d00,0x01ee6e00,0x01ee6f00,0x01ee7100,0x01ee7200,0x01ee7300,0x01ee7400,0x01ee7800,
	0x01ee7a00,0x01ee7b00,0x01ee7c00,0x01ee8000,0x01ee9100,0x01ee9200,0x01ee9300,0x01ee9800,
	0x01ee9900,0x01ee9a00,0x01ee9b00,0x01eea000,0x01eeb400,0x01eeb800,0x01eebd00,0x01eebe00,
	0x01eebf00,0x01eec400,0x01eec500,0x01eec600,0x01eec800,0x01eecc00,0x01eed100,0x01eed200,
	0x01eed300,0x01eeda00,0x01eedb00,0x01eedf00,0x01eee000,0x01eee400,0x01eee500,0x01eee600,
	0x01eee700,0x01eee800,0x01eeec00,0x01eef100,0x01eef200,0x01eef400,0x01eef500,0x01eef600,
	0x01eef700,0x01eef800,0x01ef0000,0x01ef2f00,0x01ef3000,0x01ef3a00,0x01ef3b00,0x01ef3f00,
	0x01ef4000,0x01ef4f00,0x01ef5000,0x01ef5100,0x01ef5200,0x01ef5400,0x01ef5800,0x01ef5c00,
	0x01ef6000,0x01ef6400,0x01ef6800,0x01ef6900,0x01ef7300,0x01ef7700,0x01ef7800,0x01ef7900,
	0x01ef7a00,0x01ef7b00,0x01ef7f00,0x01ef8000,0x01ef8500,0x01ef8600,0x01ef8700,0x01ef8800,
	0x01ef8a00,0x01ef8d00,0x01ef8e00,0x01ef9000,0x01ef9e00,0x01ef9f00,0x01efa000,0x01efb100,
	0x01efb200,0x01efb400,0x01efb800,0x01efbc00,0x01efc000,0x01efd400,0x01efd500,0x01efd600,
	0x01efd700,0x01efd800,0x01efdc00,0x01efe000,0x01efe300,0x01efe500,0x01efe600,0x01efe700,
	0x01efe800,0x01efe900,0x01efea00,0x01efeb00,0x01efee00,0x01eff000,0x01eff400,0x01eff800,
	0x01eff900,0x01f00000,0x01f0b700,0x01f0b800,0x01f0bb00,0x01f0c000,0x01f0df00,0x01f0e000,
	0x01f0e800,0x01f0e900,0x01f0ea00,0x01f0eb00,0x01f0f500,0x01f0f600,0x01f0f700,0x01f0f800,
	0x01f0fd00,0x01f0fe00,0x01f0ff00,0x01f10000,0x01f11000,0x01f12000,0x01f12500,0x01f12600,
	0x01f12700,0x01f12800,0x01f12d00,0x01f14500,0x01f14600,0x01f14700,0x01f14800,0x01f14d00,
	0x01f16000,0x01f16400,0x01f16800,0x01f16900,0x01f18000,0x01f18100,0x01f19500,0x01f19800,
	0x01f19900,0x01f1a000,0x01f1a500,0x01f1a800,0x01f1ab00,0x01f20000,0x01f20c00,0x01f22000,
	0x01f22100,0x01f22a00,0x01f22b00,0x01f24100,0x01f24200,0x01f24300,0x01f24800,0x01f24c00,
	0x01f25500,0x01f25800,0x01f25c00,0x01f26000,0x01f26400,0x01f26800,0x01f26c00,0x01f27400,
	0x01f27800,0x01f27900,0x01f28000,0x01f28100,0x01f28200,0x01f28300,0x01f28800,0x01f28900,
	0x01f28a00,0x01f28c00,0x01f2a000,0x01f2a100,0x01f2a400,0x01f2a600,0x01f2a700,0x01f2a800,
	0x01f2b000,0x01f2b800,0x01f2c000,0x01f2c400,0x01f2c800,0x01f2cc00,0x01f2d000,0x01f2d700,
	0x01f2d800,0x01f2dc00,0x01f2e000,0x01f2e400,0x01f2e500,0x01f2e600,0x01f2e700,0x01f2e800,
	0x01f2ec00,0x01f2ed00,0x01f2ee00,0x01f2ef00,0x01f2f400,0x01f2f800,0x01f2fc00,0x01f30000,
	0x01f30100,0x01f30200,0x01f30300,0x01f30800,0x01f30900,0x01f30a00,0x01f30b00,0x01f32000,
	0x01f32100,0x01f32200,0x01f32300,0x01f3ee00,0x01f3f000,0x01f3fa00,0x01f3fc00,0x01f3fe00,
	0x01f40000,0x01f45500,0x01f45600,0x01f50000,0x01f50a00,0x01f50b00,0x01f52000,0x01f52100,
	0x01f52200,0x01f52400,0x01f52800,0x01f52c00,0x01f58000,0x01f58100,0x01f58200,0x01f58300,
	0x01f58800,0x01f58900,0x01f58a00,0x01f58b00,0x01f5f300,0x01f5f400,0x01f60000,0x01f67700,
	0x01f67800,0x01f67d00,0x01f67e00,0x01f67f00,0x01f68000,0x01f6aa00,0x01f6ac00,0x01f6ae00,
	0x01f6b000,0x01f6b800,0x01f6b900,0x01f6ba00,0x01f6bc00,0x01f6d500,0x01f6d600,0x01f6d700,
	0x01f6d800,0x01f6dd00,0x01f6de00,0x01f6df00,0x01f6e000,0x01f6f400,0x01f6f800,0x01f6fc00,
	0x01f80000,0x01f84500,0x01f84600,0x01f84800,0x01f84900,0x01f84a00,0x01f84b00,0x01f85000,
	0x01f85400,0x01f85800,0x01f85b00,0x01f86000,0x01f86100,0x01f86800,0x01f86900,0x01f86d00,
	0x01f86e00,0x01f86f00,0x01f87000,0x01f87800,0x01f88000,0x01f89200,0x01f89300,0x01f89600,
	0x01f89800,0x01f89c00,0x01f8a000,0x01f8b400,0x01f8b800,0x01f8b900,0x01f8ba00,0x01f8bb00,
	0x01f8c500,0x01f8c600,0x01f8d000,0x01f8d800,0x01f8d900,0x01f8da00,0x01f90000,0x01f90f00,
	0x01f91000,0x01f91500,0x01f91800,0x01f91a00,0x01f91b00,0x01f92000,0x01f92300,0x01f92800,
	0x01f92900,0x01f92a00,0x01f92b00,0x01f92d00,0x01f92e00,0x01f92f00,0x01f98000,0x01f98400,
	0x01f98800,0x01f98900,0x01f98a00,0x01f98b00,0x01f9a000,0x01f9a100,0x01f9a200,0x01f9a400,
	0x01f9a800,0x01f9aa00,0x01f9ab00,0x01f9ba00,0x01f9bc00,0x01f9be00,0x01f9bf00,0x01f9f500,
	0x01f9f600,0x01f9f700,0x01f9f800,0x01f9f900,0x01fa0000,0x01fa0b00,0x01fa0c00,0x01fa0d00,
	0x01fa1000,0x01fa1100,0x01fa2800,0x01fa2900,0x01fa2a00,0x01fa2c00,0x01fa5500,0x01fa5600,
	0x01fa5700,0x01fa5800,0x01fa5d00,0x01fa6000,0x01fa6b00,0x01fa6c00,0x01fa6d00,0x01fa7000,
	0x01fa7100,0x01fa8000,0x01fa8400,0x01fa8600,0x01fa8700,0x01fa8800,0x01fa8d00,0x01fa8e00,
	0x01fa9000,0x01fa9600,0x01fa9800,0x01fa9900,0x01fac400,0x01fac800,0x01facc00,0x01face00,
	0x01facf00,0x01fade00,0x01fb0000,0x01fb0400,0x01fb0500,0x01fb1500,0x01fb1600,0x01fb1700,
	0x01fb1800,0x01fb4000,0x01fb4f00,0x01fb6000,0x01fb6100,0x01fb6200,0x01fb6300,0x01fb8000,
	0x01fb8a00,0x01fb9000,0x01fb9300,0x01fb9400,0x01fb9500,0x01fc0000,0x01fc1400,0x01fc1600,
	0x01fc1700,0x01fc1800,0x01fc1c00,0x01fc2000,0x01fc3400,0x01fc3800,0x01fc3900,0x01fc3a00,
	0x01fc3b00,0x01fc4000,0x01fc4800,0x01fc4900,0x01fc4a00,0x01fc4c00,0x01fc4e00,0x01fc5000,
	0x01fc5400,0x01fc5800,0x01fc5c00,0x01fc8000,0x01fc8600,0x01fc8800,0x01fc8b00,0x01fc9000,
	0x01fc9100,0x02000200,0x02000400,0x02000600,0x02001000,0x02001200,0x02001400,0x02001600,
	0x02004000,0x02004200,0x02004400,0x02004600,0x02005000,0x02005200,0x02005400,0x02005600,
	0x02010000,0x02010200,0x02010400,0x02010600,0x02011000,0x02011200,0x02011400,0x02011600,
	0x02014000,0x02014200,0x02014400,0x02014600,0x02015000,0x02015200,0x02015400,0x02015600,
	0x02040000,0x02040200,0x02040400,0x02040600,0x02041000,0x02041200,0x02041400,0x02041600,
	0x02044000,0x02044200,0x02044400,0x02044600,0x02045000,0x02045200,0x02045400,0x02045600,
	0x02050000,0x02050200,0x02050400,0x02050600,0x02051000,0x02051200,0x02051400,0x02051600,
	0x02054000,0x02054200,0x02054400,0x02054600,0x02055000,0x02055200,0x02055400,0x02055600,
	0x02100000,0x02100200,0x02100400,0x02100600,0x02101000,0x02101200,0x02101400,0x02101600,
	0x02104000,0x02104200,0x02104400,0x02104600,0x02105000,0x02105200,0x02105400,0x02105600,
	0x02110000,0x02110200,0x02110400,0x02110600,0x02111000,0x02111200,0x02111400,0x02111600,
	0x02114000,0x02114200,0x02114400,0x02114600,0x02115000,0x02115200,0x02115400,0x02115600,
	0x02140000,0x02140200,0x02140400,0x02140600,0x02141000,0x02141200,0x02141400,0x02141600,
	0x02144000,0x02144200,0x02144400,0x02144600,0x02145000,0x02145200,0x02145400,0x02145600,
	0x02150000,0x02150200,0x02150400,0x02150600,0x02151000,0x02151200,0x02151400,0x02151600,
	0x02154000,0x02154200,0x02154400,0x02154600,0x02155000,0x02156000,0x02157000,0x02157500,
	0x02157600,0x02157700,0x02157800,0x02157a00,0x021daf00,0x021db000,0x021db500,0x021db600,
	0x021dc000,0x021dce00,0x021dd000,0x021dd300,0x021dd800,0x021dd900,0x021de000,0x021de700,
	0x021de900,0x021dea00,0x021e0000,0x021e5f00,0x021e6000,0x021e6f00,0x021e7000,0x021e7100,
	0x021e7200,0x021e7300,0x021e8000,0x021ec500,0x021ec800,0x021ecd00,0x021ece00,0x021ecf00,
	0x021ee000,0x021ee500,0x021ee600,0x021ee700,0x021ee800,0x021eec00,0x021f0000,0x021f0300,
	0x021f3700,0x021f3800,0x021f3d00,0x021f3e00,0x021f3f00,0x021f4000,0x021f4b00,0x021f4c00,
	0x021f6100,0x021f7000,0x021f7100,0x021f7400,0x021f7600,0x021f7700,0x021f7800,0x021f7d00,
	0x021f7e00,0x021f7f00,0x021f9400,0x021f9800,0x021f9b00,0x021f9c00,0x021fa000,0x021fb100,
	0x021fb200,0x021fb300,0x021fb800,0x021fb900,0x021fba00,0x021fbb00,0x021fc000,0x021fe000,
	0x02200000,0x0231f500,0x0231f800,0x0231f900,0x0231fa00,0x0231fc00,0x0231ff00,0x02320000,
	0x02335400,0x02335500,0x02335600,0x02335700,0x02335800,0x02335900,0x02335a00,0x02335b00,
	0x02335c00,0x02336000,0x02336f00,0x02337100,0x02337200,0x02337300,0x02337800,0x02337900,
	0x02338000,0x0233c500,0x0233c600,0x0233c700,0x0233c800,0x0233cc00,0x0233d000,0x0233d700,
	0x0233d800,0x0233d900,0x0233e000,0x0233e400,0x0233e800,0x0233e900,0x0233ea00,0x0233eb00,
	0x0233ed1c,0x0233ed20,0x0233ed30,0x0233ed40,0x0233ed68,0x0233ed6c,0x0233ed84,0x0233ed88,
	0x0233ed8c,0x0233eda0,0x0233eda4,0x0233edbc,0x0233edc0,0x0233edc4,0x0233edc8,0x0233edcc,
	0x0233ede0,0x0233ede4,0x0233ee54,0x0233ee58,0x0233ee5c,0x0233ee60,0x0233ee74,0x0233ee78,
	0x0233ef00,0x0233ef14,0x0233ef20,0x0233ef24,0x02340000,0x02340f00,0x02341000,0x02341800,
	0x02341c00,0x02341e00,0x02342000,0x02342500,0x02342800,0x02342900,0x02342a00,0x02342b00,
	0x02342c00,0x02343700,0x02343800,0x02343d00,0x02344000,0x02344300,0x02344800,0x02344900,
	0x02348000,0x02348100,0x02348200,0x02348300,0x02348800,0x02348900,0x02348a00,0x02348b00,
	0x02349300,0x02349800,0x02349900,0x02349a00,0x02349b00,0x0234a000,0x0234ad00,0x0234ae00,
	0x0234af00,0x02351000,0x02351200,0x02351300,0x02351800,0x02351900,0x02351a00,0x02351af4,
	0x02351af8,0x02351afc,0x02351b00,0x02352000,0x02353054,0x02353058,0x0235305c,0x02353060,
	0x02353074,0x02353078,0x0235307c,0x02353080,0x023530d4,0x023530d8,0x023530dc,0x023530e0,
	0x02353100,0x0235310a,0x0235310b,0x02353120,0x02353121,0x02353122,0x02353123,0x02353128,
	0x02353129,0x0235312a,0x0235312b,0x02353180,0x02353181,0x02353182,0x02353183,0x02353188,
	0x02353189,0x0235318a,0x0235318b,0x023531a0,0x023531a1,0x023531a2,0x023531a3,0x023531a8,
	0x023531a9,0x023531aa,0x023531ab,0x02353200,0x0235327c,0x02353280,0x023532d0,0x023532e0,
	0x023532f0,0x023532f8,0x02353300,0x02353301,0x02353302,0x02353303,0x02353308,0x02353309,
	0x0235330a,0x0235330b,0x02353320,0x02353321,0x02353322,0x02353323,0x02353328,0x0235332c,
	0x02353380,0x02353384,0x02353388,0x0235338c,0x023533a0,0x023533a4,0x023533a8,0x023533ac,
	0x02353800,0x02353900,0x02353904,0x02353906,0x02353907,0x02353908,0x0235390d,0x0235390e,
	0x0235390f,0x02353920,0x02353925,0x02353926,0x02353927,0x02353928,0x0235392d,0x0235392e,
	0x0235392f,0x02353980,0x02353985,0x02353986,0x02353987,0x02353988,0x02353990,0x023539a0,
	0x023539a4,0x023539a8,0x023539ac,0x023539b0,0x02353a00,0x02353af4,0x02353af8,0x02353b00,
	0x02353b11,0x02353b12,0x02353b13,0x02353b18,0x02353b19,0x02353b1a,0x02353b1b,0x02353b20,
	0x02353b31,0x02353b32,0x02353b33,0x02353b38,0x02353b39,0x02353b3a,0x02353b3c,0x02353b80,
	0x02353b94,0x02353b98,0x02353b9c,0x02353b9e,0x02353b9f,0x02353ba0,0x02353bb5,0x02353bb6,
	0x02353bb7,0x02353bb8,0x02353bbd,0x02353bbe,0x02353bc0,0x02358000,0x02359100,0x0235910c,
	0x02359110,0x02359120,0x02359130,0x0235913c,0x02359140,0x02359180,0x023591c0,0x02359200,
	0x02359300,0x02359800,0x02359900,0x02359a00,0x02359b00,0x0235a000,0x0235b100,0x0235b200,
	0x0235b300,0x0235b800,0x0235b900,0x0235ba00,0x0235bb00,0x02360000,0x02360300,0x02360800,
	0x02360900,0x02360a00,0x02360b00,0x02371400,0x02371800,0x02374000,0x02374a00,0x02374b00,
	0x02376000,0x02376100,0x02376200,0x02376400,0x02376600,0x02377000,0x02377200,0x02377700,
	0x02377800,0x02377d00,0x02377e00,0x02380000,0x02391700,0x02391800,0x02391900,0x02391a00,
	0x02391b00,0x02392000,0x02392f00,0x02398000,0x02398400,0x02398500,0x02398600,0x02398700,
	0x02398800,0x02398b00,0x02398c00,0x02398e00,0x02398f00,0x0239a000,0x0239a300,0x0239a400,
	0x0239a500,0x0239a800,0x0239a900,0x0239b9a4,0x0239b9a8,0x0239b9ac,0x0239b9c0,0x0239bb04,
	0x0239bb08,0x0239bb0c,0x0239bb20,0x0239bb24,0x0239bb28,0x0239bb2c,0x0239bb40,0x0239bb90,
	0x0239bb98,0x0239bb9c,0x0239bba0,0x023a0000,0x023ad500,0x023ad600,0x023ad700,0x023ad800,
	0x023add00,0x023ade00,0x023b0000,0x023b755c,0x023b7560,0x023b7570,0x023b7580,0x023b75c4,
	0x023b75c8,0x023b75cc,0x023b75e0,0x023b75e4,0x023b75e8,0x023b75ec,0x023b7600,0x023b7738,
	0x023b7780,0x023b7790,0x023b77a0,0x023b77b0,0x023b77f8,0x023b7d10,0x023b7d20,0x023b7d30,
	0x023b7d38,0x023b7d3c,0x023b7d50,0x023b7d60,0x023b7d70,0x023b7dc0,0x023b7dc8,0x023e0aa4,
	0x023e0aa8,0x023e0aac,0x023e0ab4,0x023e0ab8,0x023e0ac0,0x023e2000,0x023e2040,0x023e2048,
	0x023e204c,0x023e2060,0x023e2064,0x023e2068,0x023e2070,0x023e2078,0x023e207c,0x023e2080,
	0x023e20d4,0x023e20e0,0x023e20e4,0x023e20e8,0x023e20ec,0x023e2200,0x023e2234,0x023e2238,
	0x023e223c,0x023e2280,0x023e2288,0x023e228c,0x023e22a0,0x023e22a4,0x023e22a8,0x023e22ac,
	0x023e22b4,0x023e22b8,0x023e22bc,0x023e22c0,0x023e22c4,0x023e22c8,0x023e22cc,0x023e22e0,
	0x023e22e4,0x02400000,0x02400200,0x02400400,0x02400600,0x02401000,0x02401200,0x02401400,
	0x02401600,0x02404000,0x02404200,0x02404400,0x02404600,0x02405000,0x02405200,0x02405500,
	0x02405600,0x02405700,0x02405800,0x02405d00,0x02405e00,0x02410000,0x02412200,0x02412300,
	0x02412800,0x02412900,0x02412a00,0x02412c00,0x02418000,0x02418400,0x02418800,0x02418d00,
	0x0241a000,0x0241a400,0x0241a800,0x0241ac00,0x02420000,0x02427300,0x02427400,0x02427600,
	0x02427800,0x02427900,0x02427a00,0x02427b00,0x02428000,0x0242b600,0x0242b800,0x0242bd00,
	0x0242beb4,0x0242bec0,0x0242becc,0x0242bf00,0x0242bf2c,0x0242bf30,0x0242bf38,0x0242bf3c,
	0x0242bf80,0x0242bfc0,0x0242c000,0x0242c300,0x0242c700,0x0242c800,0x0242c900,0x0242cc00,
	0x0242d000,0x0242d200,0x0242d400,0x0242d800,0x0242dd00,0x0242de00,0x0242e000,0x0242e100,
	0x0242e200,0x0242e300,0x0242e800,0x0242e900,0x02430000,0x02430400,0x02430800,0x02430c00,
	0x02432000,0x02432200,0x02432300,0x02432800,0x02432900,0x02432a00,0x02432b00,0x02432e00,
	0x02432f00,0x02438000,0x02438100,0x02438300,0x02438400,0x02438500,0x02438600,0x02439000,
	0x02439a00,0x02439b00,0x0243a000,0x0243b100,0x0243b200,0x0243b300,0x0243b800,0x0243b900,
	0x0243ba00,0x0243bc00,0x0243be00,0x0243bf00,0x0243c600,0x0243c700,0x0243c900,0x0243ca00,
	0x0243cb00,0x0243cd00,0x0243ce00,0x0243cf00,0x0243e100,0x0243e200,0x0243e400,0x0243e500,
	0x0243e600,0x0243e700,0x0243ec00,0x0243ed00,0x0243ee00,0x0243ef00,0x0243f700,0x0243f800,
	0x0243fc00,0x02440000,0x02451500,0x02451600,0x02453d00,0x02453e00,0x02453f00,0x02454000,
	0x02454100,0x02454200,0x02454300,0x02454a00,0x02454b00,0x02456000,0x02456100,0x02458000,
	0x02459500,0x02459600,0x02459700,0x02459800,0x02459d00,0x02459e00,0x02459f00,0x0245a000,
	0x0245b300,0x0245b800,0x0245b900,0x02460000,0x02465400,0x02465500,0x02465600,0x02465800,
	0x02465a00,0x02466000,0x02466f00,0x02468000,0x0246a500,0x0246b000,0x0246b200,0x0246b300,
	0x0246b500,0x0246c000,0x0246c200,0x0246c300,0x0246c400,0x0246c800,0x0246c900,0x0246ca00,
	0x0246cc00,0x0246e000,0x0246e400,0x0246e800,0x0246ec00,0x02470100,0x02470200,0x02480000,
	0x024811c0,0x024811dc,0x024811e0,0x024811f4,0x024811f8,0x024811fc,0x02481200,0x02481340,
	0x02481354,0x02481358,0x0248135c,0x02481360,0x02481370,0x02481380,0x024813d0,0x024813e0,
	0x024813f0,0x02481400,0x02481404,0x02481408,0x0248140c,0x024814a4,0x024814a8,0x0248151c,
	0x02481520,0x02481534,0x02481538,0x0248153c,0x02481580,0x02481590,0x024815a0,0x024815a4,
	0x024815a8,0x024815ac,0x02481600,0x0248167c,0x02481680,0x024816d0,0x024816e0,0x024816e4,
	0x02481800,0x02481900,0x02481950,0x02481960,0x02481970,0x02481978,0x0248197c,0x02481980,
	0x02481c00,0x02481c14,0x02481c18,0x02481c1c,0x02481c20,0x02481c2c,0x02482000,0x02482900,
	0x02484000,0x02484200,0x02484300,0x02484800,0x02484900,0x02484a00,0x02484b00,0x02486000,
	0x02486100,0x02486200,0x02486300,0x02486800,0x02486900,0x02486a00,0x02486b00,0x02488000,
	0x0248a300,0x0248a500,0x0248a600,0x0248a800,0x0248ac00,0x0248b000,0x0248b200,0x0248b300,
	0x0248b400,0x0248b600,0x0248c000,0x0248c100,0x0248c200,0x0248c300,0x0248c800,0x0248c900,
	0x02494000,0x02494100,0x02494300,0x02494400,0x024a0000,0x024a0400,0x024a0500,0x024a0800,
	0x024a0c00,0x024a2000,0x024a2400,0x024a2800,0x024a2d00,0x024a2e00,0x024a2f00,0x024a8000,
	0x024a8500,0x024a8600,0x024a8700,0x024a8800,0x024a9000,0x024aa000,0x024aa400,0x024aa600,
	0x024ab000,0x024ab200,0x024ab400,0x024ab800,0x024ac000,0x024aea00,0x024aeb00,0x024afa00,
	0x024aff00,0x024b0000,0x024b0e00,0x024b0f00,0x024b6100,0x024b6200,0x024b6300,0x024b6800,
	0x024b6900,0x024b6a00,0x024b6b00,0x024b7000,0x024b7200,0x024b7400,0x024b7600,0x024b7800,
	0x024b7900,0x024b8000,0x024b8600,0x024b8800,0x024b8b00,0x024b8c00,0x024b8d00,0x024b9000,
	0x024b9200,0x024b9400,0x024b9700,0x024b9800,0x024b9900,0x024ba000,0x024ba100,0x024ba500,
	0x024ba800,0x024ba900,0x024c0000,0x024c4500,0x024c4600,0x024c4700,0x024c4800,0x024c4d00,
	0x024c4e00,0x024c5000,0x024c6000,0x024c7000,0x024c8000,0x024ccd00,0x024cce00,0x024ccf00,
	0x024ce000,0x024ce500,0x024ce600,0x024ce700,0x024ce800,0x024cec00,0x024e0000,0x024e2100,
	0x024e2400,0x024e2600,0x024e3000,0x024e3200,0x024e3300,0x024e3500,0x024e4000,0x024e4300,
	0x024e4800,0x024e4900,0x024e4a00,0x024e4b00,0x024e9b00,0x024e9c00,0x024e9d00,0x024ea000,
	0x024ea600,0x024ea800,0x024ea900,0x024ec000,0x024ec600,0x024ed000,0x024ed200,0x024ed400,
	0x024ed600,0x024f0000,0x024f8200,0x024f8400,0x024f8600,0x024f9000,0x024f9200,0x024f9400,
	0x024f9800,0x024f9d00,0x024f9e00,0x024fc000,0x024fe200,0x024fe300,0x024fe800,0x024fe900,
	0x024fea00,0x024feb00,0x02557b00,0x02558000,0x02559e00,0x0255a000,0x0255ad00,0x0255ae00,
	0x0255af00,0x0255b000,0x0255b100,0x0255b200,0x0255b400,0x0255b800,0x0255bd00,0x0255be00,
	0x0255c000,0x0255c300,0x0255c400,0x0255c500,0x0255ea00,0x0255ec00,0x0255ee00,0x0255f000,
	0x0255fa00,0x0255fc00,0x0255fe00,0x0255ff00,0x02560000,0x02567700,0x02567800,0x02567c00,
	0x02568000,0x0256d400,0x0256d800,0x0256d900,0x0256da00,0x0256db00,0x0256e000,0x0256ef00,
	0x0256f000,0x0256f100,0x02570000,0x02570400,0x02570800,0x02570900,0x02580000,0x025c4500,
	0x025c4600,0x025c4700,0x025c4800,0x025c4900,0x025c4a00,0x025c4b00,0x025c6000,0x025c6100,
	0x025c6200,0x025c6300,0x025c6800,0x025c6b00,0x025c8000,0x025cc000,0x025ce000,0x025ce100,
	0x025ce200,0x025ce300,0x025ce800,0x025ce900,0x025cea00,0x025ceb00,0x025e0000,0x025e4100,
	0x025e4200,0x025e4300,0x025e4800,0x025e4c00,0x025e6000,0x025e6300,0x025e6800,0x025e6900,
	0x025e6a00,0x025e6b00,0x025e8000,0x025ec100,0x025ec200,0x025ec300,0x025ec800,0x025ec900,
	0x025eca00,0x025ecb00,0x025eea00,0x025eeb00,0x02600000,0x02604100,0x02604200,0x02604400,
	0x02604600,0x02604800,0x02604c00,0x02605000,0x02605200,0x02605400,0x02605800,0x02605c00,
	0x02605e00,0x02605f00,0x02606000,0x02606400,0x02606600,0x02607000,0x02607200,0x02607300,
	0x02607800,0x02607c00,0x02608000,0x0260d100,0x0260d200,0x0260d300,0x0260d400,0x0260d800,
	0x0260dba8,0x0260dbb0,0x0260dc00,0x0260e000,0x0260e700,0x0260e800,0x0260ed00,0x0260ee00,
	0x0260ef00,0x0260f054,0x0260f058,0x0260f05c,0x0260f060,0x0260f074,0x0260f080,0x0260f0c4,
	0x0260f0c8,0x0260f0cc,0x0260f0e0,0x0260f0e4,0x0260f0e8,0x0260f0f0,0x0260f110,0x0260f120,
	0x0260f134,0x0260f138,0x0260f13c,0x0260f180,0x0260f194,0x0260f198,0x0260f19c,0x0260f1a0,
	0x0260f1b4,0x0260f1b8,0x0260f1bc,0x0260f254,0x0260f258,0x0260f25c,0x0260f260,0x0260f300,
	0x0260f314,0x0260f320,0x0260f328,0x0260f3c0,0x0260f800,0x0260f900,0x0260fa00,0x0260fb00,
	0x02612200,0x02612300,0x02612800,0x02612900,0x02612a00,0x02612b00,0x02615500,0x02615800,
	0x02615b00,0x02616000,0x02617000,0x02618000,0x02618100,0x02618200,0x02618300,0x02618800,
	0x02618900,0x0261d000,0x0261e000,0x0261f000,0x02620000,0x02622200,0x02622300,0x02622800,
	0x02622900,0x02622a00,0x02622c00,0x02622e00,0x02623000,0x02623700,0x02623800,0x02623a00,
	0x02624000,0x02624500,0x02624600,0x02624700,0x02624800,0x02624d00,0x02625100,0x02625200,
	0x02625300,0x02625800,0x02625900,0x02626000,0x02626300,0x02627000,0x02628000,0x0262d000,
	0x0262da00,0x0262db00,0x0262e000,0x0262f100,0x0262f200,0x0262f400,0x0262f800,0x0262fd00,
	0x0262fe00,0x0262ff00,0x02635000,0x02636000,0x02637000,0x02638000,0x0263d000,0x0263e000,
	0x0263f000,0x0263fa00,0x0263fb00,0x02654100,0x02654200,0x02654300,0x02654800,0x02654900,
	0x02654a00,0x02654b00,0x02656000,0x02656100,0x02656200,0x02656300,0x02656800,0x02656900,
	0x02656a00,0x02656b00,0x02658000,0x0265c100,0x0265c200,0x0265c300,0x0265c800,0x0265c900,
	0x0265ca00,0x0265cb00,0x0265e000,0x0265e100,0x0265e200,0x0265e300,0x0265e800,0x0265e900,
	0x0265ea00,0x0265eb00,0x02660000,0x02674100,0x02674200,0x02674300,0x02674800,0x02674900,
	0x02674a00,0x02674b00,0x02676000,0x02676100,0x02676200,0x02676300,0x02676800,0x02676900,
	0x02676a00,0x02676b00,0x02678000,0x0267c100,0x0267c200,0x0267c300,0x0267c800,0x0267c900,
	0x0267ca00,0x0267cb00,0x0267e000,0x0267e100,0x0267e200,0x0267e300,0x0267e800,0x0267e900,
	0x0267ea00,0x0267eb00,0x02680000,0x02690000,0x02690200,0x02690300,0x02690800,0x02690c00,
	0x02690e00,0x02690f00,0x02691000,0x02692000,0x02692500,0x02692600,0x02692d00,0x02692e00,
	0x02693000,0x02693100,0x02693200,0x02693300,0x02693800,0x02693900,0x02695100,0x02695200,
	0x02695300,0x02695800,0x02695c00,0x02695e00,0x02695f00,0x02696000,0x02698000,0x02698700,
	0x02698800,0x02698d00,0x02698e00,0x02698f00,0x02699000,0x02699a00,0x02699b00,0x0269a000,
	0x0269a400,0x0269a800,0x0269ad00,0x0269ae00,0x0269af00,0x0269b100,0x0269b200,0x0269b300,
	0x0269b800,0x0269b900,0x0269bc00,0x026a0000,0x026a2d6c,0x026a2d70,0x026a2d78,0x026a2d80,
	0x026a2db4,0x026a2db8,0x026a2dbc,0x026a2e00,0x026a2f14,0x026a2f18,0x026a2f1c,0x026a2f20,
	0x026a2f30,0x026a2f80,0x026a2f90,0x026a2fa0,0x026a2fa4,0x026a2fa8,0x026a2fac,0x026a3000,
	0x026a3828,0x026a382c,0x026a3880,0x026a3890,0x026a3898,0x026a38c0,0x026a38e0,0x026a38e4,
	0x026a38e8,0x026a38f0,0x026a3a00,0x026a3a50,0x026a3a58,0x026a3a5c,0x026a3a60,0x026a3a74,
	0x026a3a78,0x026a3a7c,0x026a3a80,0x026a3b00,0x026a3ba8,0x026a3bac,0x026a63fc,0x026a6400,
	0x026a66a8,0x026a66b0,0x026a66b8,0x026a66c0,0x026a66e0,0x026a66f4,0x026a66f8,0x026a6700,
	0x026a67a8,0x026a67ac,0x026a695c,0x026a6960,0x026a696c,0x026a6980,0x026a6998,0x026a69a0,
	0x026a69b0,0x026a6a00,0x026a6b14,0x026a6b18,0x026a6b1c,0x026a6b20,0x026a6b40,0x026a6b80,
	0x026a6bc4,0x026a6bc8,0x026a6bcc,0x026a6bdc,0x026a6be4,0x026a6be8,0x026a6bec,0x026a6bf4,
	0x026a6bf8,0x026a6bfc,0x026a6c00,0x026a6d54,0x026a6d58,0x026a6e80,0x026a6e90,0x026a6e98,
	0x026a6ec0,0x026a6ec8,0x026a6ed0,0x026a6ee0,0x026a6ef0,0x026a6ef8,0x026a6efc,0x026a7000,
	0x026a7820,0x026a7824,0x026a7828,0x026a782c,0x026a7880,0x026a7890,0x026a7898,0x026a789c,
	0x026a78a0,0x026a78c0,0x026a78e8,0x026a78f0,0x026a7a00,0x026a7b00,0x026a7b08,0x026a7b0c,
	0x026a7b20,0x026a7b34,0x026a7b38,0x026a7b40,0x026a7b68,0x026a7b6c,0x026a7b80,0x026a7bd0,
	0x026a7bd8,0x026a7c00,0x026a7ea0,0x026a7ea4,0x026a7ea8,0x026a7eb0,0x026a8504,0x026a8588,
	0x026a858c,0x026a85a0,0x026a85a4,0x026a85a8,0x026a85ac,0x026a8600,0x026a8704,0x026a8708,
	0x026a870c,0x026a8720,0x026a8724,0x026a8728,0x026a872c,0x026a8780,0x026a8784,0x026a8788,
	0x026a878c,0x026a87a0,0x026a87a4,0x026a8800,0x026a8cfc,0x026a8e00,0x026a8e54,0x026a8e58,
	0x026a8f00,0x026a8f88,0x026a8f8c,0x026a8fa0,0x026a8fa4,0x026a8fa8,0x026a8fac,0x026a9104,
	0x026a9108,0x026a9110,0x026a9120,0x026a9130,0x026a9180,0x026a9190,0x026a9198,0x026a919c,
	0x026a91a0,0x026a91b4,0x026a91b8,0x026a91bc,0x026a9200,0x026a9314,0x026a9318,0x026a931c,
	0x026a9320,0x026a9334,0x026a9338,0x026a933c,0x026a9380,0x026a9394,0x026a9398,0x026a939c,
	0x026a93a0,0x026a93b4,0x026a93b8,0x026a93bc,0x026a9800,0x026a9914,0x026a9918,0x026a991c,
	0x026a9920,0x026a9934,0x026a9938,0x026a993c,0x026a9980,0x026a9994,0x026a9998,0x026a999c,
	0x026a99a0,0x026a99b0,0x026a9a00,0x026a9b14,0x026a9b20,0x026a9b24,0x026a9b28,0x026a9b2c,
	0x026a9b80,0x026a9b84,0x026a9b88,0x026a9b8c,0x026aa48c,0x026aa490,0x026aa498,0x026aa49c,
	0x026aa4a4,0x026aa4a8,0x026aa4ac,0x026aa4b4,0x026aa4b8,0x026aa4bc,0x026aa504,0x026aa508,
	0x026aa50c,0x026aa520,0x026aa530,0x026aa580,0x026aa58c,0x026aa5a0,0x026aa5a4,0x026aa5a8,
	0x026aa5b0,0x026aa600,0x026aa604,0x026aa614,0x026aa618,0x026aa61c,0x026aa620,0x026aa628,
	0x026aa62c,0x026aa634,0x026aa638,0x026aa63c,0x026aa684,0x026aa688,0x026aa68c,0x026aa6a0,
	0x026aa710,0x026aa720,0x026aa730,0x026aa780,0x026aa794,0x026aa798,0x026aa7c0,0x026aa800,
	0x026aacd8,0x026aace0,0x026aacf0,0x026aad00,0x026aad40,0x026aad80,0x026aada8,0x026aadac,
	0x026aadc0,0x026aade0,0x026aade4,0x026aade8,0x026aadec,0x026aae00,0x026aae50,0x026aae60,
	0x026aae74,0x026aae78,0x026aae7c,0x026aae80,0x026aaf00,0x026aaf10,0x026aaf20,0x026aaf34,
	0x026aaf38,0x026aaf3c,0x026aaf44,0x026aaf48,0x026aaf50,0x026aaf60,0x026aaf70,0x026aafa8,
	0x026aafac,0x026aafc0,0x026aafc4,0x026aafd0,0x026aafd4,0x026aafd8,0x026aafdc,0x026aaff0,
	0x026ab000,0x026ab100,0x026ab128,0x026ab12c,0x026ab180,0x026ab184,0x026ab188,0x026ab18c,
	0x026ab1a0,0x026ab1a4,0x026ab1a8,0x026ab1ac,0x026ab200,0x026ab304,0x026ab380,0x026ab384,
	0x026ab388,0x026ab38c,0x026ab3a0,0x026ab3b0,0x026ab800,0x026ab910,0x026ab918,0x026ab91c,
	0x026ab920,0x026ab934,0x026ab938,0x026ab93c,0x026ab980,0x026ab994,0x026ab998,0x026ab99c,
	0x026ab9a0,0x026ab9b4,0x026ab9b8,0x026ab9bc,0x026aba00,0x026abb14,0x026abb18,0x026abb1c,
	0x026abb20,0x026abb40,0x026abb60,0x026abb64,0x026abb68,0x026abb6c,0x026abb80,0x026abbc4,
	0x026abbc8,0x026abbcc,0x026abbe0,0x026abbf0,0x026abbf8,0x026abc00,0x026abe2c,0x026abe34,
	0x026abe38,0x026abe3c,0x026abe84,0x026abe88,0x026abe8c,0x026abea0,0x026abea4,0x026abea8,
	0x026abeac,0x026abec0,0x026abee8,0x026abeec,0x026ac150,0x026ac154,0x026ac158,0x026ac15c,
	0x026ac170,0x026ac172,0x026ac173,0x026ac174,0x026ac17c,0x026ac180,0x026ac428,0x026ac440,
	0x026ac468,0x026ac470,0x026ac480,0x026ac488,0x026ac48c,0x026ac4a0,0x026ac4a4,0x026ac4a8,
	0x026ac4ac,0x026ac4d4,0x026ac4d8,0x026ac4dc,0x026ac4e0,0x026ac4f4,0x026ac500,0x026ac508,
	0x026ac50c,0x026ac520,0x026ac540,0x026ac568,0x026ac56c,0x026ac580,0x026ac5c4,0x026ac5c8,
	0x026ac5cc,0x026ac5e0,0x026ac5f0,0x026ac5f8,0x026ac5fc,0x026ac600,0x026ac604,0x026ac608,
	0x026ac610,0x026ac620,0x026ac624,0x026ac628,0x026ac630,0x026ac640,0x026acc78,0x026acc80,
	0x026accc4,0x026accc8,0x026acccc,0x026acce0,0x026acce4,0x026acce8,0x026accec,0x026acd00,
	0x026acd80,0x026acd90,0x026acd98,0x026acd9c,0x026acda0,0x026acdb4,0x026acdb8,0x026acdc0,
	0x026ace44,0x026ace48,0x026ace4c,0x026ace60,0x026ace64,0x026ace80,0x026acec0,0x026acf44,
	0x026acf48,0x026acf50,0x026acf60,0x026acf70,0x026acf78,0x026acf7c,0x026acf80,0x026acfd4,
	0x026acfd8,0x026acfdc,0x026acfe0,0x026acff4,0x026acff8,0x026acffc,0x026ad000,0x026ad208,
	0x026ad20c,0x026ad220,0x026ad230,0x026ad238,0x026ad240,0x026ad268,0x026ad270,0x026ad278,
	0x026ad300,0x026ad31c,0x026ad320,0x026ad324,0x026ad340,0x026ad368,0x026ad36c,0x026ad380,
	0x026ad3d0,0x026ad3d8,0x026ad3dc,0x026ad3e0,0x026ad400,0x026ad414,0x026ad418,0x026ad440,
	0x026ad448,0x026ad44c,0x026ad460,0x026ad470,0x026ad478,0x026ad47c,0x026ad480,0x026ad500,
	0x026ad5a0,0x026ad5a4,0x026ad5a8,0x026ad5b0,0x026ad600,0x026ad6a0,0x026ad6a4,0x026ad6a8,
	0x026ad6b0,0x026ad6b8,0x026ad6c0,0x026ad740,0x026ad760,0x026ad764,0x026ad768,0x026ad76c,
	0x026ad780,0x026ad7d0,0x026ad7d8,0x026ad7dc,0x026ad7e0,0x026ad7f4,0x026ad7f8,0x026ad7fc,
	0x026adcec,0x026adcf0,0x026adcf8,0x026add00,0x026add4c,0x026add54,0x026add58,0x026add5c,
	0x026add60,0x026add6c,0x026add78,0x026add7c,0x026adda8,0x026addb0,0x026addb8,0x026addbc,
	0x026addc0,0x026addc8,0x026ade40,0x026ade68,0x026ade6c,0x026ade80,0x026adec4,0x026adec8,
	0x026aded0,0x026adee0,0x026adef0,0x026adf44,0x026adf48,0x026adf50,0x026adf58,0x026adf5c,
	0x026adf60,0x026ae000,0x026ae04f,0x026ae050,0x026ae055,0x026ae060,0x026ae064,0x026ae068,
	0x026ae069,0x026ae06a,0x026ae06b,0x026ae080,0x026ae0c4,0x026ae0c8,0x026ae0cc,0x026ae0e0,
	0x026ae0e4,0x026ae0e8,0x026ae0ec,0x026ae100,0x026ae102,0x026ae103,0x026ae108,0x026ae10c,
	0x026ae120,0x026ae125,0x026ae126,0x026ae130,0x026ae132,0x026ae133,0x026ae138,0x026ae139,
	0x026ae13a,0x026ae13b,0x026ae180,0x026ae194,0x026ae198,0x026ae19d,0x026ae19e,0x026ae19f,
	0x026ae1a0,0x026ae1b5,0x026ae1b6,0x026ae1c0,0x026ae1ea,0x026ae1eb,0x026ae245,0x026ae246,
	0x026ae247,0x026ae248,0x026ae250,0x026ae25a,0x026ae25c,0x026ae25e,0x026ae25f,0x026ae260,
	0x026ae275,0x026ae276,0x026ae300,0x026ae322,0x026ae323,0x026ae328,0x026ae329,0x026ae32a,
	0x026ae32c,0x026ae341,0x026ae342,0x026ae344,0x026ae348,0x026ae350,0x026ae358,0x026ae359,
	0x026ae35a,0x026ae35c,0x026ae360,0x026ae375,0x026ae376,0x026ae377,0x026ae378,0x026ae37d,
	0x026ae380,0x026ae384,0x026ae388,0x026ae38c,0x026ae3a0,0x026ae3a4,0x026ae3a8,0x026ae3ad,
	0x026ae3ae,0x026ae3b0,0x026ae3d3,0x026ae3d8,0x026ae3d9,0x026ae3e0,0x026ae3e7,0x026ae3e8,
	0x026ae3ed,0x026ae400,0x026ae440,0x026ae480,0x026ae494,0x026ae498,0x026ae49c,0x026ae4a0,
	0x026ae4b4,0x026ae4b8,0x026ae4bc,0x026ae554,0x026ae558,0x026ae55c,0x026ae560,0x026ae574,
	0x026ae578,0x026ae57c,0x026ae580,0x026ae5d4,0x026ae5d8,0x026ae5dc,0x026ae5e0,0x026ae5f4,
	0x026ae5f8,0x026ae5fc,0x026ae610,0x026ae754,0x026ae760,0x026ae770,0x026ae780,0x026ae7d4,
	0x026ae7d8,0x026ae800,0x026ae914,0x026ae918,0x026ae91d,0x026ae91e,0x026ae91f,0x026ae920,
	0x026ae940,0x026ae943,0x026ae948,0x026ae949,0x026ae980,0x026ae9c0,0x026aea00,0x026aeb40,
	0x026aeb80,0x026aeb9c,0x026aeba0,0x026aebb0,0x026af000,0x026af454,0x026af458,0x026af500,
	0x026af520,0x026af530,0x026af580,0x026af594,0x026af598,0x026af5c0,0x026af5e0,0x026af5f0,
	0x026af5f8,0x026af808,0x026af80c,0x026af820,0x026af824,0x026af828,0x026af830,0x026af880,
	0x026af890,0x026af898,0x026af89c,0x026af8a0,0x026af8b4,0x026af8b8,0x026af8c0,0x026af8fc,
	0x026af8fd,0x026af8fe,0x026af900,0x026af9bb,0x026af9c0,0x026af9ce,0x026af9d0,0x026af9d7,
	0x026af9e0,0x026af9e1,0x026afa00,0x026afa40,0x026afa54,0x026afa58,0x026afa5c,0x026afa5e,
	0x026afa5f,0x026afa60,0x026afa63,0x026afa64,0x026afa66,0x026afa67,0x026afa6c,0x026afa6e,
	0x026afa6f,0x026afa70,0x026afa75,0x026afa76,0x026afa77,0x026afa78,0x026afa7a,0x026afa7c,
	0x026afa7d,0x026afa80,0x026afa94,0x026afa98,0x026afa9c,0x026afaa0,0x026afab4,0x026afab8,
	0x026afabc,0x026afad0,0x026afae0,0x026afae1,0x026afae2,0x026afae4,0x026afaf2,0x026afaf3,
	0x026afb00,0x026afb02,0x026afb03,0x026afb08,0x026afb0c,0x026afb0e,0x026afb10,0x026afb11,
	0x026afb12,0x026afb13,0x026afb18,0x026afb19,0x026afbd6,0x026afbd8,0x026afc00,0x026afc80,
	0x026afc84,0x026afc86,0x026afc87,0x026afc88,0x026afc90,0x026afca0,0x026afcb0,0x026afe00,
	0x026afe0f,0x026afe20,0x026afe23,0x026afe28,0x026afe29,0x026afe2a,0x026afe2b,0x026afe36,
	0x026afe38,0x026afe3b,0x026afe40,0x026afe62,0x026afe64,0x026afe66,0x026afe67,0x026afe68,
	0x026afe6c,0x026afe80,0x026afe85,0x026afe86,0x026afe90,0x026afe91,0x026afe92,0x026afe93,
	0x026afebc,0x026afec0,0x026afec1,0x026afec2,0x026afec5,0x026afec6,0x026afec7,0x026afecc,
	0x026afecd,0x026b0500,0x026b0600,0x026b1400,0x026b1800,0x026b1c00,0x026b2000,0x026b3500,
	0x026b3600,0x026b4000,0x026b6000,0x026b6100,0x026b6200,0x026b6300,0x026b6800,0x026b6c00,
	0x026b6e00,0x026b6f00,0x026b7000,0x026b7a00,0x026b7b00,0x026b7c00,0x026b8000,0x026b8a20,
	0x026b8a30,0x026b8a38,0x026b8a40,0x026b8a68,0x026b8a70,0x026b8a78,0x026b8b00,0x026b8b24,
	0x026b8b54,0x026b8b58,0x026b8c00,0x026b8df4,0x026b8e00,0x026b8e08,0x026b8e10,0x026b8e18,
	0x026b8e44,0x026b8e48,0x026b8e50,0x026b8e60,0x026b8f00,0x026b8f50,0x026b8f58,0x026b8f80,
	0x026b8f84,0x026b8f88,0x026b8f90,0x026b8fa0,0x026b8fc0,0x026b8fe0,0x026b8fe4,0x026b8fe8,
	0x026b8fec,0x026b98a0,0x026b98b0,0x026b98b8,0x026b98bc,0x026b9a00,0x026b9a04,0x026ba000,
	0x026ba0a8,0x026ba0ac,0x026ba200,0x026ba244,0x026ba248,0x026ba250,0x026ba258,0x026ba300,
	0x026ba308,0x026ba310,0x026ba320,0x026ba340,0x026ba358,0x026ba360,0x026ba364,0x026ba36c,
	0x026ba370,0x026ba3d0,0x026ba3d8,0x026ba3dc,0x026ba3e0,0x026ba400,0x026ba4b8,0x026ba4c0,
	0x026ba544,0x026ba548,0x026ba550,0x026ba560,0x026ba564,0x026ba568,0x026ba56c,0x026ba580,
	0x026ba5c4,0x026ba5c8,0x026ba5cc,0x026ba5e0,0x026ba5f0,0x026ba600,0x026ba604,0x026ba614,
	0x026ba618,0x026ba628,0x026ba62c,0x026ba630,0x026ba690,0x026ba694,0x026ba6a0,0x026ba6c4,
	0x026ba6cc,0x026ba6d0,0x026ba6e0,0x026ba6f4,0x026ba6f8,0x026ba700,0x026ba754,0x026ba758,
	0x026ba75c,0x026ba760,0x026ba768,0x026ba780,0x026ba798,0x026ba79c,0x026ba7a8,0x026ba7b0,
	0x026ba7c0,0x026ba7c8,0x026ba7cc,0x026ba7e0,0x026ba7f0,0x026ba7f8,0x026ba7fc,0x026bad14,
	0x026bad18,0x026bad40,0x026bad48,0x026bad50,0x026bad60,0x026bb5c4,0x026bb5d0,0x026bb5e4,
	0x026bb5ec,0x026bb740,0x026bb744,0x026bb748,0x026bb74c,0x026bb760,0x026bb764,0x026bb768,
	0x026bb76c,0x026bb7c0,0x026bb7d0,0x026bb7e4,0x026bb7e8,0x026bb7ec,0x026bb7f0,0x026bb808,
	0x026bb80c,0x026bb820,0x026bb830,0x026bb884,0x026bb888,0x026bbd44,0x026bbd48,0x026bbd4c,
	0x026bbd50,0x026bbd58,0x026bbd5c,0x026bbd64,0x026bbd74,0x026bbd78,0x026bbd7c,0x026bbdc0,
	0x026bbdd4,0x026bbdd8,0x026bbddc,0x026bbde0,0x026bbdf4,0x026bbdf8,0x026bbdfc,0x026bbf40,
	0x026bbf54,0x026bbf58,0x026bbf68,0x026bbf6c,0x026bbf80,0x026bbfc0,0x026bbfc8,0x026bbfcc,
	0x026bbfe0,0x026bbfe4,0x026bbfe8,0x026bbfec,0x026bc000,0x026bc500,0x026bc600,0x026bc700,
	0x026bc800,0x026bcd00,0x026bce00,0x026bcf00,0x026bd500,0x026bd600,0x026be000,0x026beaa8,
	0x026beaac,0x026bf000,0x026bf200,0x026bf300,0x026bf800,0x026bfc00,0x026bfe00,0x026c0000,
	0x026c2000,0x026c4000,0x026c6000,0x026d0000,0x026d1b00,0x026d1c00,0x026d1d00,0x026d4000,
	0x026d4100,0x026e8800,0x026e8c00,0x026e8e00,0x026e8f00,0x026ea000,0x026ea500,0x026ea600,
	0x026ea800,0x026eaa00,0x026ead00,0x026eae00,0x026eaf00,0x026eb000,0x026eba00,0x026ebc00,
	0x02744100,0x02744200,0x02744300,0x02744800,0x02744c00,0x02746000,0x02746400,0x02746600,
	0x02746700,0x02746800,0x02746d00,0x02746e00,0x02746f00,0x02748000,0x0274c500,0x0274c600,
	0x0274d000,0x0274da00,0x0274db00,0x0274e000,0x0274f100,0x0274f200,0x0274f300,0x0274f800,
	0x0274fc00,0x0274fe00,0x0274ff00,0x02760000,0x02770000,0x02770200,0x02770300,0x02770800,
	0x02770900,0x02770a00,0x02770c00,0x02772000,0x02772400,0x02772600,0x02772700,0x02772800,
	0x02772d00,0x02778000,0x02778400,0x02778800,0x02778d00,0x02778e00,0x02778f00,0x0277a000,
	0x0277a500,0x0277a600,0x0277b000,0x0277ba00,0x0277bc00,0x02780000,0x027d1500,0x027d1600,
	0x027d1700,0x027d1800,0x027d1d00,0x027d1e00,0x027d1f00,0x027d2000,0x027d4000,0x027d5a00,
	0x027d5b00,0x027d6100,0x027d7400,0x027d7600,0x027d7700,0x027d7800,0x027d7c00,0x027d8000,
	0x027d9500,0x027d9600,0x027d9700,0x027da000,0x027dad00,0x027dae00,0x027daf00,0x027dc100,
	0x027dc200,0x027dc400,0x027dc600,0x027dd000,0x027dd100,0x027dd200,0x027dd300,0x027dd800,
	0x027dd900,0x027dda00,0x027ddc00,0x027dde00,0x027ddf00,0x027de000,0x027df500,0x027df600,
	0x027df700,0x027df800,0x027dff00,0x027e0000,0x027f0500,0x027f0600,0x027f1000,0x027f2000,
	0x027f3000,0x027f5500,0x027f5600,0x027f8000,0x027f8d00,0x027f8e00,0x027f9000,0x027f9a00,
	0x027f9b00,0x027fa000,0x027fb000,0x027fb800,0x027fb900,0x027fba00,0x027fbb00,0x027fc000,
	0x027fca00,0x027fcc00,0x027fce00,0x027fd000,0x027fda00,0x027fdc00,0x027fe000,0x027ff400,
	0x027ff600,0x027ff700,0x027ff800,0x027ffd00,0x027ffe00,0x027fff00,0x02800000,0x02820200,
	0x02820400,0x02820600,0x02821000,0x02821200,0x02821400,0x02821800,0x02824000,0x02824800,
	0x02824c00,0x02824e00,0x02825000,0x02825a00,0x02825b00,0x02826000,0x02827500,0x02827600,
	0x02830000,0x02832200,0x02832300,0x02832800,0x02832d00,0x02832e00,0x02833000,0x02838000,
	0x02839400,0x02839600,0x02839700,0x02839800,0x0283c000,0x0283c800,0x0283c900,0x0283d000,
	0x0283da00,0x0283dc00,0x0283de00,0x0283e200,0x0283e300,0x0283e800,0x0283ec00,0x0283ed00,
	0x0283ee00,0x0283ef00,0x0283f000,0x0283fa00,0x0283fc00,0x02840000,0x0286a000,0x0286a500,
	0x0286a600,0x0286b000,0x0286b200,0x0286b400,0x0286b800,0x0286c000,0x0286e800,0x0286e900,
	0x0286ea00,0x0286ec00,0x0286ee00,0x0286f000,0x02880000,0x0288aa00,0x0288ab00,0x02894500,
	0x02894600,0x02894700,0x02894800,0x02894c00,0x02895100,0x02895200,0x02895400,0x02895600,
	0x02895700,0x02895800,0x02895d00,0x02895e00,0x02896000,0x02896400,0x02896800,0x02896c00,
	0x02897b00,0x02897c00,0x02897f00,0x02898000,0x02899e00,0x0289a000,0x0289b400,0x0289b700,
	0x0289b800,0x0289b900,0x0289c000,0x0289c400,0x0289c800,0x0289cc00,0x0289e100,0x0289e200,
	0x028a0000,0x028a0400,0x028a0600,0x028a0700,0x028a0800,0x028a1000,0x028a1a00,0x028a1b00,
	0x028a2000,0x028a3500,0x028a3600,0x028a4000,0x028a6800,0x028a6900,0x028a6a00,0x028a6b00,
	0x028a8000,0x028a8e00,0x028a9000,0x028a9600,0x028a9800,0x028a9a00,0x028aa000,0x028aa200,
	0x028ab700,0x028ab800,0x028abd00,0x028ac000,0x028ac400,0x028ac600,0x028ac700,0x028ac800,
	0x028acc00,0x028ace00,0x028ad000,0x028ada00,0x028adb00,0x028add00,0x028ae000,0x028ae100,
	0x028ae200,0x028ae300,0x028ae800,0x028af000,0x028af100,0x028af400,0x028af500,0x028b0000,
	0x028b1100,0x028b1200,0x028b1400,0x028b1800,0x028b1c00,0x028b1e00,0x028b2000,0x028b3300,
	0x028b3800,0x028b3900,0x028b3a00,0x028b3b00,0x028b4000,0x028b4a00,0x028b4b00,0x028b6000,
	0x028b6500,0x028b6600,0x028b6d00,0x028b6e00,0x028b6f00,0x028b8000,0x028b8800,0x028b8c00,
	0x028b8e00,0x028b8f00,0x028ba000,0x028bb100,0x028bb200,0x028bb400,0x028bb800,0x028bbd00,
	0x028bbe00,0x028bbf00,0x028bc400,0x028bc500,0x028be000,0x028bea00,0x028c0000,0x028c0800,
	0x028c0900,0x028c0a00,0x028c0b00,0x028c2000,0x028c2500,0x028c2600,0x028c2800,0x028c2900,
	0x028c2a00,0x028c2b00,0x028c3000,0x028c3800,0x028c3900,0x028c3a00,0x028c3b00,0x028c3c00,
	0x028c3e00,0x028c3f00,0x028c5500,0x028c5600,0x028c8000,0x028c849c,0x028c84a0,0x028c84b0,
	0x028c84c0,0x028c84e0,0x028c8500,0x028c85a8,0x028c85ac,0x028c8610,0x028c8620,0x028c8630,
	0x028c8638,0x028c863c,0x028c8680,0x028c86c0,0x028c86c8,0x028c86d0,0x028c86d8,0x028c86dc,
	0x028c86e0,0x028c8700,0x028c87a0,0x028c87c0,0x028c87e0,0x028c87e4,0x028c87e8,0x028c87f0,
	0x028c8800,0x028c8d54,0x028c8d58,0x028c9000,0x028c9200,0x028c9210,0x028c9220,0x028c9230,
	0x028c9280,0x028c9284,0x028c9288,0x028c9290,0x028c9298,0x028c92c0,0x028c92e0,0x028c9300,
	0x028c9380,0x028c93a8,0x028c93ac,0x028c93c0,0x028c9800,0x028c9808,0x028c9810,0x028c9818,
	0x028c9840,0x028c9848,0x028c9850,0x028c9858,0x028c9900,0x028c9904,0x028c9c00,0x028ca000,
	0x028cb500,0x028cb600,0x028cc000,0x028cc200,0x028cc300,0x028cc400,0x028cc800,0x028cc900,
	0x028cca00,0x028ccb00,0x028ccd00,0x028cce00,0x028cd000,0x028cd900,0x028cda00,0x028cdb00,
	0x028cdc00,0x028cde00,0x028ce000,0x028ce100,0x028ce200,0x028ce400,0x028ce600,0x028ce800,
	0x028ce900,0x028cea00,0x028cec00,0x028cee00,0x028cf100,0x028cf200,0x028cf300,0x028cf800,
	0x028d0000,0x028d0200,0x028d0400,0x028d0800,0x028d1000,0x028d1800,0x028d1900,0x028d1a00,
	0x028d1c00,0x028d1e00,0x028d4000,0x028d5f00,0x028d6000,0x028d6500,0x028d6600,0x028d7000,
	0x028d7200,0x028d7300,0x028d7400,0x028d7500,0x028d7600,0x028d7800,0x028d7900,0x028d7b00,
	0x028d8000,0x028d8f00,0x028d9000,0x028d9a00,0x028d9c00,0x028d9e00,0x028da000,0x028da100,
	0x028dc000,0x028dc500,0x028dc900,0x028dca00,0x028dd500,0x028dd600,0x02900000,0x02905f00,
	0x02906000,0x0290d500,0x0290d600,0x0290d800,0x0290dd00,0x0290de00,0x0290df00,0x0290e000,
	0x0290ed00,0x0290ee00,0x0290ef00,0x0290f000,0x0290f100,0x0290f400,0x0290f800,0x0290fa00,
	0x0290fc00,0x0290fd00,0x0290fe00,0x0290ff00,0x02910a00,0x02910b00,0x02912900,0x02912a00,
	0x02912b00,0x02912c00,0x02918100,0x02918200,0x02918300,0x02918400,0x02918800,0x02918c00,
	0x0291a000,0x0291a100,0x02920000,0x02921b00,0x02922000,0x02923100,0x02923200,0x02923300,
	0x02923400,0x02923600,0x02923700,0x02923800,0x02923d00,0x02923e00,0x02924000,0x02924100,
	0x02924400,0x02924700,0x02924800,0x02924b00,0x02924d00,0x02924e00,0x02924f00,0x02925000,
	0x02925100,0x02926000,0x02926100,0x02926400,0x02926600,0x02926800,0x02926c00,0x02928000,
	0x02928500,0x02928600,0x02928700,0x02928800,0x02928c00,0x02928e00,0x02928f00,0x02929000,
	0x02929500,0x02929600,0x02929700,0x02929800,0x02929d00,0x02929e00,0x02929f00,0x0292a000,
	0x0292a500,0x0292a700,0x0292a800,0x0292ab00,0x0292ac00,0x0292ad00,0x0292b000,0x0292b300,
	0x0292b400,0x0292b500,0x0292b700,0x0292b800,0x0292bc00,0x0292c000,0x0292c100,0x029571a4,
	0x029571c0,0x029571e8,0x029571f0,0x02957300,0x02957320,0x02957324,0x02957328,0x02957330,
	0x02957380,0x02957394,0x02957398,0x029573c0,0x029573e0,0x029573e4,0x029573e8,0x029573ec,
	0x02957400,0x029574c4,0x029574c8,0x029574cc,0x029574d4,0x029574d8,0x029574e0,0x029574f0,
	0x02957500,0x02957584,0x029575c4,0x029575c8,0x029575d0,0x029575d8,0x029575dc,0x029575e0,
	0x02957600,0x02957608,0x0295760c,0x02957620,0x02957640,0x02957650,0x02957660,0x02957668,
	0x0295766c,0x02957674,0x02957678,0x0295767c,0x02957800,0x02957950,0x02957958,0x0295795c,
	0x02957960,0x02957c00,0x02957c80,0x02957c84,0x02957c88,0x02957c90,0x02957ca0,0x02957cb4,
	0x02957cb8,0x02957cbc,0x02957e00,0x02957e40,0x02957e48,0x02957e4c,0x02957e60,0x02957e70,
	0x02957e80,0x02957f00,0x02957f88,0x02957f8c,0x02957fa0,0x02957fb4,0x02957fb8,0x02957fc0,
	0x02957fe8,0x02957fec,0x02958000,0x0295adf4,0x0295ae00,0x0295af50,0x0295af60,0x0295af74,
	0x0295af78,0x0295af7c,0x0295af80,0x0295afd0,0x0295afe0,0x0295afec,0x0295b000,0x0295b8a0,
	0x0295b8b4,0x0295b8b8,0x0295b8c0,0x0295ba00,0x0295ba44,0x0295ba48,0x0295ba50,0x0295ba60,
	0x0295ba70,0x0295ba80,0x0295bacc,0x0295be2c,0x0295be40,0x0295be68,0x0295be6c,0x0295be84,
	0x0295be88,0x0295be8c,0x0295bea8,0x0295beac,0x0295becc,0x0295bee0,0x0295bee4,0x0295bee8,
	0x0295beec,0x0295c9ac,0x0295c9b0,0x0295c9b8,0x0295c9bc,0x0295ca14,0x0295ca18,0x0295ca1c,
	0x0295ca20,0x0295ca34,0x0295ca38,0x0295ca40,0x0295ca50,0x0295ca60,0x0295ca80,0x0295ca9c,
	0x0295caa0,0x0295cac0,0x0295cae8,0x0295caec,0x0295caf8,0x0295cafc,0x0295cb40,0x0295cb60,
	0x0295cb70,0x0295cb78,0x0295cb7c,0x0295cb80,0x0295cbb0,0x0295cbb8,0x0295cbd4,0x0295cbd8,
	0x0295cc00,0x0295ce88,0x0295ce90,0x0295cea0,0x0295ceb0,0x0295d554,0x0295d558,0x0295e054,
	0x0295e058,0x0295e05c,0x0295e060,0x0295e070,0x0295e080,0x0295e0cc,0x0295e0d0,0x0295e0d8,
	0x0295e0dc,0x0295e0e4,0x0295e0e8,0x0295e0f0,0x0295e13c,0x0295e140,0x0295e14c,0x0295e150,
	0x0295e15c,0x0295e17c,0x0295e194,0x0295e198,0x0295e1ac,0x0295e1b0,0x0295e1c0,0x0295e1c8,
	0x0295e1d0,0x0295e1d4,0x0295e1d8,0x0295e1dc,0x0295e1fc,0x0295e244,0x0295e248,0x0295e24c,
	0x0295e260,0x0295e300,0x0295e310,0x0295e314,0x0295e328,0x0295e330,0x0295e35c,0x0295e360,
	0x0295e37c,0x0295e3b4,0x0295e3b8,0x0295e3bc,0x0295e3c4,0x0295e3c8,0x0295e3cc,0x0295e3e0,
	0x0295e3e4,0x0295e3e8,0x0295e3ec,0x0295e404,0x0295e408,0x0295e40c,0x0295e410,0x0295e418,
	0x0295e41c,0x0295e420,0x0295e434,0x0295e480,0x0295e484,0x0295e488,0x0295e490,0x0295e910,
	0x0295e920,0x0295e940,0x0295e944,0x0296b3bc,0x0296b3c0,0x0296b914,0x0296b918,0x0296b91c,
	0x0296b920,0x0296b934,0x0296b938,0x0296b93c,0x0296b944,0x0296b948,0x0296b94c,0x0296b968,
	0x0296b96c,0x0296b994,0x0296b998,0x0296b99c,0x0296b9a0,0x0296b9b4,0x0296b9d0,0x0296b9e0,
	0x0296ba00,0x0296ba54,0x0296ba60,0x0296ba6c,0x0296ba80,0x0296bac4,0x0296bac8,0x0296bad0,
	0x0296badc,0x0296bb00,0x0296bb3c,0x0296bb40,0x0296bb48,0x0296bb50,0x0296bb60,0x0296bb64,
	0x0296bb68,0x0296bb70,0x0296bb8c,0x0296bbd0,0x0296bbe0,0x0296bbf4,0x0296bbf8,0x0296be00,
	0x0296be04,0x0296be08,0x0296be0c,0x0296be20,0x0296be24,0x0296be28,0x0296be30,0x0296be80,
	0x0296be8c,0x0296bea0,0x0296beb0,0x02970544,0x02970548,0x0297054c,0x02970560,0x02970564,
	0x02970580,0x0297059c,0x029705a0,0x029705b4,0x029705e4,0x029705e8,0x029705ec,0x029705f0,
	0x029705f4,0x02970710,0x02970720,0x02970724,0x02970728,0x0297072c,0x02970738,0x0297073c,
	0x02970744,0x02970748,0x0297074c,0x02970760,0x02970770,0x0297078c,0x02970790,0x02970794,
	0x029707a0,0x029707a4,0x029707d0,0x029707d8,0x029707dc,0x029707e0,0x029707f4,0x029707f8,
	0x029707fc,0x029709fc,0x02970a00,0x02970b4c,0x02970b60,0x02970b64,0x02970b68,0x02970b6c,
	0x02970b80,0x02970bc4,0x02970c00,0x02970c88,0x02970c8c,0x02970c94,0x02970c98,0x02970c9c,
	0x02970ca0,0x02970cb4,0x02970cb8,0x02970cbc,0x02970cc0,0x02970cd0,0x02970cd4,0x02970cd8,
	0x02970ce4,0x02970ce8,0x02970d44,0x02970d48,0x02970d4c,0x02970d68,0x02970d6c,0x02970d80,
	0x02970dc4,0x02970dc8,0x02970dcc,0x02970de0,0x02970de4,0x02970e00,0x02970e14,0x02970e18,
	0x02970e1c,0x02970e20,0x02970e34,0x02970e38,0x02970e3c,0x02970e40,0x02970e68,0x02970e74,
	0x02970e78,0x02970e80,0x02970e8c,0x02970ea0,0x02970eb0,0x02970f00,0x02970f08,0x02970f10,
	0x02970f18,0x02971000,0x0297101c,0x02971020,0x02971030,0x02971080,0x02971084,0x02971400,
	0x02971444,0x02971448,0x02971480,0x02971484,0x029714a8,0x029714ac,0x02971504,0x02971604,
	0x02971608,0x0297160c,0x02971620,0x02971624,0x02971628,0x02971630,0x02971634,0x02971638,
	0x02971674,0x02971678,0x02971680,0x02971688,0x029716a8,0x029716ac,0x029716bc,0x029716c0,
	0x029716d8,0x029716dc,0x02971700,0x02971788,0x0297178c,0x029717a0,0x029717a4,0x02971964,
	0x02971968,0x0297196c,0x02971970,0x02971978,0x0297197c,0x029719c4,0x029719c8,0x029719cc,
	0x029719d4,0x029719d8,0x029719dc,0x029719e4,0x029719e8,0x029719ec,0x02971a00,0x02971acc,
	0x02971b00,0x02971b44,0x02971b48,0x02971b4c,0x02971b60,0x02971b64,0x02971b68,0x02971b6c,
	0x02971b80,0x02971b8c,0x02971b90,0x02971b98,0x02971b9c,0x02971ba4,0x02971ba8,0x02971bac,
	0x02971bb4,0x02971bb8,0x02971bbc,0x02971bc4,0x02971bc8,0x02971bcc,0x02971c00,0x02971c04,
	0x02971c08,0x02971c0c,0x02971c20,0x02971c30,0x02971c5c,0x02971c60,0x02971c70,0x02971c94,
	0x02971c98,0x02971c9c,0x02971ca0,0x02971cb0,0x02971cd0,0x02971ce0,0x02971ce4,0x02971e00,
	0x02971e1c,0x02971e20,0x02971e40,0x02971e80,0x02971e94,0x02971e98,0x02971e9c,0x02971ea0,
	0x02971eb4,0x02972140,0x02972180,0x029721c0,0x02972200,0x02972344,0x02972348,0x02972350,
	0x02972360,0x02972370,0x02972374,0x02972378,0x02972380,0x0297239c,0x029723a0,0x029723b0,
	0x029723c0,0x029723cc,0x029723e0,0x029723e4,0x029723e8,0x029723ec,0x02972404,0x02972408,
	0x0297240c,0x02972420,0x02972424,0x02972428,0x0297242c,0x02972488,0x0297248c,0x029724a0,
	0x029724a4,0x029724a8,0x029724b0,0x02972600,0x02972610,0x02972620,0x02972630,0x02972638,
	0x0297263c,0x02972680,0x02972690,0x029726a0,0x029726b0,0x02972754,0x02972758,0x0297275c,
	0x02972760,0x02972774,0x02972780,0x029727bc,0x029727c0,0x029727cc,0x02972800,0x0297281c,
	0x02972820,0x02972834,0x02972854,0x02972858,0x0297285c,0x02972860,0x02972880,0x02972894,
	0x02972898,0x0297289c,0x029728a0,0x029728ac,0x029728d4,0x029728d8,0x02972900,0x02972904,
	0x02972908,0x0297290c,0x0297291c,0x02972924,0x02972928,0x0297292c,0x02972934,0x02972938,
	0x02972940,0x02972944,0x02972980,0x02972984,0x029729f4,0x02972a04,0x02972a08,0x02972a10,
	0x02972a20,0x02972a44,0x02972a48,0x02972a50,0x02972a58,0x02972a5c,0x02972a60,0x02972b00,
	0x02972b14,0x02972c00,0x02972c10,0x02972c20,0x02972c30,0x02972c80,0x02972c8c,0x02972d14,
	0x02972d18,0x02972d1c,0x02972d20,0x02972d30,0x02972d80,0x02972d94,0x02972d98,0x02972dac,
	0x02972db0,0x02972db8,0x02972de0,0x02972de8,0x02972df0,0x02972df4,0x02972e00,0x02972e5c,
	0x02972e60,0x02972e70,0x02972e78,0x02972e7c,0x02972e80,0x02972ed4,0x02972ed8,0x02972edc,
	0x02972ee0,0x02972ef4,0x02972ef8,0x02972efc,0x02973000,0x02973034,0x02973038,0x0297303c,
	0x02973080,0x02973094,0x029730a0,0x029730a4,0x029730ec,0x029730f0,0x02973100,0x02973108,
	0x0297337c,0x02973380,0x029733d4,0x029733d8,0x029733dc,0x029733e0,0x029733f4,0x02973400,
	0x0297340c,0x02973420,0x02973424,0x02973488,0x0297348c,0x02973800,0x02973944,0x02973948,
	0x0297394c,0x02973960,0x02973964,0x02973980,0x029739c0,0x029739e0,0x029739e4,0x02973a00,
	0x02973b3c,0x02973b80,0x02973b90,0x02973ba0,0x02973bac,0x02978500,0x02978520,0x02978524,
	0x02978528,0x0297852c,0x02978580,0x02978584,0x02978588,0x0297858c,0x029785a0,0x029785a4,
	0x029785a8,0x029785ac,0x02978600,0x02978710,0x02978720,0x02978730,0x02978738,0x02978740,
	0x02978764,0x02979000,0x029790d4,0x029790d8,0x029790e4,0x029790e8,0x029790f4,0x029790f8,
	0x029790fc,0x02979100,0x02979104,0x02979108,0x0297910c,0x02979200,0x02979214,0x0297921c,
	0x02979220,0x0297922c,0x02979254,0x02979260,0x02979270,0x02979284,0x02979288,0x0297928c,
	0x02979294,0x02979298,0x0297929c,0x029792b0,0x029792b4,0x029792b8,0x029792c8,0x029792cc,
	0x029792e0,0x029792f4,0x029792f8,0x02979810,0x02979818,0x0297981c,0x02979820,0x02979834,
	0x02979838,0x0297983c,0x02979840,0x02979848,0x0297984c,0x02979860,0x02979874,0x02979878,
	0x02979880,0x029798c0,0x029798d0,0x02980000,0x02980d00,0x02980e00,0x02980f00,0x02981000,
	0x02981100,0x02982000,0x02982500,0x02982800,0x02982900,0x0299e398,0x0299e3a0,0x0299e3a4,
	0x0299e3c0,0x0299e3c8,0x0299e3d0,0x0299e3d8,0x0299e3f4,0x0299e634,0x0299e640,0x0299e658,
	0x0299e6a0,0x0299e6ac,0x0299e800,0x0299e854,0x0299e858,0x0299e85c,0x0299e860,0x0299e864,
	0x0299e868,0x0299e870,0x0299e878,0x0299e900,0x0299e90c,0x0299e910,0x0299e914,0x0299e944,
	0x0299e948,0x0299e950,0x0299e958,0x0299e95c,0x0299e960,0x0299e974,0x0299e978,0x0299e97c,
	0x0299e980,0x0299ec00,0x0299ec3c,0x0299ec40,0x0299ec5c,0x0299ec60,0x0299ec68,0x0299ecd4,
	0x0299ecd8,0x0299ed00,0x0299ed20,0x0299ed24,0x0299ed28,0x0299ed2c,0x0299eda0,0x0299edb4,
	0x0299edb8,0x0299edbc,0x0299ee00,0x0299ef14,0x0299ef18,0x0299ef1c,0x0299ef20,0x0299ef40,
	0x0299ef80,0x0299efc4,0x0299efc8,0x0299efcc,0x0299efe0,0x0299f200,0x0299f204,0x0299f208,
	0x0299f210,0x0299f218,0x0299f240,0x0299f260,0x0299f300,0x0299f320,0x0299f324,0x0299f328,
	0x0299f330,0x0299f338,0x0299f340,0x0299f378,0x0299f400,0x0299f680,0x0299f694,0x0299f698,
	0x0299f69c,0x0299f6a0,0x0299f6bc,0x0299f800,0x0299fa98,0x0299fa9c,0x0299faa0,0x0299fac0,
	0x0299fae0,0x0299faf0,0x0299fc14,0x0299fc18,0x0299fc1c,0x0299fc20,0x0299fc34,0x0299fc38,
	0x0299fc40,0x0299fc80,0x0299fcc4,0x0299fcc8,0x0299fcd0,0x0299fce0,0x0299fd00,0x0299fd98,
	0x0299fdc0,0x0299fde0,0x0299fdf4,0x0299fdf8,0x0299ff78,0x0299ff7c,0x0299ffd0,0x0299ffd4,
	0x0299fff0,0x0299fff8,0x029a0000,0x029ade94,0x029adea0,0x029adea4,0x029adea8,0x029adeac,
	0x029adec4,0x029adecc,0x029aded0,0x029aded8,0x029adedc,0x029adee0,0x029adef4,0x029adef8,
	0x029adefc,0x029af400,0x029af454,0x029af458,0x029af480,0x029af484,0x029af488,0x029af490,
	0x029af494,0x029af4c0,0x029af4c8,0x029af508,0x029af510,0x029af518,0x029af588,0x029af58c,
	0x029af5a0,0x029af5a4,0x029af5a8,0x029af5c0,0x029af5c8,0x029af5cc,0x029af5e0,0x029af5f0,
	0x029af5f8,0x029b1ffc,0x029b2000,0x029b3510,0x029b3520,0x029b3530,0x029b3538,0x029b353c,
	0x029b3580,0x029b35c0,0x029b35c8,0x029b35cc,0x029b35e0,0x029b35f0,0x029b35f8,0x029b4754,
	0x029b4758,0x029b479c,0x029b47a0,0x029b47b4,0x029b47c0,0x029b47c8,0x029b47d0,0x029b47d8,
	0x029b47dc,0x029b47e0,0x029b4800,0x029b4a6c,0x029b4a70,0x029b4a78,0x029b4a7c,0x029b4a94,
	0x029b4b00,0x029b4b80,0x029b4b90,0x029b4ba0,0x029b4bac,0x029b4c74,0x029b4c78,0x029b4c7c,
	0x029b4c80,0x029b4d08,0x029b4d3c,0x029b4d40,0x029b4d5c,0x029b4d80,0x029b4d88,0x029b5054,
	0x029b5060,0x029b506c,0x029b5080,0x029b5094,0x029b5098,0x029b509c,0x029b50a0,0x029b50b4,
	0x029b52b4,0x029b52c0,0x029b52cc,0x029b52d0,0x029b52d4,0x029b5300,0x029b5328,0x029b532c,
	0x029b535c,0x029b5360,0x029b5364,0x029b5368,0x029b536c,0x029b5394,0x029b5398,0x029b5400,
	0x029b5478,0x029b5480,0x029b5498,0x029b54a0,0x029b54ac,0x029b5500,0x029b5570,0x029b5578,
	0x029b5580,0x029b5590,0x029b5598,0x029b55c4,0x029b55c8,0x029b55d0,0x029b55d8,0x029b5800,
	0x029b5804,0x029b6000,0x029b605c,0x029b6060,0x029b6068,0x029b6080,0x029b6090,0x029b60a0,
	0x029b60a8,0x029b6100,0x029b6104,0x029b81ec,0x029b81f0,0x029b81f8,0x029b8200,0x029b8234,
	0x029b8238,0x029b823c,0x029b8240,0x029b8248,0x029b8250,0x029b8258,0x029b8280,0x029b82d4,
	0x029b82d8,0x029b8300,0x029b8388,0x029b8390,0x029b83a0,0x029b83b4,0x029b83b8,0x029b83bc,
	0x029b8400,0x029b84a4,0x029b84c0,0x029b84e8,0x029b84f0,0x029b84f8,0x029b84fc,0x029b8538,
	0x029b8540,0x029b8560,0x029b8564,0x029b8568,0x029b8570,0x029b8584,0x029b8588,0x029b858c,
	0x029b85a0,0x029b85b0,0x029b85b8,0x029b85c0,0x029b85d4,0x029b85d8,0x029b85e8,0x029b85f0,
	0x029b8704,0x029b8708,0x029b870c,0x029b8720,0x029b8724,0x029b8728,0x029b872c,0x029b8754,
	0x029b8758,0x029b875c,0x029b8760,0x029b8780,0x029b8784,0x029b8788,0x029b878c,0x029b87a0,
	0x029b87b0,0x029b8914,0x029b8920,0x029b8924,0x029b8928,0x029b8930,0x029b8980,0x029b89c0,
	0x029b89c8,0x029b89d0,0x029b89e0,0x029b8af8,0x029b8b00,0x029b8b78,0x029b8b80,0x029b8b9c,
	0x029b8ba0,0x029b8bc4,0x029b8be0,0x029b8bf4,0x029b8bf8,0x029b8c00,0x029b8ca8,0x029b8cac,
	0x029b8d14,0x029b8d18,0x029b8d40,0x029b8d48,0x029b8d4c,0x029b8d60,0x029b8d70,0x029b8d78,
	0x029b8e00,0x029b8e04,0x029b8e08,0x029b8e10,0x029b8ea4,0x029b8ec0,0x029b8ec8,0x029b8ed0,
	0x029b8ed8,0x029b8f00,0x029b8f88,0x029b8f90,0x029b8f98,0x029b8f9c,0x029b8fa0,0x029b8fc0,
	0x029b9000,0x029b9088,0x029b908c,0x029b90a0,0x029b90b4,0x029b90b8,0x029b90c0,0x029b90e8,
	0x029b90ec,0x029b9200,0x029b9228,0x029b922c,0x029b9250,0x029b9258,0x029b925c,0x029b9260,
	0x029b9280,0x029b9294,0x029b9298,0x029b92c0,0x029b92e8,0x029b92ec,0x029b9300,0x029b9328,
	0x029b9330,0x029b9380,0x029b9394,0x029b9398,0x029b939c,0x029b93a0,0x029b93c0,0x029b93e0,
	0x029b93e4,0x029b93e8,0x029b93f0,0x029b93f4,0x029b9400,0x029b96a0,0x029b96a4,0x029b96a8,
	0x029b96ac,0x029b9850,0x029b9860,0x029b9870,0x029b9890,0x029b9898,0x029b9964,0x029b9980,
	0x029b9994,0x029b9998,0x029b99c0,0x029b99e0,0x029b99f4,0x029b99f8,0x029b9b50,0x029b9b58,
	0x029b9c00,0x029b9cfc,0x029b9d00,0x029b9d98,0x029b9da0,0x029b9da4,0x029b9dc0,0x029b9de0,
	0x029b9de8,0x029b9dec,0x029b9e00,0x029b9e08,0x029b9e10,0x029b9e18,0x029b9e40,0x029b9e48,
	0x029b9e50,0x029b9e54,0x029b9f44,0x029b9f48,0x029b9f58,0x029b9f5c,0x029b9f74,0x029b9f78,
	0x029b9f7c,0x029b9f80,0x029ba004,0x029ba008,0x029ba010,0x029ba018,0x029ba040,0x029ba048,
	0x029ba0a8,0x029ba0ac,0x029ba104,0x029ba108,0x029ba10c,0x029ba120,0x029ba124,0x029ba128,
	0x029ba130,0x029ba138,0x029ba140,0x029ba168,0x029ba170,0x029ba178,0x029ba200,0x029ba240,
	0x029ba248,0x029ba250,0x029ba25c,0x029ba300,0x029ba308,0x029ba30c,0x029ba320,0x029ba324,
	0x029ba328,0x029ba330,0x029ba338,0x029ba340,0x029ba368,0x029ba36c,0x029ba380,0x029ba428,
	0x029ba430,0x029ba438,0x029ba440,0x029ba468,0x029ba680,0x029ba6c0,0x029ba6c8,0x029ba6d0,
	0x029ba6e0,0x029ba700,0x029ba7a0,0x029ba7a4,0x029ba7a8,0x029ba7b0,0x029ba800,0x029bad40,
	0x029bad48,0x029bad4c,0x029bad60,0x029bb000,0x029bb0f8,0x029bb100,0x029bb1a8,0x029bb1b0,
	0x029bb1b4,0x029bb1c0,0x029bb1dc,0x029bb1e4,0x029bb1e8,0x029bb1f0,0x029bb1f4,0x029bb200,
	0x029bb25c,0x029bb260,0x029bb300,0x029bb320,0x029bb324,0x029bb328,0x029bb330,0x029bb380,
	0x029bb394,0x029bb398,0x029bb3c0,0x029bb3c8,0x029bb3d0,0x029bb3e0,0x029bb4a0,0x029bb4c0,
	0x029bb4e0,0x029bb500,0x029bb5a0,0x029bb5c0,0x029bb5e8,0x029bb5f0,0x029bb600,0x029bb6a8,
	0x029bb6b0,0x029bb750,0x029bb758,0x029bb75c,0x029bb760,0x029bb800,0x029bb820,0x029bb830,
	0x029bb838,0x029bb840,0x029bb880,0x029bb900,0x029bb988,0x029bb990,0x029bb998,0x029bb99c,
	0x029bb9a0,0x029bb9c0,0x029bb9d4,0x029bbc00,0x029bbc14,0x029bbc1c,0x029bbc40,0x029bbc48,
	0x029bbc50,0x029bbc58,0x029bbc5c,0x029bbc60,0x029bbc68,0x029bbc70,0x029bbc74,0x029bc8a0,
	0x029bc8a4,0x029bc8a8,0x029bc8b0,0x029bc8b8,0x029bc8bc,0x029bca00,0x029bca1c,0x029bca30,
	0x029bca38,0x029bcaa0,0x029bcaa4,0x029bcaa8,0x029bcac0,0x029be000,0x029be010,0x029be018,
	0x029be040,0x029be048,0x029be04c,0x029be060,0x029be064,0x029be068,0x029be070,0x029be080,
	0x029be0d0,0x029be0e0,0x029be0f0,0x029be0f8,0x029be100,0x029be200,0x029be214,0x029be218,
	0x029be240,0x029be244,0x029be24c,0x029be250,0x029be258,0x029be260,0x029be264,0x029be268,
	0x029be270,0x029be294,0x029be298,0x029be2c0,0x029be2c8,0x029be2cc,0x029be2d0,0x029c114c,
	0x029c1150,0x029c1154,0x029c1180,0x029c1198,0x029c11a0,0x029c11b0,0x029c11c0,0x029c11c4,
	0x029c11dc,0x029c11e0,0x029c11f4,0x029c11f8,0x029c11fc,0x029c130c,0x029c1318,0x029c131c,
	0x029c1320,0x029c1324,0x029c1328,0x029c132c,0x029c1354,0x029c1360,0x029c1368,0x029c1384,
	0x029c1388,0x029c1390,0x029c1398,0x029c1400,0x029c1414,0x029c1418,0x029c141c,0x029c1420,
	0x029c1434,0x029c1438,0x029c143c,0x029c1480,0x029c1484,0x029c29d4,0x029c29d8,0x029c29dc,
	0x029c29e0,0x029c29f4,0x029c2a00,0x029c2b44,0x029c2b48,0x029c2b4c,0x029c2b60,0x029c2c28,
	0x029c2c2c,0x029c2c38,0x029c2c40,0x029c2c80,0x029c2c84,0x029c2c88,0x029c2c98,0x029c2c9c,
	0x029c2cc0,0x029c2cdc,0x029c2d00,0x029c2da0,0x029c2da4,0x029c2da8,0x029c2dac,0x029c2e00,
	0x029c2e08,0x029c2e0c,0x029c2e20,0x029c2e30,0x029c2e38,0x029c2e3c,0x029c2e80,0x029c2e94,
	0x029c2e98,0x029c2ec0,0x029c2ee8,0x029c2eec,0x029c2f00,0x029c2f20,0x029c2f24,0x029c2f28,
	0x029c2f30,0x029c2f80,0x029c2f94,0x029c2f98,0x029c2fc0,0x029c2fe0,0x029c2ff0,0x029c2ff8,
	0x029c3000,0x029c3aa8,0x029c3aac,0x029c5100,0x029c5110,0x029c5120,0x029c5130,0x029c5134,
	0x029c5140,0x029c5160,0x029c5164,0x029c5168,0x029c516c,0x029c5184,0x029c51b4,0x029c51b8,
	0x029c51bc,0x029c51c0,0x029c51c4,0x029c51c8,0x029c51d0,0x029c51d8,0x029c51dc,0x029c51e0,
	0x029c5200,0x029c5310,0x029c5314,0x029c5318,0x029c5320,0x029c5330,0x029c5340,0x029c5344,
	0x029c5348,0x029c534c,0x029c5360,0x029c5364,0x029c5368,0x029c5370,0x029c5380,0x029c5390,
	0x029c53a0,0x029c53b4,0x029c53b8,0x029c54a0,0x029c54a4,0x029c54a8,0x029c54ac,0x029c5600,
	0x029c5614,0x029c5618,0x029c561c,0x029c5620,0x029c5634,0x029c5638,0x029c5640,0x029c5668,
	0x029c566c,0x029c5680,0x029c5688,0x029c568c,0x029c5694,0x029c5698,0x029c56a0,0x029c56a4,
	0x029c56a8,0x029c56ac,0x029c56c0,0x029c56c8,0x029c56d0,0x029c56e0,0x029c56f0,0x029c56f8,
	0x029c56fc,0x029c5978,0x029c5980,0x029c59d4,0x029c59d8,0x029c59dc,0x029c59e0,0x029c59e8,
	0x029c59f0,0x029c59f4,0x029c5a00,0x029c5b44,0x029c5b60,0x029c5b64,0x029c5b68,0x029c5b6c,
	0x029c5b80,0x029c5bd0,0x029c5bd8,0x029c5bdc,0x029c5be0,0x029c5bf4,0x029c5bf8,0x029c5bfc,
	0x029c5c00,0x029c5c04,0x029c5c4c,0x029c5c50,0x029c5c7c,0x029c5c80,0x029c5cd4,0x029c5cd8,
	0x029c5cdc,0x029c5ce0,0x029c5d00,0x029c5da0,0x029c5da4,0x029c5da8,0x029c5db0,0x029c5e00,
	0x029c5e58,0x029c5e60,0x029c5e74,0x029c5e78,0x029c5e7c,0x029c5e80,0x029c5f04,0x029c5f80,
	0x029c5f84,0x029c5f88,0x029c5f8c,0x029c5fa0,0x029c5fb0,0x029c5fb8,0x029c5fbc,0x029c7030,
	0x029c7040,0x029c7054,0x029c7058,0x029c7068,0x029c706c,0x029c7094,0x029c7098,0x029c70b0,
	0x029c70b8,0x029c70bc,0x029c70d4,0x029c70d8,0x029c7100,0x029c7108,0x029c710c,0x029c7120,
	0x029c7130,0x029c7154,0x029c7158,0x029c7180,0x029c718c,0x029c7190,0x029c7194,0x029c71a0,
	0x029c71a4,0x029c71a8,0x029c71ac,0x029c721c,0x029c7220,0x029c7234,0x029c7238,0x029c7240,
	0x029c7248,0x029c724c,0x029c7250,0x029c7254,0x029c7280,0x029c72c0,0x029c72e8,0x029c72ec,
	0x029c7310,0x029c7320,0x029c7340,0x029c7368,0x029c736c,0x029c7380,0x029c73c8,0x029c73e0,
	0x029c73e4,0x029c73e8,0x029c73f0,0x029c73f8,0x029c73fc,0x029c7400,0x029c7420,0x029c7430,
	0x029c7480,0x029c7490,0x029c7498,0x029c74c0,0x029c74e0,0x029c74e4,0x029c74e8,0x029c74ec,
	0x029c74fc,0x029c7500,0x029c7514,0x029c7518,0x029c7540,0x029c7568,0x029c756c,0x029c7580,
	0x029c75b4,0x029c75c0,0x029c75c4,0x029c75c8,0x029c75cc,0x029c7644,0x029c7648,0x029c7650,
	0x029c7660,0x029c7670,0x029c7678,0x029c7704,0x029c7708,0x029c770c,0x029c7710,0x029c7724,
	0x029c7728,0x029c772c,0x029c7730,0x029c7844,0x029c7848,0x029c784c,0x029c7860,0x029c7900,
	0x029c7920,0x029c7924,0x029c7928,0x029c792c,0x029c7954,0x029c7958,0x029c795c,0x029c7960,
	0x029c796c,0x029c7984,0x029c7988,0x029c79c0,0x029c79c4,0x029c8444,0x029c8448,0x029c8450,
	0x029c8460,0x029c8500,0x029c8520,0x029c8524,0x029c8528,0x029c8530,0x029c8580,0x029c8590,
	0x029c8598,0x029c85c0,0x029c85e8,0x029c85f0,0x029c8600,0x029c8750,0x029c8758,0x029c875c,
	0x029c8760,0x029c8774,0x029c8778,0x029c9000,0x029c9040,0x029c9044,0x029c9100,0x029c9108,
	0x029c9110,0x029c9118,0x029c9140,0x029c9148,0x029c9150,0x029c9158,0x029c915c,0x029c9160,
	0x029c91ac,0x029c91b0,0x029c9228,0x029c922c,0x029c9274,0x029c9278,0x029c927c,0x029c9290,
	0x029c9298,0x029c92c0,0x029c92c8,0x029c9300,0x029c9310,0x029c9318,0x029c931c,0x029c9320,
	0x029c9328,0x029c9330,0x029c9334,0x029c9340,0x029c9348,0x029c9350,0x029c9358,0x029c9420,
	0x029c9430,0x029c9438,0x029c9440,0x029c9468,0x029c9470,0x029c9480,0x029c94d0,0x029c94dc,
	0x029c9500,0x029c9588,0x029c9590,0x029c9598,0x029c95b4,0x029c95c8,0x029c95d0,0x029c95d4,
	0x029c95e0,0x029c95f4,0x029c95f8,0x029c9600,0x029c9618,0x029c9640,0x029c9644,0x029caa00,
	0x029caa10,0x029caa18,0x029caa1c,0x029caa24,0x029caa28,0x029caa2c,0x029caa40,0x029caa80,
	0x029caaa8,0x029caaac,0x029caac4,0x029caac8,0x029caad0,0x029caae0,0x029caaf4,0x029caaf8,
	0x029cab00,0x029cc080,0x029cc09c,0x029cc0c0,0x029cc0c8,0x029cc0d0,0x029cc0d8,0x029cc180,
	0x029cc18c,0x029d5800,0x029d6000,0x029d6700,0x029d6800,0x029d6b00,0x029d6c00,0x029d6d00,
	0x029d8000,0x029dc100,0x029dc200,0x029dc300,0x029dc800,0x029dc900,0x029dca00,0x029dcb00,
	0x029de000,0x029de100,0x029de200,0x029de400,0x029de800,0x029dec00,0x029e0000,0x029e002c,
	0x029e0030,0x029e0088,0x029e008c,0x029e00a0,0x029e00b0,0x029e00b8,0x029e00bc,0x029e00d4,
	0x029e00d8,0x029e0104,0x029e0108,0x029e0110,0x029e0120,0x029e0134,0x029e0138,0x029e0140,
	0x029e0180,0x029e01a8,0x029e01ac,0x029e01c0,0x029e01e8,0x029e01ec,0x029e0240,0x029e0248,
	0x029e0250,0x029e0260,0x029e0270,0x029e0278,0x029e0300,0x029e0304,0x029e0308,0x029e032e,
	0x029e032f,0x029e0330,0x029e0354,0x029e0358,0x029e035c,0x029e0360,0x029e0380,0x029e0384,
	0x029e0388,0x029e038c,0x029e0390,0x029e0398,0x029e0399,0x029e039a,0x029e039c,0x029e03a0,
	0x029e03a4,0x029e03a8,0x029e03b0,0x029e03b4,0x029e03b5,0x029e03b6,0x029e03b7,0x029e03b8,
	0x029e03c0,0x029e0400,0x029e0628,0x029e062c,0x029e0638,0x029e0640,0x029e066c,0x029e0670,
	0x029e0678,0x029e0700,0x029e0728,0x029e0730,0x029e0780,0x029e0784,0x029e0788,0x029e0790,
	0x029e0798,0x029e07b0,0x029e07b4,0x029e07c0,0x029e07e0,0x029e07e4,0x029e07e8,0x029e07f0,
	0x029e0914,0x029e0918,0x029e091c,0x029e0920,0x029e0934,0x029e0938,0x029e0944,0x029e0948,
	0x029e0950,0x029e095a,0x029e0960,0x029e0968,0x029e096c,0x029e0980,0x029e09c4,0x029e09c8,
	0x029e09d0,0x029e09d8,0x029e09dc,0x029e09e0,0x029e0c00,0x029e0c20,0x029e0c28,0x029e0c30,
	0x029e0c38,0x029e0c3c,0x029e0c40,0x029e0c64,0x029e0c70,0x029e0c78,0x029e0c7c,0x029e0c80,
	0x029e0ca0,0x029e0ca4,0x029e0ca8,0x029e0cb0,0x029e0cb8,0x029e0cbc,0x029e0cd0,0x029e0cd8,
	0x029e0cdc,0x029e0cde,0x029e0d00,0x029e0d28,0x029e0d2c,0x029e0d54,0x029e0d58,0x029e0d7c,
	0x029e0d80,0x029e0d88,0x029e0d90,0x029e0d98,0x029e0dc0,0x029e0dc8,0x029e0dd0,0x029e0dd4,
	0x029e0e00,0x029e0e44,0x029e0e48,0x029e0e50,0x029e0e58,0x029e0f00,0x029e0f08,0x029e0f10,
	0x029e0f18,0x029e0f40,0x029e0f44,0x029e1838,0x029e1850,0x029e1858,0x029e185c,0x029e1860,
	0x029e18ac,0x029e18b0,0x029e18b8,0x029e18c0,0x029e18e4,0x029e1980,0x029e1984,0x029e5cf4,
	0x029e5cf8,0x029e5cfc,0x029e5d00,0x029e5d58,0x029e5d6c,0x029e5d70,0x029e5d80,0x029e5d90,
	0x029e5d94,0x029e5d98,0x029e5dd0,0x029e5dd4,0x029e5dd8,0x029e5ddc,0x029e5df8,0x029e5dfc,
	0x029e5e00,0x029e5e54,0x029e5e60,0x029e5e6c,0x029e5e80,0x029e5ec4,0x029e5ec8,0x029e5ecc,
	0x029e5ee0,0x029e5ef4,0x029e5ef8,0x029e5f00,0x029e5fa8,0x029e5fac,0x029e6000,0x029e7510,
	0x029e7520,0x029e7534,0x029e7538,0x029e7540,0x029e7580,0x029e75c0,0x029e75c4,0x029e75d0,
	0x029e75d8,0x029eb600,0x029eb700,0x029ebc00,0x029ebf00,0x029f0820,0x029f0824,0x029f0828,
	0x029f0830,0x029f0838,0x029f083c,0x029f0880,0x029f0894,0x029f0898,0x029f089c,0x029f08a0,
	0x029f08b0,0x029f08b8,0x029f08c0,0x029f0a00,0x029f0a38,0x029f0a40,0x029f0a44,0x029f0a48,
	0x029f0a4c,0x029f0a80,0x029f0a90,0x029f0aa0,0x029f0ab4,0x029f0ab8,0x029f0abc,0x029f2000,
	0x029f202c,0x029f2030,0x029f2050,0x029f2058,0x029f205c,0x029f2060,0x029f2074,0x029f2078,
	0x029f207c,0x029f2080,0x029f2084,0x029f2090,0x029f2098,0x029f209c,0x029f20a0,0x029f20c0,
	0x029f20dc,0x029f20e4,0x029f20e8,0x029f20f0,0x029f20f4,0x029f3d3c,0x029f3d40,0x029f3d4c,
	0x029f3d50,0x029f3d58,0x029f3d60,0x029f3d64,0x029f3da8,0x029f3db0,0x029f3dec,0x029f3df0,
	0x029f3df8,0x029f3dfc,0x029f3e00,0x029f4500,0x029f4600,0x029f5000,0x029f5a00,0x029f5c00,
	0x029f5e00,0x029f5f00,0x029f6000,0x029f63f8,0x029f6400,0x029f6700,0x029f6800,0x029f6808,
	0x029f6810,0x029f6818,0x029f681c,0x029f6820,0x029f6840,0x029f6860,0x029f6874,0x029f6878,
	0x029f68e4,0x029f6914,0x029f6954,0x029f6958,0x029f699c,0x029f6c40,0x029f6c80,0x029f7200,
	0x029f7600,0x029f7700,0x029f7800,0x029fbd00,0x029fbe00,0x029fbf00,0x029fc000,0x029fde00,
	0x029fe000,0x029fe800,0x029fe900,0x029fea00,0x029feb00,0x02a00b00,0x02a01000,0x02a01200,
	0x02a08800,0x02a08a00,0x02a08c00,0x02a08d00,0x02a08e00,0x02a09000,0x02a09a00,0x02a09c00,
	0x02a09e00,0x02a0c000,0x02a0ca00,0x02a0cc00,0x02a0ce00,0x02a0d000,0x02a0da00,0x02a0dc00,
	0x02a0de00,0x02a10000,0x02a11500,0x02a12000,0x02a14000,0x02a16800,0x02a16900,0x02a16a00,
	0x02a16c00,0x02a16e00,0x02a16f00,0x02a18000,0x02a18a00,0x02a18c00,0x02a18e00,0x02a19000,
	0x02a19a00,0x02a19c00,0x02a19e00,0x02a1c000,0x02a1ca00,0x02a1cc00,0x02a1ce00,0x02a1d000,
	0x02a1d100,0x02a1d200,0x02a1d400,0x02a1d600,0x02a1da00,0x02a1dc00,0x02a1de00,0x02a40000,
	0x02a47e00,0x02a48000,0x02a48600,0x02a48700,0x02a48800,0x02a48900,0x02a48a00,0x02a48c00,
	0x02a49000,0x02a49200,0x02a49400,0x02a49500,0x02a4a000,0x02a4b100,0x02a4b200,0x02a4b400,
	0x02a4b600,0x02a4c000,0x02a4e800,0x02a4f000,0x02a4fa00,0x02a4fc00,0x02a4fe00,0x02a4ff00,
	0x02a50000,0x02a52a00,0x02a52c00,0x02a52e00,0x02a53000,0x02a53900,0x02a54000,0x02a55e00,
	0x02a56000,0x02a56300,0x02a56400,0x02a56500,0x02a56800,0x02a57000,0x02a57500,0x02a57600,
	0x02a57800,0x02a57d00,0x02a57e00,0x02a60000,0x02a70500,0x02a70600,0x02a71000,0x02a71200,
	0x02a71400,0x02a71800,0x02a74000,0x02a74800,0x02a74900,0x02a74a00,0x02a74c00,0x02a74e00,
	0x02a75000,0x02a75a00,0x02a75b00,0x02a76000,0x02b00000,0x02b00e00,0x02b01000,0x02b02200,
	0x02b02300,0x02b02400,0x02b02600,0x02b02700,0x02b02800,0x02b03000,0x02b03200,0x02b03300,
	0x02b03400,0x02b03600,0x02b03700,0x02b03800,0x02b04000,0x02b06800,0x02b06900,0x02b06a00,
	0x02b06c00,0x02b06d00,0x02b06e00,0x02b06f00,0x02b07000,0x02b07200,0x02b07300,0x02b07400,
	0x02b07700,0x02b07800,0x02b07d00,0x02b07e00,0x02b08000,0x02b0c400,0x02b0c800,0x02b0cd00,
	0x02b0ce00,0x02b0d000,0x02b0e000,0x02b0f000,0x02b0f200,0x02b0f400,0x02b0f500,0x02b0f800,
	0x02b0fd00,0x02b0fe00,0x02b0ff00,0x02b12200,0x02b12300,0x02b12800,0x02b12900,0x02b13000,
	0x02b13200,0x02b13400,0x02b13500,0x02b13600,0x02b14000,0x02b15000,0x02b15800,0x02b15900,
	0x02b15f00,0x02b16000,0x02b16700,0x02b16800,0x02b16900,0x02b16a00,0x02b16b00,0x02b16c00,
	0x02b16e00,0x02b17000,0x02b17200,0x02b17400,0x02b17500,0x02b17e00,0x02b18000,0x02b18a00,
	0x02b18c00,0x02b18e00,0x02b18f00,0x02b19b00,0x02b19c00,0x02b19d00,0x02b19e00,0x02b19f00,
	0x02b1a000,0x02b1b000,0x02b1b200,0x02b1b300,0x02b1b500,0x02b1b600,0x02b1b800,0x02b1bc00,
	0x02b1be00,0x02b1c000,0x02b1c100,0x02b1c200,0x02b1c300,0x02b1c400,0x02b1c600,0x02b1c800,
	0x02b1cc00,0x02b1ce00,0x02b1d000,0x02b1d200,0x02b1d400,0x02b1d600,0x02b1e800,0x02b1e900,
	0x02b1ea00,0x02b1ec00,0x02b1ee00,0x02b1ef00,0x02b1f900,0x02b1fa00,0x02b1fb00,0x02b1fd00,
	0x02b1fe00,0x02b1ff00,0x02b20000,0x02b22200,0x02b22400,0x02b22600,0x02b23000,0x02b23800,
	0x02b23d00,0x02b23e00,0x02b24000,0x02b25500,0x02b25600,0x02b25f00,0x02b26000,0x02b26a00,
	0x02b26c00,0x02b27500,0x02b27600,0x02b27700,0x02b27800,0x02b28000,0x02b2d400,0x02b2d600,
	0x02b30000,0x02b30a00,0x02b30c00,0x02b31a00,0x02b31d00,0x02b31e00,0x02b33e00,0x02b33f00,
	0x02b34400,0x02b34600,0x02b34700,0x02b34800,0x02b34900,0x02b35000,0x02b35100,0x02b35800,
	0x02b35900,0x02b35a00,0x02b35b00,0x02b36000,0x02b36900,0x02b36d00,0x02b36e00,0x02b37000,
	0x02b37100,0x02b37400,0x02b37600,0x02b37800,0x02b37900,0x02b37a00,0x02b37c00,0x02b37d00,
	0x02b38000,0x02b38100,0x02b38200,0x02b38400,0x02b38600,0x02b39000,0x02b39100,0x02b39200,
	0x02b39400,0x02b39600,0x02b39700,0x02b39800,0x02b39900,0x02b39a00,0x02b39c00,0x02b39d00,
	0x02b39e00,0x02b39f00,0x02b3a000,0x02b3c000,0x02b3c900,0x02b3cd00,0x02b3d000,0x02b3d200,
	0x02b3e000,0x02b3e400,0x02b3e600,0x02b3e700,0x02b3e800,0x02b3f000,0x02b3f800,0x02b3fc00,
	0x02b3fe00,0x02b40000,0x02b40400,0x02b40600,0x02b40a00,0x02b40c00,0x02b41400,0x02b41500,
	0x02b41600,0x02b41800,0x02b41c00,0x02b41d00,0x02b41e00,0x02b42000,0x02b42a00,0x02b42b00,
	0x02b43400,0x02b43600,0x02b44700,0x02b44800,0x02b44a00,0x02b44b00,0x02b44c00,0x02b45000,
	0x02b45200,0x02b46300,0x02b46400,0x02b46500,0x02b47300,0x02b47400,0x02b47500,0x02b47800,
	0x02b47c00,0x02b47e00,0x02b47f00,0x02b48000,0x02b48100,0x02b49e00,0x02b49f00,0x02b4a300,
	0x02b4a400,0x02b4a900,0x02b4aa00,0x02b4ac00,0x02b4ad00,0x02b4ae00,0x02b4af00,0x02b4b000,
	0x02b4b300,0x02b4b700,0x02b4b900,0x02b4ba00,0x02b4bb00,0x02b4bd00,0x02b4be00,0x02b4bf00,
	0x02b4cd00,0x02b4ce00,0x02b4cf00,0x02b4d000,0x02b4d100,0x02b4e000,0x02b4e500,0x02b4e800,
	0x02b4eb00,0x02b4ec00,0x02b4fd00,0x02b4fe00,0x02b50100,0x02b50200,0x02b51000,0x02b51400,
	0x02b51500,0x02b51b00,0x02b51c00,0x02b51e00,0x02b51f00,0x02b53000,0x02b53500,0x02b53f00,
	0x02b54000,0x02b54100,0x02b54200,0x02b54400,0x02b54800,0x02b54d00,0x02b54e00,0x02b54f00,
	0x02b55d00,0x02b55e00,0x02b55f00,0x02b56000,0x02b56400,0x02b56600,0x02b56700,0x02b56800,
	0x02b56900,0x02b57300,0x02b58000,0x02b58f00,0x02b59000,0x02b59700,0x02b59800,0x02b59d00,
	0x02b59e00,0x02b5a300,0x02b5a800,0x02b5a900,0x02b5aa00,0x02b5ac00,0x02b5b400,0x02b5b800,
	0x02b5ba00,0x02b5c000,0x02b5cd00,0x02b5d400,0x02b5d600,0x02b5e300,0x02b5e400,0x02b5e900,
	0x02b5ec00,0x02b5ee00,0x02b5f000,0x02b5fa00,0x02b5fb00,0x02b60000,0x02b62000,0x02b62200,
	0x02b62400,0x02b62600,0x02b62b00,0x02b62c00,0x02b62d00,0x02b63000,0x02b63800,0x02b63900,
	0x02b63a00,0x02b63b00,0x02b63e00,0x02b64000,0x02b64100,0x02b64200,0x02b64400,0x02b64500,
	0x02b64800,0x02b64d00,0x02b64e00,0x02b64f00,0x02b66000,0x02b66500,0x02b66600,0x02b66700,
	0x02b66800,0x02b66900,0x02b66a00,0x02b66c00,0x02b69100,0x02b69300,0x02b6a000,0x02b6a100,
	0x02b6a200,0x02b6a400,0x02b6aa00,0x02b6ac00,0x02b6ae00,0x02b6af00,0x02b6d100,0x02b6d200,
	0x02b6fb00,0x02b6fc00,0x02b6fe00,0x02b70000,0x02b70300,0x02b70700,0x02b71200,0x02b71300,
	0x02b72c00,0x02b72e00,0x02b72f00,0x02b73000,0x02b73700,0x02b73800,0x02b73a00,0x02b73b00,
	0x02b74000,0x02b74200,0x02b74300,0x02b74800,0x02b74d00,0x02b74e00,0x02b75000,0x02b75400,
	0x02b75600,0x02b75700,0x02b76200,0x02b76400,0x02b76600,0x02b76700,0x02b76800,0x02b76a00,
	0x02b77300,0x02b77400,0x02b77600,0x02b77800,0x02b77900,0x02b77a00,0x02b77b00,0x02b78000,
	0x02b78400,0x02b78600,0x02b79000,0x02b79100,0x02b79d00,0x02b79e00,0x02b7a900,0x02b7ac00,
	0x02b7bb00,0x02b7be00,0x02b7c200,0x02b7c400,0x02b7c600,0x02b7c700,0x02b7c800,0x02b7c900,
	0x02b7d100,0x02b7d400,0x02b7d600,0x02b7fb00,0x02b7fc00,0x02b7fe00,0x02b80000,0x02bc0500,
	0x02bc0600,0x02bc1000,0x02bc1200,0x02bc1400,0x02bc1600,0x02bc4000,0x02bc4200,0x02bc4400,
	0x02bc4600,0x02bc5000,0x02bc5200,0x02bc5300,0x02bc5800,0x02bc5c00,0x02bc5e00,0x02bd0000,
	0x02bd1f00,0x02bd4000,0x02bd4500,0x02bd4600,0x02bd4a00,0x02bd4c00,0x02bd5200,0x02bd5400,
	0x02bd6200,0x02bd6400,0x02bd6800,0x02bd7000,0x02bd7600,0x02bd7800,0x02bd7900,0x02c00000,
	0x02c00514,0x02c00518,0x02c0051c,0x02c00520,0x02c00534,0x02c00538,0x02c0053c,0x02c00554,
	0x02c00558,0x02c0055c,0x02c00560,0x02c00574,0x02c00578,0x02c00580,0x02c00594,0x02c00598,
	0x02c005c0,0x02c005e8,0x02c005ec,0x02c00600,0x02c00744,0x02c00748,0x02c00750,0x02c00760,
	0x02c00770,0x02c00780,0x02c007d4,0x02c007d8,0x02c007dc,0x02c007e0,0x02c01000,0x02c01020,
	0x02c01024,0x02c01028,0x02c0102c,0x02c01400,0x02c01404,0x02c0140c,0x02c01410,0x02c01424,
	0x02c01428,0x02c01444,0x02c01448,0x02c0144c,0x02c01460,0x02c01464,0x02c01468,0x02c0146c,
	0x02c01480,0x02c014c4,0x02c014c8,0x02c014cc,0x02c014e0,0x02c014e4,0x02c014e8,0x02c014f0,
	0x02c01600,0x02c016b0,0x02c016b4,0x02c016b8,0x02c016bc,0x02c01704,0x02c01708,0x02c01710,
	0x02c01720,0x02c01724,0x02c017a0,0x02c017a4,0x02c017a8,0x02c017ac,0x02c017f8,0x02c01800,
	0x02c01804,0x02c01808,0x02c0180c,0x02c0181c,0x02c01824,0x02c01828,0x02c0182c,0x02c01834,
	0x02c01838,0x02c0183c,0x02c01840,0x02c01850,0x02c01854,0x02c01880,0x02c01890,0x02c01894,
	0x02c01900,0x02c01928,0x02c0192c,0x02c01980,0x02c01984,0x02c01988,0x02c01990,0x02c019a0,
	0x02c019c0,0x02c019e4,0x02c019f0,0x02c019f8,0x02c01c00,0x02c01ca8,0x02c01cac,0x02c01d10,
	0x02c01d18,0x02c01d35,0x02c01d36,0x02c01d37,0x02c01d38,0x02c01d3d,0x02c01d3e,0x02c01d3f,
	0x02c01d40,0x02c01d44,0x02c01d5c,0x02c01d60,0x02c01d80,0x02c01d94,0x02c01da0,0x02c01dac,
	0x02c01dc0,0x02c01df8,0x02c01e10,0x02c01e18,0x02c01e1c,0x02c01e20,0x02c01e40,0x02c01e4c,
	0x02c01e50,0x02c01e54,0x02c020a8,0x02c020ac,0x02c02200,0x02c02210,0x02c02218,0x02c02240,
	0x02c02260,0x02c02300,0x02c02328,0x02c0232c,0x02c02380,0x02c02390,0x02c02398,0x02c023c0,
	0x02c023e8,0x02c023ec,0x02c0256c,0x02c02580,0x02c025bc,0x02c025c0,0x02c025c4,0x02c02600,
	0x02c02604,0x02c02608,0x02c0260c,0x02c02610,0x02c02624,0x02c02628,0x02c0262c,0x02c02640,
	0x02c02668,0x02c02670,0x02c02678,0x02c02680,0x02c02684,0x02c02688,0x02c0268c,0x02c026a0,
	0x02c026a4,0x02c026a8,0x02c026ac,0x02c02700,0x02c02714,0x02c02720,0x02c02724,0x02c02950,
	0x02c0295c,0x02c02c08,0x02c02c0c,0x02c02c10,0x02c02c14,0x02c02c1c,0x02c02c28,0x02c02c2c,
	0x02c02c40,0x02c02c68,0x02c02c6c,0x02c02c84,0x02c02c88,0x02c02c90,0x02c02ca0,0x02c02cb4,
	0x02c02cb8,0x02c02cc0,0x02c02cd0,0x02c02cd8,0x02c02cdc,0x02c02ce0,0x02c02ce8,0x02c02cec,
	0x02c02cf0,0x02c02cf8,0x02c02d00,0x02c02da8,0x02c02dac,0x02c03000,0x02c0301c,0x02c03024,
	0x02c03028,0x02c03040,0x02c03048,0x02c03050,0x02c03058,0x02c0305c,0x02c03060,0x02c03100,
	0x02c03128,0x02c0312c,0x02c03180,0x02c03190,0x02c03198,0x02c0319c,0x02c031a0,0x02c031c0,
	0x02c031e0,0x02c03400,0x02c034a0,0x02c034c0,0x02c034e8,0x02c034f0,0x02c0350f,0x02c03510,
	0x02c03519,0x02c0352a,0x02c0352b,0x02c03540,0x02c03547,0x02c03548,0x02c0354a,0x02c0354b,
	0x02c0354d,0x02c03550,0x02c03552,0x02c03554,0x02c03558,0x02c0355c,0x02c03560,0x02c03571,
	0x02c03572,0x02c03573,0x02c03574,0x02c03578,0x02c03581,0x02c03582,0x02c03583,0x02c03588,
	0x02c03589,0x02c0358a,0x02c0358b,0x02c035a0,0x02c035a1,0x02c035a2,0x02c035a3,0x02c035a8,
	0x02c035a9,0x02c035aa,0x02c035ab,0x02c035d0,0x02c035d2,0x02c035d3,0x02c035d8,0x02c035d9,
	0x02c035da,0x02c035dc,0x02c035e0,0x02c035f5,0x02c035f6,0x02c035f7,0x02c035f9,0x02c035fa,
	0x02c035fb,0x02c035fd,0x02c035fe,0x02c035ff,0x02c03600,0x02c03704,0x02c03708,0x02c0370c,
	0x02c0370e,0x02c0370f,0x02c03720,0x02c03725,0x02c03726,0x02c03730,0x02c0373a,0x02c0373b,
	0x02c03750,0x02c03752,0x02c03753,0x02c03758,0x02c03759,0x02c0375a,0x02c0375b,0x02c0375f,
	0x02c03780,0x02c03791,0x02c03792,0x02c03794,0x02c03798,0x02c0379c,0x02c0379d,0x02c0379e,
	0x02c0379f,0x02c037a0,0x02c037c0,0x02c037c4,0x02c037c5,0x02c037c6,0x02c037d0,0x02c037d2,
	0x02c037d4,0x02c037d5,0x02c03800,0x02c03bf4,0x02c03bf8,0x02c03d40,0x02c03d48,0x02c03d4c,
	0x02c03d60,0x02c03d64,0x02c03d68,0x02c03d70,0x02c03d80,0x02c03dd0,0x02c03de0,0x02c03de4,
	0x02c03e00,0x02c03ea0,0x02c03ea4,0x02c03f18,0x02c03f20,0x02c03f2c,0x02c03f80,0x02c03f84,
	0x02c03f88,0x02c03f90,0x02c03fa0,0x02c03fb0,0x02c04110,0x02c04120,0x02c04140,0x02c04180,
	0x02c04194,0x02c04198,0x02c0419c,0x02c041a0,0x02c041b4,0x02c04200,0x02c0423c,0x02c04240,
	0x02c04258,0x02c04260,0x02c04264,0x02c04280,0x02c04290,0x02c042a0,0x02c042a4,0x02c045dc,
	0x02c045de,0x02c045df,0x02c045e0,0x02c045f4,0x02c045f8,0x02c045fc,0x02c04600,0x02c04754,
	0x02c04758,0x02c04759,0x02c0475a,0x02c0475b,0x02c04760,0x02c04771,0x02c04772,0x02c04773,
	0x02c04778,0x02c04779,0x02c0477a,0x02c0477b,0x02c04780,0x02c04798,0x02c0479c,0x02c047a4,
	0x02c047c4,0x02c047d0,0x02c047e0,0x02c047e4,0x02c047e8,0x02c047f0,0x02c047f8,0x02c047f9,
	0x02c047fa,0x02c047fb,0x02c04800,0x02c048a8,0x02c048b0,0x02c048b4,0x02c048c0,0x02c048e0,
	0x02c048e4,0x02c048f4,0x02c048f8,0x02c04994,0x02c04998,0x02c04999,0x02c0499a,0x02c0499b,
	0x02c049ad,0x02c049b4,0x02c049b6,0x02c049c0,0x02c049c8,0x02c049c9,0x02c049ca,0x02c049cb,
	0x02c049cc,0x02c049cd,0x02c049ce,0x02c049cf,0x02c049d8,0x02c049dc,0x02c049dd,0x02c04a00,
	0x02c04a14,0x02c04a18,0x02c04a1c,0x02c04a20,0x02c04a2c,0x02c04a30,0x02c04a34,0x02c04a57,
	0x02c04a58,0x02c04a5b,0x02c04a60,0x02c04a68,0x02c04a70,0x02c04a72,0x02c04a73,0x02c04a78,
	0x02c04a79,0x02c04a7a,0x02c04a7b,0x02c04a80,0x02c04a8c,0x02c04aa0,0x02c04aa5,0x02c04aa6,
	0x02c04aa7,0x02c04aa8,0x02c04aac,0x02c04ab0,0x02c04ab2,0x02c04ab4,0x02c04ab6,0x02c04ab7,
	0x02c04ab8,0x02c04abc,0x02c04ac8,0x02c04ad0,0x02c04ada,0x02c04adb,0x02c04adc,0x02c04ade,
	0x02c04ae0,0x02c04ae8,0x02c04b04,0x02c04b6e,0x02c04b70,0x02c04b7a,0x02c04b80,0x02c04b8a,
	0x02c04b90,0x02c04b92,0x02c04b94,0x02c04b95,0x02c04c00,0x02c04c28,0x02c04c34,0x02c04c35,
	0x02c04c38,0x02c04c3c,0x02c04c3d,0x02c04c40,0x02c04c4c,0x02c04c61,0x02c04c62,0x02c04c63,
	0x02c04c64,0x02c04c66,0x02c04c67,0x02c04c68,0x02c04c6d,0x02c04c85,0x02c04c86,0x02c04c87,
	0x02c04c88,0x02c04c8a,0x02c04c8b,0x02c04c8d,0x02c04c8e,0x02c04c8f,0x02c04c9c,0x02c04ca0,
	0x02c04cc1,0x02c04cc2,0x02c04cc4,0x02c04cc8,0x02c04cca,0x02c04ccb,0x02c04cd0,0x02c04cdd,
	0x02c04cde,0x02c04cdf,0x02c04d00,0x02c04d2c,0x02c04d2d,0x02c04d2e,0x02c04d2f,0x02c04d4c,
	0x02c04d50,0x02c04d51,0x02c04d52,0x02c04d54,0x02c04d58,0x02c04d5d,0x02c04d5e,0x02c04d5f,
	0x02c04d60,0x02c04d68,0x02c04d6c,0x02c04d70,0x02c04d72,0x02c04d73,0x02c04d78,0x02c04d79,
	0x02c04d7a,0x02c04d7b,0x02c04d80,0x02c04d81,0x02c04d82,0x02c04d83,0x02c04d90,0x02c04d9a,
	0x02c04d9b,0x02c04da0,0x02c04dbf,0x02c04dc0,0x02c04dd1,0x02c04dd2,0x02c04dd3,0x02c04dd8,
	0x02c04dd9,0x02c04dda,0x02c04ddc,0x02c04de0,0x02c04de1,0x02c04de8,0x02c04dec,0x02c04df5,
	0x02c04df6,0x02c04e00,0x02c04e28,0x02c04e29,0x02c04e2a,0x02c04e2c,0x02c04e2e,0x02c04e30,
	0x02c04e3a,0x02c04e3c,0x02c04e3d,0x02c04e3f,0x02c04e68,0x02c04e6c,0x02c04e6e,0x02c04e70,
	0x02c04e76,0x02c04e78,0x02c04e7a,0x02c04e7c,0x02c04e7d,0x02c04f00,0x02c04f1b,0x02c04f1c,
	0x02c04f1e,0x02c04f20,0x02c04f21,0x02c04f40,0x02c04f58,0x02c04f5c,0x02c04f60,0x02c05000,
	0x02c0500c,0x02c05014,0x02c05018,0x02c0501c,0x02c05020,0x02c05024,0x02c05034,0x02c05038,
	0x02c05039,0x02c0503a,0x02c0503b,0x02c05080,0x02c0508a,0x02c0508c,0x02c0508e,0x02c05090,
	0x02c05091,0x02c05092,0x02c05094,0x02c05098,0x02c0509a,0x02c051f5,0x02c051f6,0x02c051f7,
	0x02c051f8,0x02c05353,0x02c05355,0x02c05356,0x02c05357,0x02c05359,0x02c0535a,0x02c0535b,
	0x02c0535d,0x02c0535e,0x02c05360,0x02c05365,0x02c05366,0x02c05367,0x02c05368,0x02c0536d,
	0x02c0536e,0x02c0536f,0x02c05380,0x02c053bd,0x02c053c0,0x02c053c5,0x02c053c6,0x02c053c7,
	0x02c053c8,0x02c053ca,0x02c053cc,0x02c053cd,0x02c053ce,0x02c053cf,0x02c053e1,0x02c053e2,
	0x02c053e4,0x02c053e5,0x02c05400,0x02c0540f,0x02c05410,0x02c05411,0x02c05420,0x02c05424,
	0x02c05426,0x02c05427,0x02c05428,0x02c05430,0x02c05480,0x02c05487,0x02c05488,0x02c05489,
	0x02c0548a,0x02c0548b,0x02c054a0,0x02c054a2,0x02c054a3,0x02c054a4,0x02c054a6,0x02c054a7,
	0x02c054a8,0x02c054a9,0x02c054aa,0x02c054ad,0x02c054ae,0x02c054af,0x02c05600,0x02c05605,
	0x02c05608,0x02c0560a,0x02c05800,0x02c058a8,0x02c058a9,0x02c058aa,0x02c058ab,0x02c058b0,
	0x02c058b2,0x02c058b5,0x02c058b6,0x02c058b7,0x02c058b8,0x02c058c0,0x02c058cb,0x02c058cc,
	0x02c058e1,0x02c058e2,0x02c058e4,0x02c058e8,0x02c058e9,0x02c05900,0x02c05913,0x02c05918,
	0x02c05919,0x02c0591a,0x02c0591b,0x02c05920,0x02c0592f,0x02c05930,0x02c05931,0x02c05980,
	0x02c05985,0x02c05986,0x02c05987,0x02c05988,0x02c0598a,0x02c0598c,0x02c0598d,0x02c05a00,
	0x02c05a04,0x02c06004,0x02c06028,0x02c06030,0x02c0603c,0x02c06222,0x02c06223,0x02c06228,
	0x02c06229,0x02c08000,0x02c08008,0x02c0800c,0x02c08020,0x02c08030,0x02c08038,0x02c0803c,
	0x02c08080,0x02c080c0,0x02c080c8,0x02c080cc,0x02c080e0,0x02c080f0,0x02c080f8,0x02c080fc,
	0x02c0810c,0x02c08110,0x02c08118,0x02c0811c,0x02c08130,0x02c08134,0x02c0813c,0x02c08140,
	0x02c081c0,0x02c081c8,0x02c081d8,0x02c081dc,0x02c081f4,0x02c081f8,0x02c08200,0x02c08300,
	0x02c083a0,0x02c083a4,0x02c083a8,0x02c083ac,0x02c083cc,0x02c083d0,0x02c08800,0x02c08914,
	0x02c08918,0x02c08940,0x02c08948,0x02c0894c,0x02c08950,0x02c08954,0x02c08958,0x02c0895c,
	0x02c08960,0x02c08974,0x02c08978,0x02c08c00,0x02c08c30,0x02c08c34,0x02c08c3c,0x02c08c40,
	0x02c08c68,0x02c08c6c,0x02c08c94,0x02c08c98,0x02c08ca8,0x02c08cac,0x02c08cb4,0x02c08cb8,
	0x02c08cbc,0x02c08cc4,0x02c08cc8,0x02c08ccc,0x02c08ce0,0x02c08ce4,0x02c08cf0,0x02c08cf8,
	0x02c08cfc,0x02c08d00,0x02c08da0,0x02c08da4,0x02c08df4,0x02c08e14,0x02c08e18,0x02c08e34,
	0x02c08e38,0x02c08e40,0x02c08e68,0x02c08e70,0x02c08e74,0x02c08e78,0x02c08e7c,0x02c08f00,
	0x02c08f18,0x02c09000,0x02c091d4,0x02c091d8,0x02c091dc,0x02c091e0,0x02c091ec,0x02c09200,
	0x02c09344,0x02c09348,0x02c0934c,0x02c09380,0x02c093b4,0x02c093b8,0x02c093bc,0x02c09400,
	0x02c0942c,0x02c09430,0x02c09438,0x02c09440,0x02c09468,0x02c0946c,0x02c09480,0x02c09500,
	0x02c09510,0x02c09518,0x02c0951c,0x02c09520,0x02c09534,0x02c09538,0x02c0953c,0x02c09800,
	0x02c098a0,0x02c098a4,0x02c098a8,0x02c098b0,0x02c098b4,0x02c098c0,0x02c098e0,0x02c098e4,
	0x02c098e8,0x02c098f0,0x02c098f4,0x02c09900,0x02c09914,0x02c09918,0x02c0991c,0x02c09920,
	0x02c09930,0x02c09980,0x02c0998c,0x02c0a1b4,0x02c0a1b8,0x02c0a1bc,0x02c0a1c0,0x02c0a1cc,
	0x02c0a1d0,0x02c0a1d4,0x02c0a200,0x02c0a310,0x02c0a318,0x02c0a338,0x02c0a380,0x02c0a390,
	0x02c0a3a0,0x02c0a3b0,0x02c0a3b8,0x02c0a3bc,0x02c0a400,0x02c0a42c,0x02c0a430,0x02c0a484,
	0x02c0a494,0x02c0a498,0x02c0a4c0,0x02c0a4c4,0x02c0a4cc,0x02c0a4e0,0x02c0a4e4,0x02c0a4e8,
	0x02c0a4ec,0x02c0a600,0x02c0a644,0x02c0a648,0x02c0a650,0x02c0a660,0x02c0a670,0x02c0a680,
	0x02c0a6d0,0x02c0a6e0,0x02c0a6f0,0x02c0a940,0x02c0a968,0x02c0a96c,0x02c0a980,0x02c0a9c4,
	0x02c0a9c8,0x02c0a9cc,0x02c0a9e0,0x02c0a9e4,0x02c0a9e8,0x02c0a9f0,0x02c0aa00,0x02c0ab54,
	0x02c0ab58,0x02c0ac00,0x02c0ac54,0x02c0ac58,0x02c0ac5c,0x02c0ac60,0x02c0ac6c,0x02c0ac80,
	0x02c0acb0,0x02c0acb4,0x02c0acc4,0x02c0acc8,0x02c0accc,0x02c0ace0,0x02c0ace4,0x02c0ae10,
	0x02c0ae14,0x02c11400,0x02c11500,0x02c11544,0x02c11548,0x02c1154c,0x02c11550,0x02c11554,
	0x02c11558,0x02c1155c,0x02c11560,0x02c11600,0x02c11800,0x02c11d00,0x02c11e00,0x02c14000,
	0x02c14004,0x02c14008,0x02c1400c,0x02c14a00,0x02c14b00,0x02c16100,0x02c16200,0x02c16700,
	0x02c16800,0x02c16d00,0x02c16e00,0x02c17800,0x02c17900,0x02c17a00,0x02c17b00,0x02c1bc60,
	0x02c1bc64,0x02c1bc68,0x02c1bc70,0x02c1bcc4,0x02c1bcc8,0x02c1bccc,0x02c1bcd0,0x02c1bcd8,
	0x02c1bcdc,0x02c1bcf0,0x02c1bcf4,0x02c1bda8,0x02c1bdac,0x02c1be14,0x02c1be18,0x02c1be48,
	0x02c1be4c,0x02c1be54,0x02c1be58,0x02c1be5c,0x02c1be64,0x02c1be68,0x02c1be6c,0x02c1be74,
	0x02c1be78,0x02c1be7c,0x02c1be80,0x02c1bec4,0x02c1bec8,0x02c1becc,0x02c1bee0,0x02c1bee4,
	0x02c1bee8,0x02c1bef0,0x02c1bf00,0x02c1bf08,0x02c1bf0c,0x02c1bf20,0x02c1bf24,0x02c1bf28,
	0x02c1bf2c,0x02c1bf80,0x02c1bf84,0x02c1bf88,0x02c1bf8c,0x02c1bfa8,0x02c1bfac,0x02c1c700,
	0x02c1c800,0x02c1d000,0x02c1d400,0x02c1d600,0x02c1d700,0x02c1d900,0x02c1da00,0x02c1dc00,
	0x02c1e000,0x02c1f500,0x02c1f600,0x02c25600,0x02c25700,0x02c25900,0x02c25a00,0x02c25b00,
	0x02c26000,0x02c26700,0x02c26800,0x02c26d00,0x02c26e00,0x02c26f00,0x02c28000,0x02c2af00,
	0x02c2b000,0x02c2b600,0x02c2b800,0x02c2b900,0x02c2c000,0x02c2c500,0x02c2c600,0x02c2c700,
	0x02c2c800,0x02c2cc00,0x02c2ce00,0x02c2cf00,0x02c2df00,0x02c2e200,0x02c30000,0x02c31450,
	0x02c31460,0x02c31470,0x02c31478,0x02c3147c,0x02c31480,0x02c314d4,0x02c314d8,0x02c314dc,
	0x02c314e0,0x02c314f0,0x02c31504,0x02c31508,0x02c3150c,0x02c31520,0x02c31530,0x02c31538,
	0x02c31540,0x02c31568,0x02c3156c,0x02c31580,0x02c31594,0x02c31598,0x02c315d0,0x02c315e4,
	0x02c315f4,0x02c315f8,0x02c31600,0x02c31654,0x02c31658,0x02c31700,0x02c31720,0x02c31730,
	0x02c31744,0x02c31748,0x02c31750,0x02c31754,0x02c31780,0x02c31794,0x02c31798,0x02c317c0,
	0x02c317e0,0x02c317e4,0x02c317e8,0x02c317f0,0x02c31800,0x02c31d54,0x02c31d58,0x02c32000,
	0x02c32100,0x02c32200,0x02c32300,0x02c34200,0x02c34204,0x02c34208,0x02c3420c,0x02c34220,
	0x02c34230,0x02c34280,0x02c3428c,0x02c34290,0x02c342c0,0x02c342c8,0x02c342d0,0x02c342e0,
	0x02c342e8,0x02c34800,0x02c34818,0x02c3537c,0x02c35380,0x02c353d4,0x02c353e0,0x02c353e4,
	0x02c353e8,0x02c353ec,0x02c353fc,0x02c35424,0x02c35428,0x02c3542c,0x02c35430,0x02c35484,
	0x02c35488,0x02c35490,0x02c35494,0x02c35498,0x02c3549c,0x02c354ac,0x02c354b4,0x02c354b8,
	0x02c354bc,0x02c35604,0x02c35608,0x02c3560c,0x02c35614,0x02c35618,0x02c35640,0x02c35660,
	0x02c35664,0x02c35668,0x02c35670,0x02c35678,0x02c3567c,0x02c35680,0x02c3568c,0x02c35690,
	0x02c35698,0x02c356c0,0x02c356c8,0x02c356cc,0x02c356d4,0x02c356d8,0x02c356e0,0x02c356ec,
	0x02c35700,0x02c357a8,0x02c357ac,0x02c35944,0x02c35948,0x02c3594c,0x02c35950,0x02c35964,
	0x02c35968,0x02c3596c,0x02c35970,0x02c35978,0x02c3597c,0x02c359c4,0x02c359c8,0x02c359cc,
	0x02c359d4,0x02c359d8,0x02c359e0,0x02c359e4,0x02c35a00,0x02c35b14,0x02c35b18,0x02c35b1c,
	0x02c35b20,0x02c35b30,0x02c35b38,0x02c35b40,0x02c35b44,0x02c35b4c,0x02c35b54,0x02c35b58,
	0x02c35b5c,0x02c35b64,0x02c35b68,0x02c35b6c,0x02c35b74,0x02c35b78,0x02c35b7c,0x02c35bc4,
	0x02c35bc8,0x02c35bcc,0x02c35bd4,0x02c35c34,0x02c35c38,0x02c35c3c,0x02c35c4c,0x02c35c50,
	0x02c35c6c,0x02c35c70,0x02c35c80,0x02c35ca0,0x02c35cb0,0x02c35cb8,0x02c35cc0,0x02c35cc4,
	0x02c35cc8,0x02c35ccc,0x02c35cd4,0x02c35cd8,0x02c35cf4,0x02c35cf8,0x02c35d00,0x02c35e00,
	0x02c35e04,0x02c35e10,0x02c35e18,0x02c35e1c,0x02c35e20,0x02c35e40,0x02c35e4c,0x02c35e54,
	0x02c35e58,0x02c35e60,0x02c35e64,0x02c35e68,0x02c35e70,0x02c35ec0,0x02c35ecc,0x02c35ee0,
	0x02c35ee4,0x02c35f00,0x02c35f04,0x02c35f08,0x02c35f0c,0x02c3a000,0x02c3a100,0x02c3a200,
	0x02c3a400,0x02c3a800,0x02c3ad00,0x02c3ae00,0x02c3af00,0x02c40000,0x02c40200,0x02c40400,
	0x02c40600,0x02c40700,0x02c40800,0x02c41000,0x02c41300,0x02c41800,0x02c41900,0x02c42000,
	0x02c42700,0x02c42800,0x02c42d00,0x02c44000,0x02c44800,0x02c44900,0x02c44a00,0x02c44b00,
	0x02c44c00,0x02c44e00,0x02c45000,0x02c45a00,0x02c45b00,0x02c46000,0x02c47500,0x02c47600,
	0x02c48000,0x02c48100,0x02c48200,0x02c48400,0x02c48600,0x02c48a00,0x02c48c00,0x02c49000,
	0x02c4a000,0x02c4a800,0x02c4a900,0x02c4aa00,0x02c4ac00,0x02c4ae00,0x02c4b000,0x02c4b100,
	0x02c4b200,0x02c4b300,0x02c4b400,0x02c4b500,0x02c4b800,0x02c4b900,0x02c4ba00,0x02c4bc00,
	0x02c4be00,0x02c4c000,0x02c4d000,0x02c4d200,0x02c4d300,0x02c4d800,0x02c4d900,0x02c4da00,
	0x02c4dc00,0x02c4e000,0x02c4ea00,0x02c4ec00,0x02c4ee00,0x02c4ef00,0x02c4f400,0x02c4f700,
	0x02c4f800,0x02c4fc00,0x02c4fd00,0x02c4fe00,0x02c4ff00,0x02c50000,0x02c52200,0x02c52300,
	0x02c52800,0x02c52c00,0x02c52f00,0x02c53000,0x02c53800,0x02c53900,0x02c53a00,0x02c53b00,
	0x02c58000,0x02c58500,0x02c58600,0x02c58700,0x02c58800,0x02c58d00,0x02c58e00,0x02c58f00,
	0x02c59400,0x02c59800,0x02c59c00,0x02c59e00,0x02c59f00,0x02c5a000,0x02c5b500,0x02c5b600,
	0x02c5b700,0x02c5b800,0x02c5c000,0x02c60000,0x02c64500,0x02c64600,0x02c65000,0x02c65500,
	0x02c65600,0x02c65800,0x02c65c00,0x02c65d00,0x02c65e00,0x02c66e00,0x02c66f00,0x02c6c400,
	0x02c6c600,0x02c6c700,0x02c6c800,0x02c6d200,0x02c6d300,0x02c6d400,0x02c6d800,0x02c6d900,
	0x02c6da00,0x02c6db00,0x02c6dc00,0x02c6dd00,0x02c6e000,0x02c6e500,0x02c6e800,0x02c6e900,
	0x02c70800,0x02c70900,0x02c70a00,0x02c70c00,0x02c74100,0x02c74200,0x02c74300,0x02c74800,
	0x02c74900,0x02c74a00,0x02c74c00,0x02c76000,0x02c76400,0x02c76800,0x02c76d00,0x02c76e00,
	0x02c76f00,0x02c78000,0x02c7c500,0x02c7c600,0x02c7d000,0x02c7da00,0x02c7db00,0x02c7e000,
	0x02c7f100,0x02c7f200,0x02c7f300,0x02c7f800,0x02c7fc00,0x02c80000,0x02c80300,0x02c90f00,
	0x02c92000,0x02c92500,0x02c92800,0x02c92900,0x02c92a00,0x02c92b00,0x02c97600,0x02c97800,
	0x02c97a00,0x02c98000,0x02c98400,0x02c98800,0x02c98c00,0x02c9a000,0x02c9a400,0x02c9a800,
	0x02c9ac00,0x02c9d100,0x02c9d200,0x02c9d300,0x02c9e000,0x02c9e700,0x02c9e800,0x02c9eb00,
	0x02c9f000,0x02c9f100,0x02c9f200,0x02c9f400,0x02c9f500,0x02ca0000,0x02ca2900,0x02ca2c00,
	0x02ca2e00,0x02ca2f00,0x02ca3600,0x02ca3800,0x02ca3c00,0x02ca4000,0x02ca4300,0x02ca4400,
	0x02ca4c00,0x02ca4d00,0x02ca5400,0x02ca5500,0x02ca5b00,0x02ca5c00,0x02ca5d00,0x02ca6000,
	0x02ca6700,0x02ca6900,0x02ca6a00,0x02ca6d00,0x02ca6e00,0x02ca6f00,0x02ca7000,0x02ca7100,
	0x02ca7200,0x02ca7300,0x02ca7400,0x02ca7600,0x02ca7700,0x02ca7800,0x02ca8000,0x02ca8300,
	0x02ca8400,0x02ca8500,0x02ca8600,0x02ca8700,0x02ca8800,0x02ca8b00,0x02ca8c00,0x02ca8d00,
	0x02ca9000,0x02ca9400,0x02ca9700,0x02ca9800,0x02ca9a00,0x02ca9b00,0x02ca9c00,0x02ca9d00,
	0x02caa000,0x02caaf00,0x02cab000,0x02cab200,0x02cab300,0x02cab700,0x02caba00,0x02cabb00,
	0x02cabd00,0x02cabe00,0x02cac100,0x02cae300,0x02cae400,0x02cae800,0x02caed00,0x02caee00,
	0x02caf000,0x02cb0000,0x02cb0100,0x02cb0200,0x02cb0400,0x02cb0600,0x02cb1000,0x02cb1200,
	0x02cb1400,0x02cb1600,0x02cb2a00,0x02cb2b00,0x02cb2e00,0x02cb3000,0x02cb4f00,0x02cb5000,
	0x02cb5700,0x02cb5800,0x02cb5a00,0x02cb5f00,0x02cb6000,0x02cb6500,0x02cb6800,0x02cb6900,
	0x02cb7400,0x02cb7700,0x02cb8000,0x02cb8100,0x02cb8200,0x02cb8400,0x02cb8700,0x02cb9100,
	0x02cb9200,0x02cb9300,0x02cb9800,0x02cb9f00,0x02cba000,0x02cbb500,0x02cbb600,0x02cbc000,
	0x02cbcec8,0x02cbced0,0x02cbced8,0x02cbcedc,0x02cbcee0,0x02cbcee8,0x02cbceec,0x02cbcef8,
	0x02cbcefc,0x02cbcf00,0x02cbcfa8,0x02cbcfac,0x02cbdd00,0x02cbde00,0x02cbdf00,0x02cbe000,
	0x02cbe444,0x02cbe448,0x02cbe450,0x02cbe460,0x02cbe470,0x02cbe480,0x02cbe4d0,0x02cbe4e0,
	0x02cbe4e4,0x02cbe4e8,0x02cbe4ec,0x02cbe510,0x02cbe518,0x02cbe51c,0x02cbe520,0x02cbe540,
	0x02cbe55c,0x02cbe560,0x02cbe570,0x02cbe600,0x02cbe634,0x02cbe638,0x02cbe63c,0x02cbe640,
	0x02cbe644,0x02cbe680,0x02cbe694,0x02cbe698,0x02cbe6c0,0x02cbe7f8,0x02cbe800,0x02cbe900,
	0x02cbea00,0x02cbec00,0x02cbec44,0x02cbec48,0x02cbec50,0x02cbec60,0x02cbec70,0x02cbec80,
	0x02cbecc4,0x02cbecc8,0x02cbeccc,0x02cbece0,0x02cbed00,0x02cbed3c,0x02cbed40,0x02cbed44,
	0x02cbed48,0x02cbed4c,0x02cbed60,0x02cbed64,0x02cbed80,0x02cbed8c,0x02cbed90,0x02cbed98,
	0x02cbf020,0x02cbf024,0x02cbf028,0x02cbf030,0x02cbf038,0x02cbf040,0x02cbf068,0x02cbf100,
	0x02cbf120,0x02cbf124,0x02cbf128,0x02cbf130,0x02cbf180,0x02cbf190,0x02cbf198,0x02cbf19c,
	0x02cbf1a0,0x02cbf1c0,0x02cbf1e0,0x02cbf1e4,0x02cbf1e8,0x02cbf1ec,0x02cbf200,0x02cbf2a8,
	0x02cbf2b0,0x02cbf2b4,0x02cbf2c0,0x02cbf2cc,0x02cbf2d0,0x02cbf2d4,0x02cbf300,0x02cbf31c,
	0x02cbf320,0x02cbf338,0x02cbf340,0x02cbf344,0x02cbf400,0x02cbf600,0x02cc1700,0x02cc1800,
	0x02cc1f00,0x02cc2000,0x02cc2800,0x02cc2d00,0x02cc2e00,0x02cc2f00,0x02cc3500,0x02cc3800,
	0x02cc3c00,0x02cc8000,0x02cc8500,0x02cc8600,0x02cc8700,0x02cc8800,0x02cc9000,0x02cc9100,
	0x02cc9200,0x02cc9300,0x02cc9a00,0x02cc9c00,0x02cc9e00,0x02cca000,0x02ccb000,0x02ccc000,
	0x02ccca00,0x02cccc00,0x02ccce00,0x02ccd000,0x02ccda00,0x02ccdc00,0x02ccde00,0x02cd0000,
	0x02cd5400,0x02cd5600,0x02cd5700,0x02cd5800,0x02cd5d00,0x02cd5e00,0x02cd8a00,0x02cd8c00,
	0x02cd8e00,0x02cd9000,0x02cd9a00,0x02cd9c00,0x02cd9e00,0x02cdc000,0x02cdca00,0x02cdcc00,
	0x02cdce00,0x02cdd000,0x02cdda00,0x02cddc00,0x02cdde00,0x02cded00,0x02cdf000,0x02cdf200,
	0x02cdf300,0x02cdf500,0x02cdf600,0x02cdf700,0x02ce0000,0x02ce0200,0x02ce0300,0x02ce0400,
	0x02ce0600,0x02ce0700,0x02ce0800,0x02ce0d00,0x02ce0e00,0x02ce0f00,0x02ce2000,0x02ce2100,
	0x02ce2500,0x02ce2600,0x02ce2d00,0x02ce2e00,0x02ce2f00,0x02ce3000,0x02ce3200,0x02ce3300,
	0x02ce3800,0x02ce3900,0x02ce3a00,0x02ce3c00,0x02ce8000,0x02ce8100,0x02ce9300,0x02ce9800,
	0x02ce9900,0x02ce9a00,0x02ce9c00,0x02ce9e00,0x02ce9f00,0x02cea000,0x02cea300,0x02ceb500,
	0x02ceb600,0x02ceba00,0x02cf3700,0x02cf3800,0x02cf4300,0x02cf4400,0x02cf4500,0x02cf4800,
	0x02cf4900,0x02cf6800,0x02cf6900,0x02cf6a00,0x02cf6b00,0x02cf8000,0x02cf9400,0x02cf9500,
	0x02cf9600,0x02cf9800,0x02cf9b00,0x02cf9c00,0x02cf9d00,0x02cfa000,0x02cfb100,0x02cfb200,
	0x02cfb400,0x02cfb600,0x02cfb700,0x02cfb800,0x02cfb900,0x02cfc000,0x02cfc100,0x02d00000,
	0x02d51100,0x02d51200,0x02d51300,0x02d51800,0x02d51c00,0x02d52000,0x02d53400,0x02d53800,
	0x02d53c00,0x02d53e00,0x02d53f00,0x02d55500,0x02d55600,0x02d55700,0x02d55800,0x02d55d00,
	0x02d55e00,0x02d55f00,0x02d56000,0x02d57300,0x02d57800,0x02d57900,0x02d57a00,0x02d57b00,
	0x02d58000,0x02d59500,0x02d59600,0x02d59700,0x02d59800,0x02d59d00,0x02d59e00,0x02d59f00,
	0x02d5a000,0x02d5b500,0x02d5b800,0x02d5bd00,0x02d5be00,0x02d5bf00,0x02d5c000,0x02d5c200,
	0x02d5c300,0x02d5c400,0x02d5c800,0x02d5d000,0x02d5d800,0x02d5dc00,0x02d5e000,0x02d5ea00,
	0x02d5eb00,0x02d60000,0x02d70e00,0x02d71000,0x02d71500,0x02d71600,0x02d71700,0x02d71800,
	0x02d71d00,0x02d71e00,0x02d72000,0x02d72400,0x02d72600,0x02d72700,0x02d72800,0x02d72d00,
	0x02d72e00,0x02d72f00,0x02d73100,0x02d73200,0x02d73400,0x02d73600,0x02d73700,0x02d73800,
	0x02d73d00,0x02d73e00,0x02d73f00,0x02d74000,0x02d74400,0x02d74500,0x02d74600,0x02d74a00,
	0x02d74b00,0x02d74c00,0x02d74e00,0x02d75100,0x02d75200,0x02d75400,0x02d75600,0x02d76000,
	0x02d76400,0x02d76600,0x02d76700,0x02d76800,0x02d76c00,0x02d76e00,0x02d77000,0x02d78000,
	0x02d78400,0x02d78800,0x02d79000,0x02d79500,0x02d79600,0x02d79700,0x02d79800,0x02d79a00,
	0x02d79b00,0x02d79d00,0x02d79e00,0x02d79f00,0x02d7a000,0x02d7b100,0x02d7b400,0x02d7b500,
	0x02d7c000,0x02d7cf00,0x02d7d500,0x02d7d600,0x02d7d700,0x02d7d800,0x02d7dd00,0x02d7e000,
	0x02d7e100,0x02d7e200,0x02d7e400,0x02d7e500,0x02d7e600,0x02d7e800,0x02d7ec00,0x02d7ef00,
	0x02d7f000,0x02d7f300,0x02d7f800,0x02d7f900,0x02d80000,0x02d82800,0x02d82900,0x02d82a00,
	0x02d82b00,0x02d88000,0x02d88100,0x02d88200,0x02d88400,0x02d88800,0x02d88a00,0x02d88c00,
	0x02d8a000,0x02d8a400,0x02d8a600,0x02d8a700,0x02d8a800,0x02d8ad00,0x02d8ae00,0x02d8af00,
	0x02da0000,0x02da0d00,0x02da0e00,0x02da1000,0x02da2000,0x02da3100,0x02da3200,0x02da3400,
	0x02da3800,0x02da3900,0x02da3a00,0x02da3c00,0x02da8000,0x02da9100,0x02da9200,0x02da9400,
	0x02da9800,0x02da9d00,0x02da9e00,0x02dac000,0x02daca00,0x02dacb00,0x02dae000,0x02dae400,
	0x02dae500,0x02daf100,0x02daf200,0x02daf400,0x02daf600,0x02daf700,0x02daf800,0x02dafd00,
	0x02dafe00,0x02db0000,0x02dbbd00,0x02dbc000,0x02dbcd00,0x02dbd000,0x02dbd100,0x02dbd500,
	0x02dbd600,0x02dbdf00,0x02dbe000,0x02dbe100,0x02dbef00,0x02dbf000,0x02dbf500,0x02dbf800,
	0x02dbf900,0x02dc0000,0x02dd1100,0x02dd1200,0x02dd1300,0x02dd1800,0x02dd1900,0x02dd1a00,
	0x02dd1b00,0x02dd2000,0x02dd3400,0x02dd3600,0x02dd3700,0x02dd3800,0x02dd3d00,0x02dd3e00,
	0x02dd4000,0x02dd4100,0x02dd5000,0x02dd5800,0x02dd5900,0x02dd5a00,0x02dd5b00,0x02dd6000,
	0x02dd6100,0x02dd6200,0x02dd6300,0x02dd6400,0x02dd6800,0x02dd6900,0x02dd6d00,0x02dd6e00,
	0x02dd7000,0x02dd8000,0x02ddbe00,0x02ddc000,0x02ddd000,0x02ddd200,0x02ddd300,0x02ddd800,
	0x02dddc00,0x02dde000,0x02dde600,0x02ddf400,0x02ddf600,0x02de0000,0x02de2700,0x02de2800,
	0x02de2900,0x02de2a00,0x02de2b00,0x02de3000,0x02de3200,0x02de3400,0x02de3800,0x02de4000,
	0x02de6800,0x02de6900,0x02de6a00,0x02de6c00,0x02de6e00,0x02de6f00,0x02de7700,0x02de7800,
	0x02de7b00,0x02de8000,0x02de8200,0x02de8300,0x02de8800,0x02de8900,0x02de8a00,0x02de8b00,
	0x02de8d00,0x02de8e00,0x02de9000,0x02de9a00,0x02de9c00,0x02de9e00,0x02de9f00,0x02dea000,
	0x02dec000,0x02decd00,0x02dece00,0x02decf00,0x02ded000,0x02ded800,0x02ded900,0x02deda00,
	0x02dedb00,0x02dee000,0x02def400,0x02def800,0x02defd00,0x02defe00,0x02deff00,0x02df0000,
	0x02df0d00,0x02df1000,0x02df1100,0x02e00000,0x02e00400,0x02e00800,0x02e00a00,0x02e00b00,
	0x02e00c00,0x02e01100,0x02e01200,0x02e01400,0x02e01800,0x02e01c00,0x02e01e00,0x02e01f00,
	0x02e02000,0x02e03700,0x02e03800,0x02e03c00,0x02e04000,0x02e04500,0x02e04600,0x02e04700,
	0x02e04800,0x02e04c00,0x02e04e00,0x02e05000,0x02e06000,0x02e06500,0x02e06800,0x02e06a00,
	0x02e06c00,0x02e06d00,0x02e06e00,0x02e07000,0x02e07900,0x02e07d00,0x02e07e00,0x02e07f00,
	0x02e08000,0x02e08300,0x02e08400,0x02e08500,0x02e08600,0x02e08b00,0x02e08c00,0x02e08e00,
	0x02e09000,0x02e09100,0x02e09900,0x02e09a00,0x02e09c00,0x02e0a000,0x02e0a200,0x02e0a300,
	0x02e0a800,0x02e0a900,0x02e0aa00,0x02e0ab00,0x02e0b100,0x02e0b200,0x02e0b300,0x02e0b500,
	0x02e0b600,0x02e0b800,0x02e0b900,0x02e0ba00,0x02e0bb00,0x02e0bd00,0x02e0be00,0x02e0c000,
	0x02e0d500,0x02e0d600,0x02e0f100,0x02e0f200,0x02e0f300,0x02e0f400,0x02e0f600,0x02e0f800,
	0x02e0f900,0x02e0fa00,0x02e0fb00,0x02e0ff00,0x02e10000,0x02e10500,0x02e10600,0x02e10700,
	0x02e10800,0x02e11000,0x02e11100,0x02e11200,0x02e11300,0x02e11f00,0x02e12000,0x02e12d00,
	0x02e13000,0x02e13200,0x02e14000,0x02e14100,0x02e14200,0x02e14300,0x02e15e00,0x02e16000,
	0x02e17400,0x02e17800,0x02e17a00,0x02e17c00,0x02e17e00,0x02e18000,0x02e19b00,0x02e19c00,
	0x02e19e00,0x02e1a000,0x02e1a200,0x02e1a400,0x02e1a800,0x02e1ac00,0x02e1ad00,0x02e1ae00,
	0x02e1af00,0x02e1b100,0x02e1b300,0x02e1c000,0x02e1c300,0x02e1c500,0x02e1c700,0x02e1c800,
	0x02e1ca00,0x02e1d000,0x02e1d200,0x02e20000,0x02e20400,0x02e20600,0x02e21000,0x02e21100,
	0x02e21200,0x02e21400,0x02e22000,0x02e22100,0x02e22200,0x02e22400,0x02e22500,0x02e22900,
	0x02e22c00,0x02e22e00,0x02e23000,0x02e23800,0x02e23c00,0x02e23e00,0x02e24000,0x02e24200,
	0x02e24400,0x02e24600,0x02e25100,0x02e25200,0x02e25400,0x02e25600,0x02e26000,0x02e26100,
	0x02e26200,0x02e26a00,0x02e26c00,0x02e26e00,0x02e27000,0x02e27100,0x02e27200,0x02e27400,
	0x02e27800,0x02e27a00,0x02e27d00,0x02e27e00,0x02e28800,0x02e28c00,0x02e28e00,0x02e29000,
	0x02e29800,0x02e29a00,0x02e29b00,0x02e2a000,0x02e2ab00,0x02e2ac00,0x02e2b000,0x02e2b200,
	0x02e2b700,0x02e2b800,0x02e2bb00,0x02e2bc00,0x02e2be00,0x02e2c000,0x02e2c800,0x02e2cf00,
	0x02e2d000,0x02e2d300,0x02e2d400,0x02e2d600,0x02e2d700,0x02e2d800,0x02e2da00,0x02e2dc00,
	0x02e2dd00,0x02e2e000,0x02e2e200,0x02e2e600,0x02e2e700,0x02e2f000,0x02e2f100,0x02e30200,
	0x02e30400,0x02e30800,0x02e30900,0x02e38200,0x02e38300,0x02e3a200,0x02e3a300,0x02e3a800,
	0x02e3b000,0x02e3be00,0x02e3c000,0x02e3ce00,0x02e3d000,0x02e3d700,0x02e3d800,0x02e3da00,
	0x02e3dc00,0x02e3e000,0x02e3e100,0x02e3e800,0x02e3e900,0x02e3ea00,0x02e3ec00,0x02e3ee00,
	0x02e3f000,0x02e3f200,0x02e3f400,0x02e3f600,0x02e40300,0x02e40400,0x02e40600,0x02e42a00,
	0x02e42c00,0x02e42e00,0x02e43000,0x02e43a00,0x02e43c00,0x02e43e00,0x02e44000,0x02e46a00,
	0x02e46c00,0x02e46e00,0x02e47000,0x02e47a00,0x02e47c00,0x02e47e00,0x02e50000,0x02e51700,
	0x02e51800,0x02e51900,0x02e51a00,0x02e51c00,0x02e51d00,0x02e51e00,0x02e52000,0x02e52a00,
	0x02e52c00,0x02e52e00,0x02e52f00,0x02e53800,0x02e53900,0x02e54000,0x02e56000,0x02e56100,
	0x02e56800,0x02e56900,0x02e58000,0x02e58500,0x02e58600,0x02e58800,0x02e58c00,0x02e58e00,
	0x02e58f00,0x02e59000,0x02e59200,0x02e59700,0x02e59800,0x02e59d00,0x02e5a000,0x02e5a400,
	0x02e5a500,0x02e5a600,0x02e5a700,0x02e5a800,0x02e5ac00,0x02e5b000,0x02e5b100,0x02e60000,
	0x02e62e00,0x02e63000,0x02e63700,0x02e64000,0x02e65a00,0x02e65c00,0x02e65e00,0x02e66000,
	0x02e66100,0x02e67700,0x02e67800,0x02e67900,0x02e67a00,0x02e67b00,0x02e68000,0x02e68200,
	0x02e68400,0x02e68600,0x02e69000,0x02e69200,0x02e69400,0x02e69600,0x02e6a000,0x02e6a200,
	0x02e6c000,0x02e6c200,0x02e6c400,0x02e6c500,0x02e70000,0x02e70300,0x02e70800,0x02e70900,
	0x02e80400,0x02e80500,0x02e80f00,0x02e81000,0x02e81200,0x02e81400,0x02e81800,0x02e81b00,
	0x02e81c00,0x02e81e00,0x02e82100,0x02e82f00,0x02e83000,0x02e83700,0x02e83800,0x02e83a00,
	0x02e83c00,0x02e83f00,0x02e84000,0x02e84300,0x02e84400,0x02e84600,0x02e84d00,0x02e85000,
	0x02e85800,0x02e85a00,0x02e86000,0x02e86900,0x02e87000,0x02e87100,0x02e87200,0x02e87400,
	0x02e87600,0x02e87800,0x02e87d00,0x02e87e00,0x02e88200,0x02e88400,0x02e88600,0x02e89000,
	0x02e89200,0x02e89400,0x02e89600,0x02e89700,0x02e89800,0x02e8c000,0x02e8c300,0x02e8c400,
	0x02e8c600,0x02e8d000,0x02e8d200,0x02e8d400,0x02e8d600,0x02e8d700,0x02e8da00,0x02e8dc00,
	0x02e8de00,0x02e90000,0x02e90200,0x02e90400,0x02e90600,0x02e90700,0x02e90800,0x02e91000,
	0x02e91800,0x02e91c00,0x02e91f00,0x02e92200,0x02e92400,0x02e92800,0x02e92c00,0x02e94000,
	0x02e94a00,0x02e94c00,0x02e95500,0x02e95600,0x02e96000,0x02e96500,0x02e96600,0x02e97000,
	0x02e97200,0x02e97400,0x02e97700,0x02e97800,0x02e97e00,0x02e98000,0x02e98a00,0x02e98c00,
	0x02e98e00,0x02e99000,0x02e99f00,0x02e9c000,0x02e9df00,0x02e9e000,0x02e9f100,0x02e9f200,
	0x02e9f400,0x02e9f600,0x02ec0000,0x02ec0200,0x02ec0400,0x02ec0600,0x02ec0700,0x02ec0800,
	0x02ec1000,0x02ec1a00,0x02ec1b00,0x02ec2000,0x02ec2100,0x02ec2200,0x02ec2400,0x02ec2600,
	0x02ec2700,0x02ec2800,0x02ec2a00,0x02ec2c00,0x02ec2e00,0x02ec2f00,0x02ec3000,0x02ec3800,
	0x02ec3900,0x02ec3d00,0x02ec3e00,0x02ec4000,0x02ec6800,0x02ec6900,0x02ec6a00,0x02ec6b00,
	0x02ec7e00,0x02ec7f00,0x02ec8100,0x02ec8200,0x02ec8400,0x02ec8600,0x02ec8a00,0x02ec8c00,
	0x02ec8e00,0x02ec9000,0x02ec9200,0x02ec9400,0x02ec9600,0x02ec9700,0x02ec9800,0x02ec9a00,
	0x02eca200,0x02eca400,0x02eca600,0x02ecb000,0x02ecb200,0x02ecb400,0x02ecb600,0x02ecc000,
	0x02ecc400,0x02ecc600,0x02ecc800,0x02ecc900,0x02ecca00,0x02ecd000,0x02ecd400,0x02ecd600,
	0x02ece200,0x02ece400,0x02ece600,0x02ecf000,0x02ecf200,0x02ecf400,0x02ecf600,0x02ed0000,
	0x02ed8500,0x02ed8600,0x02ed8700,0x02ed9100,0x02ed9200,0x02ed9400,0x02ed9600,0x02eda200,
	0x02eda400,0x02eda600,0x02edb000,0x02edb200,0x02edb400,0x02edb600,0x02edc000,0x02edc200,
	0x02edc300,0x02edc800,0x02edd000,0x02edd200,0x02edd400,0x02edd500,0x02eddc00,0x02eddd00,
	0x02ede200,0x02ede300,0x02ede800,0x02edf000,0x02edf800,0x02f00000,0x02f10000,0x02f10200,
	0x02f10400,0x02f10800,0x02f10c00,0x02f10d00,0x02f11000,0x02f11100,0x02f11800,0x02f11900,
	0x02f11a00,0x02f11c00,0x02f11e00,0x02f14000,0x02f14300,0x02f14a00,0x02f14b00,0x02f16000,
	0x02f16500,0x02f16600,0x02f16b00,0x02f16c00,0x02f16e00,0x02f16f00,0x02f17000,0x02f17200,
	0x02f17300,0x02f17800,0x02f17b00,0x02f17c00,0x02f17e00,0x02f18000,0x02f19500,0x02f19600,
	0x02f1c000,0x02f1c800,0x02f1cb00,0x02f1cc00,0x02f1cd00,0x02f1d600,0x02f1d800,0x02f1da00,
	0x02f1ec00,0x02f1ed00,0x02f1ef00,0x02f1f000,0x02f1f300,0x02f1f400,0x02f1f500,0x02f1fb00,
	0x02f1ff00,0x02f20000,0x02f34100,0x02f34200,0x02f34400,0x02f34600,0x02f35000,0x02f35600,
	0x02f40000,0x02f42a00,0x02f42b00,0x02f48000,0x02f48100,0x02f48200,0x02f48300,0x02f48800,
	0x02f48900,0x02f50000,0x02f50a00,0x02f50b00,0x02f52000,0x02f52100,0x02f52200,0x02f52400,
	0x02f52800,0x02f52c00,0x02f52e00,0x02f52f00,0x02f58000,0x02f58500,0x02f58600,0x02f59000,
	0x02f59800,0x02f59900,0x02f59a00,0x02f59c00,0x02f59e00,0x02f5c000,0x02f5e000,0x02f5e400,
	0x02f5e600,0x02f5f000,0x02f5f800,0x02f5fc00,0x02f5fe00,0x02f60200,0x02f60400,0x02f60600,
	0x02f60700,0x02f60b00,0x02f60c00,0x02f60e00,0x02f60f00,0x02f62000,0x02f62300,0x02f62500,
	0x02f62600,0x02f62800,0x02f63000,0x02f68000,0x02f68200,0x02f68400,0x02f68500,0x02f68a00,
	0x02f68c00,0x02f68e00,0x02f69000,0x02f6a000,0x02f6a300,0x02f6a800,0x02f6a900,0x02f6aa00,
	0x02f6ac00,0x02f80000,0x02f88000,0x02f88100,0x02f88200,0x02f88300,0x02f88800,0x02f88900,
	0x02f88a00,0x02f88c00,0x02f88e00,0x02f89000,0x02f89a00,0x02f89b00,0x02f8a000,0x02f8a800,
	0x02f8b000,0x02f8b400,0x02f8b500,0x02f8b800,0x02f8c000,0x02f8e000,0x02f8e300,0x02f8e400,
	0x02f8e600,0x02f8f000,0x02f8f200,0x02f8f400,0x02f8f600,0x02f90000,0x02f97d00,0x02f97e00,
	0x02f99300,0x02f99400,0x02f99600,0x02f99800,0x02f9a200,0x02f9a400,0x02f9a600,0x02f9b000,
	0x02f9b200,0x02f9b400,0x02f9b600,0x02f9c000,0x02f9c200,0x02f9c400,0x02f9c600,0x02f9c800,
	0x02f9d100,0x02f9d500,0x02f9d600,0x02f9d800,0x02f9db00,0x02f9e200,0x02f9e400,0x02f9e600,
	0x02f9f000,0x02f9f200,0x02f9f400,0x02f9f600,0x02fc0000,0x02fc0500,0x02fc0600,0x02fc0f00,
	0x02fc2000,0x02fc2800,0x02fc2a00,0x02fc2b00,0x02fc2c00,0x02fc2e00,0x02fc2f00,0x02fc3000,
	0x02fc3200,0x02fc3500,0x02fc3600,0x02fc3b00,0x02fc3c00,0x02fc3e00,0x02fc6800,0x02fc6d00,
	0x02fc6e00,0x02fc7000,0x02fc7a00,0x02fc7c00,0x02fc8000,0x02fc8200,0x02fca100,0x02fcc000,
	0x02fcca00,0x02fccc00,0x02fcce00,0x02fcd000,0x02fcda00,0x02fcdc00,0x02fcdd00,0x02fd0000,
	0x02fd8800,0x02fd9000,0x02fd9600,0x02fdc000,0x02fdc200,0x02fdc400,0x02fdc600,0x02fdd000,
	0x02fdd100,0x03000000,0x03001700,0x03001800,0x03001900,0x03002000,0x03002200,0x03004000,
	0x03004100,0x03005400,0x03005800,0x03005c00,0x03006000,0x03007400,0x03007800,0x03007c00,
	0x03008000,0x0300af00,0x0300b000,0x0300b700,0x0300b800,0x0300b900,0x0300c000,0x0300cd00,
	0x0300d000,0x0300d100,0x0300d400,0x0300d800,0x0300dc00,0x0300e000,0x0300e100,0x0300e200,
	0x0300e400,0x0300e600,0x0300e700,0x0300e800,0x0300f000,0x0300f100,0x03020000,0x03020100,
	0x03020200,0x03020300,0x03020800,0x03021000,0x03021700,0x03021800,0x03021a00,0x03044dbc,
	0x03044dc0,0x03044de8,0x03044dec,0x03044f14,0x03044f18,0x03044f1c,0x03044f20,0x03044f34,
	0x03044f38,0x03044f3c,0x03044f44,0x03044f48,0x03044f4c,0x03044f60,0x03044f70,0x03044f8c,
	0x03044fa0,0x03044fb0,0x03044fd0,0x03044fd8,0x03044fdc,0x03044fe0,0x03044ff4,0x03044ff8,
	0x03044ffc,0x03045154,0x03045158,0x03045400,0x03045420,0x03045424,0x03045428,0x03045430,
	0x0304547c,0x03045490,0x03045498,0x0304549c,0x030454a0,0x030454b4,0x030454b8,0x030454c0,
	0x030454c4,0x03045500,0x03045598,0x0304559c,0x030455a0,0x030455a4,0x030455a8,0x030455ac,
	0x030455cc,0x030455d0,0x030455ec,0x030455f0,0x03045600,0x0304570c,0x03045720,0x03045730,
	0x03045738,0x03046510,0x03046520,0x03046534,0x03046538,0x0304653c,0x03046580,0x030465c0,
	0x030465e0,0x030465e4,0x030465e8,0x030465ec,0x03046600,0x03046750,0x03046760,0x03046774,
	0x03046778,0x0304677c,0x03046780,0x03047020,0x03047024,0x03047028,0x03047030,0x03047080,
	0x03047094,0x03047098,0x030470c0,0x030470e8,0x030470ec,0x03047200,0x03047244,0x03047248,
	0x0304724c,0x03047260,0x03047270,0x03047280,0x03047288,0x0304728c,0x030472a0,0x030472b0,
	0x030472d0,0x030472e0,0x030472f0,0x03047814,0x03047818,0x0304781c,0x03047820,0x03047840,
	0x0304784c,0x03047860,0x03047864,0x03047868,0x0304786c,0x030478c0,0x030478c8,0x030478cc,
	0x030478d0,0x03050000,0x03050014,0x03050018,0x0305001c,0x03050020,0x03050034,0x03050038,
	0x0305003c,0x03050080,0x03050088,0x03050090,0x03050094,0x03050098,0x0305009c,0x03052dfc,
	0x03052e00,0x03052f54,0x03052f58,0x03052f5c,0x03052f60,0x03052f74,0x03052f80,0x03052fd0,
	0x03052fe0,0x03052ff0,0x03053000,0x030538a0,0x030538a4,0x030538a8,0x030538b0,0x03053a00,
	0x03053a10,0x03053a20,0x03053a30,0x03053a80,0x03053a90,0x03053aa0,0x03053ab0,0x03055100,
	0x03055200,0x03055300,0x03055800,0x03055c00,0x03056000,0x03057500,0x03057600,0x0305853c,
	0x03058540,0x0305854c,0x0305857c,0x03058594,0x03058598,0x0305859c,0x030585a0,0x030585b4,
	0x030585b8,0x030585bc,0x030585d4,0x030585e0,0x030585f0,0x03058714,0x03058720,0x03058724,
	0x03058728,0x0305872c,0x0305874c,0x03058760,0x03058764,0x03058768,0x0305876c,0x03058784,
	0x03058788,0x0305878c,0x030587a0,0x030587a4,0x030587c4,0x030587c8,0x030587cc,0x03058c74,
	0x03058c78,0x03058c7c,0x03058c80,0x03058cd4,0x03058cd8,0x03058cdc,0x03058ce0,0x03058d00,
	0x03058d40,0x03058d80,0x03058dc4,0x03058dc8,0x03058dcc,0x03058de0,0x03058de4,0x03058de8,
	0x03058dec,0x03058f00,0x03058f40,0x03058f80,0x03058fc4,0x03058fc8,0x03058fcc,0x03058fe0,
	0x03058fe4,0x03058fe8,0x03058fec,0x03059000,0x03059010,0x0305a500,0x0305a540,0x0305a580,
	0x0305a5a8,0x0305a5ac,0x0305a5c0,0x0305a704,0x0305a708,0x0305a70c,0x0305a720,0x0307f700,
	0x0307f800,0x0307fc00,0x03080000,0x03093098,0x030930a0,0x030930b0,0x030930c0,0x030930e0,
	0x030930e4,0x030930e8,0x030930f0,0x030930f8,0x030930fc,0x03093210,0x03093220,0x03093230,
	0x03093238,0x0309323c,0x0309327c,0x03093294,0x03093298,0x030932c0,0x030932d4,0x030d12cc,
	0x030d12d4,0x030d12d8,0x030d12e0,0x030d12e4,0x030d12e8,0x030d12ec,0x030d1310,0x030d1320,
	0x030d1330,0x030d1380,0x030d1394,0x030d1398,0x030d139c,0x030d13a0,0x030d13b4,0x030d13b8,
	0x030d13c0,0x030d1844,0x030d1848,0x030d184c,0x030d1860,0x030d1864,0x030d1868,0x030d186c,
	0x030d1880,0x030d18c4,0x030d18c8,0x030d18cc,0x030d18e0,0x030d18e4,0x030d18e8,0x030d18f0,
	0x030d18f4,0x030d18f8,0x030d18fc,0x030d1900,0x030d1940,0x030d1980,0x030d19b4,0x030d19b8,
	0x030d19bc,0x030d5100,0x030d5200,0x030d5300,0x030d5800,0x030d5900,0x030d5a00,0x030d5b00,
	0x030d6000,0x030d6f00,0x030d7000,0x030d7100,0x030d7400,0x030d7500,0x030d7600,0x030d7800,
	0x030d7c00,0x030db700,0x030db800,0x030dbd00,0x030dbe00,0x030dbf00,0x030dc000,0x030dc500,
	0x030dc800,0x030dc900,0x030dd400,0x030dd800,0x030dd900,0x030dda00,0x030ddb00,0x030de000,
	0x030df100,0x030df200,0x030df300,0x030df800,0x030df900,0x030dfa00,0x030dfb00,0x030f1500,
	0x030f1600,0x030f1700,0x030f1800,0x030f1d00,0x030f2000,0x030f3300,0x030f3800,0x030f3900,
	0x030f3a00,0x030f3b00,0x030f5100,0x030f5200,0x030f5300,0x030f6000,0x030f6500,0x030f6600,
	0x030f6700,0x030f6800,0x030f6d00,0x030f6e00,0x030f6f00,0x030f9100,0x030f9800,0x030f9900,
	0x030fa000,0x030faf00,0x030fc400,0x030fc800,0x030fc900,0x03100000,0x03102800,0x03102900,
	0x03102a00,0x03102b00,0x03108000,0x03108400,0x03108800,0x03108d00,0x03108e00,0x03108f00,
	0x0310a000,0x0310b000,0x0310ba00,0x0310bb00,0x03117d00,0x03118000,0x0311bd00,0x0311c000,
	0x0311cd00,0x0311d000,0x0311d100,0x0311e000,0x0311e100,0x03120000,0x03121100,0x03121200,
	0x03121300,0x03121800,0x03121900,0x03121a00,0x03121c00,0x03122000,0x03123400,0x03123800,
	0x03123c00,0x03123e00,0x03123f00,0x03127f00,0x03128000,0x03129500,0x03129600,0x03129700,
	0x03129800,0x0312a800,0x0312ad00,0x0312ae00,0x0312b000,0x0312ba00,0x0312bb00,0x0312c000,
	0x0312cf00,0x0312d000,0x0312d300,0x0312e000,0x0312e300,0x03130000,0x03130d00,0x03131000,
	0x03131100,0x03132000,0x03132100,0x03140000,0x03140d00,0x03141000,0x03141100,0x03141500,
	0x03141600,0x03141700,0x03141800,0x03141d00,0x03141e00,0x03141f00,0x03142000,0x03142100,
	0x03143500,0x03143600,0x03143700,0x03143800,0x03143d00,0x03143e00,0x03143f00,0x03144400,
	0x03144800,0x03144d00,0x03144e00,0x03144f00,0x03146000,0x03147000,0x03147800,0x03147900,
	0x03147a00,0x03147b00,0x03148000,0x03149500,0x03149600,0x03149700,0x03149800,0x03149d00,
	0x03149e00,0x03149f00,0x0314a000,0x0314b400,0x0314b800,0x0314bc00,0x0314d400,0x0314d800,
	0x0314dd00,0x0314de00,0x03150000,0x0315a200,0x0315a300,0x0315a800,0x0315a900,0x0315aa00,
	0x0315ac00,0x03160000,0x03161400,0x03161800,0x03161c00,0x03162000,0x03163400,0x03163800,
	0x03163c00,0x03167c00,0x03168000,0x03169400,0x03169800,0x03169c00,0x0316a000,0x0316b400,
	0x0316b800,0x0316b900,0x0316ba00,0x0316bb00,0x0316d300,0x0316d500,0x0316d600,0x0316d700,
	0x0316d800,0x0316d900,0x0316da00,0x0316db00,0x0316e000,0x0316f100,0x0316f200,0x0316f300,
	0x03170000,0x03170400,0x03170600,0x03170700,0x03170800,0x03170c00,0x03171000,0x03171f00,
	0x03172000,0x03172200,0x03172400,0x03172800,0x03172c00,0x03172f00,0x03174000,0x03174a00,
	0x03174c00,0x03174d00,0x03175000,0x03175700,0x03178000,0x03178300,0x03178400,0x03178500,
	0x03178600,0x03178700,0x03178800,0x03178c00,0x0317a000,0x0317a200,0x0317a300,0x0317a400,
	0x0317a800,0x0317a900,0x0317aa00,0x0317ab00,0x03180000,0x03181500,0x03181600,0x03182800,
	0x03182900,0x03182a00,0x03182c00,0x03182e00,0x03182f00,0x03184000,0x03184200,0x03184300,
	0x03184800,0x03184900,0x03184a00,0x03184b00,0x03186000,0x03186100,0x03186200,0x03186300,
	0x03186800,0x03186900,0x03186a00,0x03186b00,0x03188000,0x03189100,0x03189200,0x03189400,
	0x03189800,0x03189d00,0x03189e00,0x0318c000,0x0318c100,0x0318c200,0x0318c300,0x0318c800,
	0x0318c900,0x0318ca00,0x0318cb00,0x0318e000,0x0318e400,0x0318e800,0x0318ec00,0x0318ee00,
	0x0318ef00,0x031a0000,0x031a5100,0x031a5200,0x031a5400,0x031a5800,0x031a5c00,0x031a5e00,
	0x031b0000,0x031b2800,0x031b2c00,0x031b2d00,0x031b2e00,0x031b2f00,0x031b8000,0x031b8400,
	0x031b8500,0x031b8600,0x031b8800,0x031b8c00,0x031b8d00,0x031b8e00,0x031b8f00,0x031ba000,
	0x031bb000,0x031bba00,0x031bbb00,0x031c1100,0x031c1200,0x031c1300,0x031c1800,0x031c1900,
	0x031c1a00,0x031c1b00,0x031c2000,0x031c3100,0x031c3200,0x031c3400,0x031c3800,0x031c3d00,
	0x031c3e00,0x031c3f00,0x031c4d00,0x031c4e00,0x031c4f00,0x031c6000,0x031c6500,0x031c6600,
	0x031c6700,0x031c6800,0x031c6d00,0x031c8000,0x031cc000,0x031cc200,0x031cc400,0x031cc800,
	0x031ccb00,0x031ce000,0x031ce100,0x031ce200,0x031ce300,0x031ce800,0x031ce900,0x031cea00,
	0x031ceb00,0x031d0100,0x031d0200,0x031d0300,0x031d0800,0x031d0900,0x031d0a00,0x031d0c00,
	0x031d2000,0x031d2400,0x031d2800,0x031d2c00,0x031d8000,0x031d8400,0x031d8800,0x031d8900,
	0x031d8a00,0x031d8c00,0x031da000,0x031da400,0x031da600,0x031da700,0x031da800,0x031dad00,
	0x031dae00,0x031db000,0x031dba00,0x031dbb00,0x031e0000,0x031e4100,0x031e8000,0x031e9500,
	0x031e9800,0x031e9900,0x031e9a00,0x031e9b00,0x031ea000,0x031ea700,0x031ea800,0x031ead00,
	0x031eae00,0x031eaf00,0x031eb400,0x031eb800,0x031ebc00,0x031ebe00,0x031ebf00,0x031ec000,
	0x031f1100,0x031f1200,0x031f1300,0x031f1800,0x031f1c00,0x031f1e00,0x031f1f00,0x031f2000,
	0x031f3500,0x031f3600,0x031f4000,0x031f6a00,0x031f6b00,0x031f8000,0x031fc100,0x031fc200,
	0x031fc400,0x031fc600,0x031fc700,0x031fc800,0x031fcd00,0x031fce00,0x031fcf00,0x031fe000,
	0x031fe500,0x031fe600,0x031ff000,0x031ff800,0x031ff900,0x031ffa00,0x031ffc00,0x031ffe00,
	0x0322ff00,0x03230000,0x03236b00,0x03237000,0x03237a00,0x03237b00,0x03239500,0x03239800,
	0x03239b00,0x03239c00,0x0323a000,0x0323a300,0x0323a400,0x0323a600,0x0323c000,0x0323d100,
	0x0323d200,0x0323d300,0x0323d800,0x0323d900,0x0323da00,0x0323db00,0x0323e000,0x0323f400,
	0x0323f600,0x03240000,0x0324fd00,0x0324fe00,0x0324ff00,0x03250000,0x03250500,0x03250800,
	0x03250c00,0x03251d00,0x03251e00,0x03251f00,0x03252400,0x03252800,0x03252900,0x03252a00,
	0x03252b00,0x03253500,0x03253800,0x03253900,0x03253a00,0x03253b00,0x03258100,0x03258200,
	0x03258300,0x03259100,0x03259200,0x03259300,0x0325a000,0x0325a700,0x0325a800,0x0325a900,
	0x0325aa00,0x0325ab00,0x0325ad00,0x0325ae00,0x0325af00,0x03265500,0x03265800,0x03265c00,
	0x03265d00,0x03265e00,0x03265f00,0x03266b00,0x03266c00,0x03267400,0x03267500,0x03268b00,
	0x03268c00,0x03268d00,0x03269000,0x03269200,0x03269400,0x03269500,0x0326c500,0x0326c600,
	0x0326d000,0x0326d100,0x03270000,0x03270100,0x03270200,0x03270300,0x03270400,0x03270900,
	0x03270a00,0x03270b00,0x03270c00,0x03278000,0x03278100,0x03278200,0x03278300,0x03278614,
	0x03278620,0x03278630,0x03278644,0x03278648,0x0327864c,0x03278660,0x03278664,0x03278668,
	0x0327866c,0x03278690,0x032786a0,0x032786b4,0x032786b8,0x032786bc,0x032786c4,0x032786c8,
	0x032786cc,0x032786e0,0x032786e4,0x032786e8,0x032786ec,0x03278800,0x03278c00,0x03278c14,
	0x03278c18,0x03278c1c,0x03278c20,0x03278c34,0x03278c38,0x03278c40,0x03278c44,0x03278c48,
	0x03278c4c,0x03278c60,0x03278c64,0x0327a000,0x0327a400,0x0327a800,0x0327ac00,0x0327ae00,
	0x0327af00,0x0327f1dc,0x0327f1e0,0x0327f1f0,0x0327f200,0x0327f350,0x0327f360,0x0327f370,
	0x0327f380,0x0327f3d0,0x0327f3e0,0x0327f3f0,0x0327f400,0x0327f480,0x0327f494,0x0327f498,
	0x0327f4c0,0x0327f600,0x0327f618,0x0327f620,0x0327f62c,0x0327f680,0x0327f684,0x0327f688,
	0x0327f68c,0x0327f6a0,0x0327f6a4,0x0327f6a8,0x0327f6ac,0x0327f954,0x0327f958,0x0327fbe8,
	0x0327fbf4,0x0327fbf8,0x0327fbfc,0x03282800,0x03282900,0x03282a00,0x03282c00,0x03285400,
	0x03285800,0x03285d00,0x03285e00,0x03285f00,0x03286000,0x03287500,0x03287600,0x03287700,
	0x03287800,0x03287d00,0x03287e00,0x03287f00,0x03289400,0x03289500,0x0328a800,0x0328b000,
	0x0328ba00,0x0328bb00,0x0328c100,0x0328c200,0x0328c400,0x0328c600,0x0328d000,0x0328d200,
	0x0328d300,0x0328d400,0x0328f500,0x0328fa00,0x0328fb00,0x03290000,0x03297a00,0x03297c00,
	0x03297e00,0x03298000,0x03298b00,0x03298c00,0x03298d00,0x03299000,0x03299100,0x03299200,
	0x03299300,0x03299800,0x03299900,0x03299a00,0x03299b00,0x0329a000,0x0329b400,0x0329b600,
	0x0329b700,0x0329b800,0x0329bd00,0x0329be00,0x0329bf00,0x0329c000,0x0329d700,0x0329d800,
	0x0329dd00,0x0329de00,0x0329df00,0x0329e000,0x0329fc00,0x032a0000,0x032a1400,0x032a1800,
	0x032a1c00,0x032a2000,0x032a2100,0x032a2200,0x032a2400,0x032a2800,0x032a2d00,0x032a2e00,
	0x032a3000,0x032a3300,0x032a3800,0x032a3900,0x032a3a00,0x032a3b00,0x032a5000,0x032a5100,
	0x032a5200,0x032a5300,0x032a5800,0x032a5900,0x032a5a00,0x032a5b00,0x032a6000,0x032a7100,
	0x032a7200,0x032a7300,0x032a7800,0x032a7900,0x032a7a00,0x032a7b00,0x032a8000,0x032a9000,
	0x032a9400,0x032a9600,0x032a9700,0x032a9800,0x032a9a00,0x032a9b00,0x032aa000,0x032ac000,
	0x032aca00,0x032acb00,0x032ad100,0x032ad200,0x032ad300,0x032ad800,0x032ad900,0x032adc00,
	0x032add00,0x032ade00,0x032adf00,0x032ae400,0x032ae500,0x032ae600,0x032ae700,0x032ae800,
	0x032af000,0x032af400,0x032af500,0x032af600,0x032af700,0x032af800,0x032af900,0x032b0000,
	0x032b1500,0x032b1600,0x032b1700,0x032b1800,0x032b1c00,0x032b1d00,0x032b1e00,0x032b2000,
	0x032b2b00,0x032b3700,0x032b3800,0x032b3b00,0x032b4000,0x032b4700,0x032b4800,0x032b4a00,
	0x032b4b00,0x032b5000,0x032b5100,0x032b5200,0x032b5300,0x032b6000,0x032b7000,0x032b8000,
	0x032b8100,0x032b8d00,0x032b8e00,0x032b8f00,0x032ba000,0x032ba300,0x032ba800,0x032ba900,
	0x032baa00,0x032bab00,0x032bb500,0x032bb800,0x032bbc00,0x032bc000,0x032bc500,0x032bc800,
	0x032bc900,0x032c0000,0x032c2300,0x032c3500,0x032c3600,0x032c3700,0x032c3800,0x032c4000,
	0x032c5e00,0x032c6000,0x032c6e00,0x032c6f00,0x032c7e00,0x032c8000,0x032c8700,0x032c8800,
	0x032c8a00,0x032c8b00,0x032c8d00,0x032c9000,0x032c9200,0x032c9400,0x032c9600,0x032c9d00,
	0x032c9e00,0x032c9f00,0x032ca000,0x032ca100,0x032ca300,0x032cb500,0x032cb600,0x032cb700,
	0x032cb800,0x032cbd00,0x032cc000,0x032cc200,0x032cc500,0x032cc600,0x032cd000,0x032cd100,
	0x032d0000,0x032d0500,0x032d0600,0x032d0700,0x032d0800,0x032d0f00,0x032d2000,0x032d2500,
	0x032d2600,0x032d2700,0x032d2800,0x032d2d00,0x032d2e00,0x032d2f00,0x032d5114,0x032d5118,
	0x032d511c,0x032d5120,0x032d5130,0x032d5154,0x032d5158,0x032d515c,0x032d5160,0x032d5174,
	0x032d5178,0x032d517c,0x032d5190,0x032d51a0,0x032d51b0,0x032d51d4,0x032d51d8,0x032d51dc,
	0x032d51e0,0x032d51ec,0x032d5310,0x032d5320,0x032d532c,0x032d533c,0x032d5340,0x032d5344,
	0x032d5390,0x032d5394,0x032d5398,0x032d539c,0x032d8100,0x032d8200,0x032d8400,0x032d8600,
	0x032e0000,0x032e1400,0x032e1800,0x032e1900,0x032e1a00,0x032e1c00,0x032e1d00,0x032e2000,
	0x032e2400,0x032e2600,0x032e3000,0x032e3100,0x032e3500,0x032e3600,0x032e3f00,0x032e4000,
	0x032e4800,0x032e4900,0x032e4a00,0x032e4c00,0x032e6000,0x032e6200,0x032e6400,0x032e6600,
	0x032e7000,0x032e7200,0x032e7300,0x032e7800,0x032e7c00,0x032e7e00,0x032e8000,0x032e9500,
	0x032e9600,0x032e9700,0x032e9800,0x032e9d00,0x032e9e00,0x032ec000,0x032ee800,0x032ee900,
	0x032eea00,0x032eeb00,0x032f0000,0x032f2700,0x032f2800,0x032f2a00,0x032f3000,0x032f3100,
	0x032f4000,0x032f6000,0x032f6400,0x032f6600,0x032f6700,0x032f6800,0x032f7000,0x032f8000,
	0x032faa00,0x032fab00,0x032fbd00,0x032fc000,0x032fc700,0x032fc800,0x032fcb00,0x032fcc00,
	0x032fcd00,0x032fe000,0x032fe100,0x03306100,0x03306200,0x03306300,0x03306800,0x03306900,
	0x03307100,0x03307200,0x03307400,0x03307800,0x03307c00,0x03307e00,0x03307f00,0x03309500,
	0x03309600,0x03309700,0x03309800,0x03309d00,0x03309e00,0x03309f00,0x0330a000,0x0330b400,
	0x0330b800,0x0330b900,0x0330ba00,0x0330bb00,0x0330d500,0x0330d600,0x0330ed00,0x0330f000,
	0x0330f100,0x0330f500,0x0330f600,0x03310d00,0x03311400,0x03311800,0x03311c00,0x03311e00,
	0x03311f00,0x03312000,0x03312100,0x03313500,0x03313600,0x03313700,0x03313800,0x03313d00,
	0x03313e00,0x03314000,0x03317f00,0x03318000,0x03318600,0x03318800,0x03318a00,0x03318c00,
	0x03319000,0x03319200,0x0331a000,0x0331a100,0x0331a200,0x0331a300,0x0331d100,0x0331d200,
	0x0331d400,0x0331d500,0x03321100,0x03322000,0x03323000,0x03323800,0x03323900,0x03323a00,
	0x03324000,0x03324100,0x03324200,0x03324300,0x03324800,0x03324900,0x03340000,0x03340400,
	0x03340800,0x03340c00,0x03389700,0x03389800,0x03389b00,0x0338a000,0x0338b100,0x0338b200,
	0x0338b300,0x0338b800,0x0338b900,0x0338ba00,0x0338bc00,0x0338d100,0x0338d200,0x0338d300,
	0x0338d800,0x0338d900,0x0338da00,0x0338db00,0x0338e000,0x0338f100,0x0338f200,0x0338f300,
	0x0338f800,0x0338f900,0x0338fa00,0x0338fb00,0x033a1400,0x033a1800,0x033a1c00,0x033a2000,
	0x033a3300,0x033a3800,0x033a3900,0x033a4d00,0x033a4e00,0x033a5000,0x033a5a00,0x033a5b00,
	0x033a6000,0x033a6500,0x033a6600,0x033a6700,0x033a6800,0x033a6d00,0x033a6e00,0x033a6f00,
	0x033a7400,0x033a7800,0x033a7900,0x033a7a00,0x033a7b00,0x033a8700,0x033a8800,0x033a8d00,
	0x033a8e00,0x033a8f00,0x033aa000,0x033aa500,0x033aa600,0x033aa700,0x033aa800,0x033aac00,
	0x033ac500,0x033ac600,0x033ac700,0x033ac800,0x033acb00,0x033ae000,0x033ae100,0x033ae200,
	0x033ae300,0x033ae800,0x033ae900,0x033aea00,0x033aeb00,0x033bac78,0x033bac80,0x033bacd0,
	0x033bace0,0x033bacf4,0x033bacf8,0x033bacfc,0x033bad00,0x033bad28,0x033bad2c,0x033bad80,
	0x033bad90,0x033bada0,0x033badb0,0x033bae54,0x033bae58,0x033bae5c,0x033bae60,0x033bae70,
	0x033bae80,0x033baed0,0x033baee0,0x033baef0,0x033baef8,0x033baefc,0x033baf14,0x033baf18,
	0x033baf1c,0x033baf20,0x033baf34,0x033baf38,0x033baf3c,0x033baf80,0x033baf94,0x033baf98,
	0x033baf9c,0x033bafa0,0x033bafb4,0x033bafb8,0x033bafbc,0x033e7bbc,0x033e7bc0,0x033e7be8,
	0x033e7bf0,0x033e7bf8,0x033e7c00,0x033e7ea8,0x033e7eb0,0x033ed03c,0x033ed040,0x033ed068,
	0x033ed080,0x033ed094,0x033ed098,0x033ed09c,0x033ed0a0,0x033ed0b4,0x033ed0b8,0x033ed0c0,
	0x033ed0e8,0x033ed0f0,0x033ed100,0x033ed108,0x033ed200,0x033ed300,0x033ed308,0x033ed310,
	0x033ed320,0x033ed340,0x033ed360,0x033ed364,0x033ed368,0x033ed370,0x033ed378,0x033ed400,
	0x033ed440,0x033ed448,0x033ed44c,0x033ed460,0x033ed470,0x033ed480,0x033ed4d4,0x033ed4e0,
	0x033ed500,0x033ed5a8,0x033ed5ac,0x033ed600,0x033ed628,0x033ed630,0x033ed638,0x033ed63c,
	0x033ed680,0x033ed6c4,0x033ed6c8,0x033ed6d0,0x033ed6d4,0x033ed700,0x033ed714,0x033ed718,
	0x033ed71c,0x033ed720,0x033ed724,0x033ed728,0x033ed730,0x033ed780,0x033ed788,0x033ed790,
	0x033ed794,0x033eebb8,0x033eebc0,0x03400000,0x03405300,0x03405800,0x03405900,0x03405a00,
	0x03405b00,0x03406000,0x03406f00,0x03407000,0x03407100,0x03407200,0x03407300,0x03407c00,
	0x03408000,0x0340bf00,0x0340c000,0x0340c500,0x0340c600,0x0340c700,0x0340c800,0x0340cb00,
	0x0340cf00,0x0340d000,0x0340d300,0x0340e000,0x0340e100,0x0340e500,0x0340e600,0x0340e700,
	0x0340e800,0x0340ea00,0x0340f700,0x0340f800,0x0340fd00,0x0340fe00,0x0340ff00,0x03410500,
	0x03410800,0x03410900,0x03410a00,0x03410b00,0x03410d00,0x03410e00,0x03410f00,0x03411000,
	0x03411a00,0x03411b00,0x03412000,0x03412500,0x03412800,0x03412b00,0x03412d00,0x03412e00,
	0x03412f00,0x03414700,0x03414800,0x03414d00,0x03414e00,0x03414f00,0x03416000,0x03417000,
	0x03417100,0x03417400,0x03417600,0x03417700,0x03417800,0x03417d00,0x03417e00,0x03417f00,
	0x03418000,0x03418100,0x03418500,0x03418600,0x03418700,0x03418800,0x03418d00,0x03418e00,
	0x03418f00,0x0341a000,0x0341a500,0x0341a600,0x0341a700,0x0341a800,0x0341ac00,0x03420000,
	0x03420200,0x03420400,0x03420500,0x03421400,0x03421800,0x03421900,0x03421a00,0x03421b00,
	0x03422000,0x03423000,0x03424000,0x03424800,0x03424900,0x03424a00,0x03424c00,0x03425500,
	0x03425600,0x03425700,0x03425800,0x03425d00,0x03425f00,0x03426000,0x03426400,0x03426600,
	0x03426700,0x03426800,0x03427000,0x03427400,0x03427800,0x03427900,0x03427a00,0x03427b00,
	0x03427c00,0x03428000,0x03428500,0x03428600,0x03428700,0x03428800,0x03428d00,0x03428e00,
	0x03428f00,0x0342a000,0x0342a500,0x0342a600,0x0342a700,0x0342a800,0x0342ad00,0x0342ae00,
	0x0342af00,0x0342d000,0x0342d400,0x0342d800,0x0342d900,0x0342da00,0x0342db00,0x0342e000,
	0x0342f100,0x0342f200,0x0342f300,0x0342f800,0x0342f900,0x0342fa00,0x0342fb00,0x03430000,
	0x03430300,0x03430400,0x03430800,0x03430d00,0x03430e00,0x03430f00,0x03432000,0x03432500,
	0x03432600,0x03433000,0x03433a00,0x03433b00,0x03438000,0x03439100,0x03439200,0x03439300,
	0x03439400,0x03439800,0x03439900,0x03439a00,0x03439c00,0x03439e00,0x03439f00,0x0343a000,
	0x0343b300,0x0343b500,0x0343b600,0x0343b700,0x0343b800,0x0343c000,0x0343e800,0x0343e900,
	0x0343ea00,0x0343ec00,0x03440000,0x03441500,0x03441600,0x03441700,0x03441800,0x03441d00,
	0x03441e00,0x03443700,0x03443800,0x03443d00,0x03443e00,0x03443f00,0x03444000,0x03444400,
	0x03444600,0x03444700,0x03444800,0x03444a00,0x03444c00,0x03445000,0x03445700,0x03445a00,
	0x03448000,0x03448100,0x03448200,0x03448300,0x03448800,0x03448c00,0x03449500,0x03449800,
	0x03449c00,0x03449e00,0x03449f00,0x0344a000,0x0344a400,0x0344a600,0x0344a700,0x0344a800,
	0x0344b000,0x0344b500,0x0344b600,0x0344b800,0x0344b900,0x0344ba00,0x0344bb00,0x0344c000,
	0x0344e900,0x0344ea00,0x0344eb00,0x0344ed00,0x0344ee00,0x0344f000,0x03450000,0x03450200,
	0x03450300,0x03450800,0x03450900,0x03450a00,0x03450b00,0x03451400,0x03451500,0x03451800,
	0x03451900,0x03451a00,0x03451c00,0x03451e00,0x03451f00,0x03452000,0x03452400,0x03452800,
	0x03452c00,0x03453400,0x03453800,0x03453c00,0x03453d00,0x03453e00,0x03453f00,0x03454000,
	0x03454100,0x03454200,0x03454300,0x03458000,0x03458400,0x03458800,0x03458d00,0x03458e00,
	0x03458f00,0x03459000,0x03459500,0x03459800,0x03459b00,0x0345a000,0x0345a500,0x0345a600,
	0x0345a700,0x0345a800,0x0345ad00,0x0345ae00,0x0345af00,0x0345c000,0x0345c200,0x0345c300,
	0x0345c800,0x0345cc00,0x0345ce00,0x0345cf00,0x0345e000,0x0345e500,0x0345e600,0x0345f000,
	0x0345f800,0x0345f900,0x0345fa00,0x0345fc00,0x03460000,0x03461100,0x03461200,0x03461400,
	0x03461500,0x03461600,0x03461700,0x03461800,0x03461c00,0x03461d00,0x03462000,0x03463400,
	0x03463800,0x03463c00,0x03465000,0x03465200,0x03465300,0x03465800,0x03465c00,0x03466000,
	0x03467400,0x03467800,0x03467c00,0x03467e00,0x03467f00,0x03468000,0x03469500,0x03469600,
	0x03469700,0x03469800,0x0346c000,0x0346d500,0x0346d600,0x0346d700,0x0346d800,0x0346dd00,
	0x0346de00,0x0346df00,0x0346e000,0x0346e100,0x0346e200,0x0346e300,0x0346e800,0x0346ec00,
	0x0346f500,0x0346f600,0x0346f700,0x0346f800,0x0346fc00,0x03470000,0x03470300,0x03470400,
	0x03470500,0x03470600,0x03470800,0x03470900,0x03470a00,0x03470b00,0x03470c00,0x03471000,
	0x03472000,0x03472100,0x03472200,0x03472300,0x03472400,0x03472500,0x03472a00,0x03472b00,
	0x03472d00,0x03472e00,0x03472f00,0x03475400,0x03475600,0x03475700,0x03475800,0x03478000,
	0x03478400,0x03478500,0x03478600,0x03478700,0x03478800,0x03478d00,0x03479000,0x0347a000,
	0x0347a400,0x0347a500,0x0347a600,0x0347a700,0x0347a800,0x0347a900,0x0347aa00,0x0347ab00,
	0x0347ad00,0x0347ae00,0x0347af00,0x03480000,0x03480500,0x03480600,0x03480700,0x03480800,
	0x03480d00,0x03480e00,0x03480f00,0x03482000,0x03482500,0x03482600,0x03482700,0x03482800,
	0x03482d00,0x03482e00,0x03483000,0x03485100,0x03485200,0x03485300,0x03485400,0x03485800,
	0x03485900,0x03485a00,0x03485b00,0x03485c00,0x03486000,0x03487100,0x03487200,0x03487300,
	0x03487400,0x03487800,0x03487c00,0x03487e00,0x03488000,0x03489000,0x0348a000,0x0348b100,
	0x0348b200,0x0348b300,0x0348b700,0x0348b800,0x0348bc00,0x0348bd00,0x0348be00,0x0348bf00,
	0x0348c000,0x0348cb00,0x0348cd00,0x0348ce00,0x0348cf00,0x0348e000,0x0348e500,0x0348e600,
	0x0348e700,0x0348e800,0x0348ea00,0x0348eb00,0x0348ed00,0x0348ee00,0x0348ef00,0x03490000,
	0x03490500,0x03490600,0x03490700,0x03490800,0x03490c00,0x03491a6c,0x03491a74,0x03491a94,
	0x03491aa0,0x03491aa4,0x03491aa8,0x03491aac,0x03491ad0,0x03491ae0,0x03491ae4,0x03491ae8,
	0x03491aec,0x0349257c,0x03492580,0x034925cc,0x034925e0,0x034925e4,0x03492600,0x03492740,
	0x03492780,0x03492794,0x03492798,0x0349279c,0x034927a0,0x034927c0,0x034927d4,0x03493004,
	0x03493030,0x03493034,0x03493038,0x03493040,0x03493044,0x03493048,0x0349304c,0x03493080,
	0x03493090,0x034930a0,0x034930a4,0x034930a8,0x034930ac,0x03493200,0x03493204,0x03493208,
	0x0349320c,0x03494500,0x03494600,0x03494700,0x03494800,0x03494d00,0x03494e00,0x03494f00,
	0x03496000,0x03496500,0x03496600,0x03496700,0x03496800,0x03496d00,0x03496e00,0x03496f00,
	0x03498000,0x0349c500,0x0349c600,0x0349c700,0x0349c800,0x0349cd00,0x0349e000,0x0349e400,
	0x0349e800,0x0349e900,0x034a0000,0x034a1500,0x034a1600,0x034a1700,0x034a1800,0x034a1d00,
	0x034a1e00,0x034a1f00,0x034a2000,0x034a3500,0x034a3800,0x034a3c00,0x034a4100,0x034a4200,
	0x034a4400,0x034a4500,0x034a8000,0x034a9300,0x034aa000,0x034aa500,0x034aa600,0x034aa700,
	0x034aa800,0x034aad00,0x034aae00,0x034aaf00,0x034b1700,0x034b1800,0x034b1d00,0x034b1e00,
	0x034b1f00,0x034b2000,0x034b3400,0x034b3800,0x034b3c00,0x034b4000,0x034b4a00,0x034b4b00,
	0x034b6000,0x034b6500,0x034b6600,0x034b6700,0x034b6800,0x034b6d00,0x034b6e00,0x034b6f00,
	0x034b7000,0x034b7200,0x034b7300,0x034b7800,0x034b7900,0x034b7a00,0x034b7b00,0x034b8000,
	0x034b9400,0x034b9600,0x034b9700,0x034b9800,0x034b9d00,0x034b9e00,0x034b9f00,0x034ba000,
	0x034bc000,0x034bd000,0x034bd100,0x034bd200,0x034bd400,0x034bd800,0x034bd900,0x034be000,
	0x034be200,0x034be300,0x034be800,0x034bf000,0x034bf100,0x034bf200,0x034bf400,0x034bf800,
	0x034c0000,0x034c4400,0x034c4800,0x034c4c00,0x034c4e00,0x034c4f00,0x034c5300,0x034c5400,
	0x034c5500,0x034c5600,0x034c5700,0x034c5800,0x034c5900,0x034c5d00,0x034c5e00,0x034c5f00,
	0x034c6000,0x034c6500,0x034c6600,0x034c7000,0x034c7200,0x034c7300,0x034c7500,0x034c7600,
	0x034c7800,0x034c7c00,0x034c7d00,0x034c7e00,0x034c7f00,0x034c8000,0x034ccd00,0x034cce00,
	0x034ccf00,0x034cd100,0x034cd200,0x034cd300,0x034cd800,0x034cd900,0x034ce000,0x034ce500,
	0x034ce600,0x034ce700,0x034ce800,0x034cf000,0x034cf200,0x034cf300,0x034cf800,0x034cf900,
	0x034cfa00,0x034cfc00,0x034d0000,0x034d0100,0x034d0200,0x034d0300,0x034d0400,0x034d0800,
	0x034d0b00,0x034d2000,0x034d2100,0x034e0000,0x034e5000,0x034e5300,0x034e5800,0x034e5900,
	0x034e5a00,0x034e5b00,0x034e6000,0x034e6700,0x034e6800,0x034e6d00,0x034e6e00,0x034e6f00,
	0x034e7400,0x034e7800,0x034e7d00,0x034e7e00,0x034e7f00,0x034e8000,0x034eaa00,0x034eab00,
	0x034ec500,0x034ec600,0x034ec700,0x034ec800,0x034ecd00,0x034ece00,0x034ecf00,0x034ed400,
	0x034ed800,0x034edc00,0x034ee000,0x034ee500,0x034ee600,0x034ee700,0x034ee800,0x034eed00,
	0x034eee00,0x034eef00,0x034ef100,0x034ef200,0x034ef300,0x03500000,0x03520a00,0x03520b00,
	0x03522000,0x03522400,0x03522800,0x03522d00,0x03522e00,0x03523000,0x03528000,0x03529100,
	0x03529200,0x03529400,0x03529800,0x03529c00,0x03529e00,0x03529f00,0x0352a000,0x0352c000,
	0x0352e200,0x0352e300,0x0352e800,0x0352e900,0x0352ea00,0x0352ec00,0x03551100,0x03551200,
	0x03551300,0x03551800,0x03551900,0x03552000,0x03553000,0x03553700,0x03553800,0x03553d00,
	0x03553e00,0x03553f00,0x03559000,0x03559500,0x03559600,0x03559700,0x03559900,0x03559a00,
	0x03580000,0x03584500,0x03584600,0x03585000,0x03585800,0x03585900,0x03585a00,0x03585b00,
	0x03586000,0x03587400,0x03587600,0x03587700,0x03587800,0x03587d00,0x03587e00,0x03587f00,
	0x03588000,0x03590000,0x035a0000,0x035ad700,0x035ad800,0x035add00,0x035ae000,0x035ae600,
	0x035ae800,0x035aec00,0x03600000,0x03600300,0x03600400,0x03600500,0x03600800,0x03600900,
	0x03640100,0x03640200,0x03640300,0x03640600,0x03641000,0x03641200,0x03641300,0x03641800,
	0x03641c00,0x03641f00,0x03642000,0x03643500,0x03643600,0x03643700,0x03643800,0x03644000,
	0x03644500,0x03644600,0x03644700,0x03644800,0x03644d00,0x03644e00,0x03644f00,0x03645000,
	0x03645f00,0x03646000,0x03646a00,0x03646b00,0x03647000,0x03647100,0x03647200,0x03647300,
	0x03647400,0x03647800,0x03647900,0x03648000,0x0364c100,0x0364c200,0x0364c400,0x0364c800,
	0x0364cc00,0x0364e000,0x0364e400,0x0364e600,0x0364e700,0x0364e800,0x0364ed00,0x0364ee00,
	0x0364ef00,0x03650000,0x03650a00,0x03650b00,0x03652000,0x03652500,0x03652600,0x03652700,
	0x03652800,0x03653000,0x03653a00,0x03653b00,0x03658000,0x03659100,0x03659200,0x03659400,
	0x03659800,0x03659c00,0x0365a000,0x0365b500,0x0365b600,0x0365b700,0x0365b800,0x0365c000,
	0x03660000,0x03665000,0x03665800,0x03665900,0x03665a00,0x03665b00,0x03666000,0x03666700,
	0x03666800,0x03666d00,0x03666e00,0x03667100,0x03667200,0x03667400,0x03667800,0x03667c00,
	0x03668000,0x0366b7d0,0x0366b7d4,0x0366b7d8,0x0366b7e0,0x0366b7e8,0x0366b7f0,0x0366b7f4,
	0x0366b7f8,0x0366b7fc,0x0366b800,0x0366bd44,0x0366bd48,0x0366bd4c,0x0366bd50,0x0366bd64,
	0x0366bd68,0x0366bd6c,0x0366bd80,0x0366cd00,0x0366ce00,0x0366cf00,0x0366d000,0x0366d100,
	0x0366d400,0x0366d800,0x0366d900,0x0366da00,0x0366db00,0x0366e000,0x0366e280,0x0366e290,
	0x0366e298,0x0366e29c,0x0366e2a0,0x0366e2c0,0x0366e2e8,0x0366e2ec,0x0366e804,0x0366e808,
	0x0366e80c,0x0366e810,0x0366e814,0x0366e818,0x0366e81c,0x0366e844,0x0366e848,0x0366e84c,
	0x0366e850,0x0366e854,0x0366e858,0x0366e85c,0x0366e860,0x0366e864,0x0366e868,0x0366e880,
	0x0366e884,0x0366e888,0x0366e88c,0x0366e8a0,0x0366e8a4,0x0366e8ac,0x0366e8b4,0x0366e8b8,
	0x0366e8bc,0x0366e900,0x0366e9a0,0x0366e9a4,0x0366e9a8,0x0366e9ac,0x0366ea14,0x0366ea18,
	0x0366ea40,0x0366ea5c,0x0366ea60,0x0366ea70,0x0366ea94,0x0366ea98,0x0366eac0,0x0366eacc,
	0x0366ed00,0x0366ee00,0x0366ef00,0x0366f500,0x0366f600,0x03670000,0x03674000,0x03674200,
	0x03674300,0x03674800,0x03674900,0x03674a00,0x03674c00,0x03676000,0x03676400,0x03676800,
	0x03676c00,0x03678000,0x0367a200,0x0367a300,0x0367a800,0x0367ac00,0x0367ae00,0x0367af00,
	0x0367b000,0x0367b200,0x0367c000,0x0367c400,0x0367c800,0x0367cc00,0x0367cd00,0x0367ce00,
	0x0367cf00,0x0367e000,0x0367e200,0x0367e300,0x0367e400,0x0367e500,0x0367e600,0x0367e700,
	0x0367e800,0x0367e900,0x0367ea00,0x0367ec00,0x0367ed00,0x0367f000,0x0367f200,0x0367f300,
	0x0367f800,0x0367f900,0x0367fa00,0x0367fb00,0x0367fc00,0x03680000,0x03687fa8,0x03687fb0,
	0x0368d17c,0x0368d180,0x0368d1d4,0x0368d1d8,0x0368d1dc,0x0368d1e0,0x0368d1ec,0x0368d200,
	0x0368d344,0x0368d348,0x0368d350,0x0368d358,0x0368d37c,0x0368d380,0x0368d3d4,0x0368d3d8,
	0x0368d3dc,0x0368d3e0,0x0368d3f4,0x0368d3f8,0x0368d418,0x0368d420,0x0368d424,0x0368d440,
	0x0368d448,0x0368d44c,0x0368d454,0x0368d510,0x0368d520,0x0368d534,0x0368d580,0x0368d590,
	0x0368d598,0x0368d59c,0x0368d5a0,0x0368d5ac,0x0368d600,0x0368d674,0x0368d678,0x0368d67c,
	0x0368d680,0x0368d6a8,0x0368d6b0,0x0368d6b8,0x0368d6c0,0x0368d6d0,0x0368d6e0,0x0368d6e4,
	0x036c4500,0x036c4600,0x036c4700,0x036c4800,0x036c4900,0x036c4a00,0x036c4b00,0x036c6000,
	0x036c6400,0x036c6800,0x036c6c00,0x036c6e00,0x036c6f00,0x036c8000,0x036cb500,0x036cb600,
	0x036cb700,0x036cb800,0x036cbd00,0x036cbe00,0x036cbf00,0x036cc000,0x036cc300,0x036cc400,
	0x036cc600,0x036cc700,0x036cc900,0x036cca00,0x036ccb00,0x036ccd00,0x036cce00,0x036cd000,
	0x036cd200,0x036cd400,0x036ce000,0x036cf000,0x036cf200,0x036cf300,0x036cf800,0x036cf900,
	0x036cfa00,0x036cfb00,0x036d0500,0x036d0600,0x036d1000,0x036d1a00,0x036d1b00,0x036d2000,
	0x036d3000,0x036d3800,0x036d3900,0x036d4000,0x036d4400,0x036d4600,0x036d4700,0x036d4800,
	0x036d4c00,0x036d5000,0x036d5400,0x036d5500,0x036d5800,0x036d5c00,0x036d5e00,0x036d6000,
	0x036d6300,0x036d6800,0x036d6900,0x036d7100,0x036d7200,0x036d7400,0x036d7600,0x036d8000,
	0x036d9000,0x036d9200,0x036d9300,0x036d9800,0x036d9900,0x036d9d00,0x036d9e00,0x036d9f00,
	0x036da000,0x036da400,0x036da800,0x036dad00,0x036dae00,0x036daf00,0x036db500,0x036db800,
	0x036dbb00,0x036dbd00,0x036dbe00,0x036dbf00,0x036e0000,0x036e4100,0x036e4200,0x036e4400,
	0x036e4800,0x036e4d00,0x036e4e00,0x036e4f00,0x036e5100,0x036e5200,0x036e5400,0x036e5600,
	0x036e5700,0x036e5800,0x036e5c00,0x036e7000,0x036e7200,0x036f0000,0x036f0300,0x036f0400,
	0x036f0500,0x036f1100,0x036f1200,0x036f1300,0x036f1500,0x036f1600,0x036f1700,0x036f1800,
	0x036f1d00,0x036f1e00,0x036f1f00,0x036f2000,0x036f4000,0x036f6a00,0x036f6b00,0x036f8000,
	0x036fc100,0x036fc200,0x036fc400,0x036fc800,0x036fcd00,0x036fce00,0x036fd000,0x036fd900,
	0x036fdc00,0x036fde00,0x036fdf00,0x036fe000,0x036fef54,0x036fef60,0x036fef70,0x036fef80,
	0x036fefd0,0x036fefd8,0x036fefdc,0x036fefe0,0x036feff4,0x036feff8,0x036feffc,0x036ff000,
	0x036ff88c,0x036ff890,0x036ff898,0x036ff89c,0x036ff8a0,0x036ff8b4,0x036ff8b8,0x036ff8c0,
	0x036ffa00,0x036ffa44,0x036ffa48,0x036ffa4c,0x036ffa60,0x036ffa6c,0x036ffa80,0x036ffad0,
	0x036ffae0,0x036ffaf4,0x036ffaf8,0x036ffafc,0x03700000,0x03704400,0x03704800,0x03704c00,
	0x03706000,0x03706400,0x03706800,0x03706c00,0x03706e00,0x03706f00,0x03708000,0x0370c500,
	0x0370c600,0x0370c700,0x0370c800,0x0370cd00,0x0370ce00,0x0370cf00,0x0370e000,0x0370e500,
	0x0370e600,0x0370e700,0x0370e800,0x0370ed00,0x0370ee00,0x0370ef00,0x03720000,0x03724400,
	0x03724800,0x03724b00,0x03726000,0x03726100,0x03726200,0x03726300,0x03726800,0x03726900,
	0x03728000,0x0372bf00,0x03780000,0x03780100,0x03780200,0x03780300,0x03780400,0x03780800,
	0x03780900,0x03780c00,0x03780f00,0x03781000,0x03781500,0x03781600,0x03781700,0x03781800,
	0x03781a00,0x03781b00,0x03781c00,0x03782000,0x03782200,0x03782400,0x03782800,0x03782c00,
	0x03783400,0x03783600,0x03783700,0x03783800,0x03784000,0x03788000,0x03789000,0x03789200,
	0x03789300,0x03789800,0x03789c00,0x0378a000,0x0378b500,0x0378b600,0x0378b700,0x0378b800,
	0x0378bd00,0x0378be00,0x0378bf00,0x0378c000,0x0378e200,0x0378e300,0x0378e800,0x0378e900,
	0x0378ea00,0x0378eb00,0x037a0000,0x037a1700,0x037a1800,0x037a1d00,0x037a1e00,0x037a1f00,
	0x037a2000,0x037a3700,0x037a3800,0x037a3d00,0x037a3e00,0x037a4000,0x037a4300,0x037a4800,
	0x037a4900,0x037a4a00,0x037a4b00,0x037a4c00,0x037a6000,0x037a6100,0x037a6200,0x037a6300,
	0x037a6500,0x037a6600,0x037a6700,0x037a6800,0x037a6900,0x037a7000,0x037a8000,0x037a9500,
	0x037a9600,0x037aa200,0x037aa300,0x037aa800,0x037aa900,0x037aaa00,0x037aac00,0x037ac000,
	0x037ac200,0x037ac400,0x037ac500,0x037ac800,0x037ac900,0x037aca00,0x037acb00,0x037ad000,
	0x037ad800,0x037ad900,0x037ada00,0x037adc00,0x037ade00,0x037ae000,0x037ae400,0x037ae800,
	0x037aec00,0x037aed00,0x037aee00,0x037aef00,0x037af000,0x037af200,0x037b0000,0x037b8a00,
	0x037b8b00,0x037ba000,0x037ba400,0x037ba800,0x037bad00,0x037bae00,0x037bb000,0x03800000,
	0x0380a000,0x0380a100,0x0380a200,0x0380a300,0x0380a800,0x0380ac00,0x0380ae00,0x0380af00,
	0x03810100,0x03810200,0x03810300,0x03810800,0x03811000,0x03811100,0x03820000,0x03820200,
	0x03820300,0x03820500,0x03820600,0x03820800,0x03820900,0x03820a00,0x03820b00,0x03821000,
	0x03821800,0x03821c00,0x03822400,0x03823500,0x038235a8,0x038235bc,0x038235c8,0x038235d0,
	0x038235d8,0x038235dc,0x038235e0,0x038235e4,0x038235f4,0x038235f8,0x038235fc,0x03823600,
	0x03823700,0x03823704,0x03823708,0x0382370c,0x03823714,0x03823718,0x03823720,0x03823724,
	0x03823728,0x0382372c,0x03823740,0x03823748,0x0382374c,0x03823760,0x03823770,0x03823778,
	0x0382377c,0x03823784,0x03823788,0x0382378c,0x038237a0,0x038237b4,0x038237b8,0x038237c0,
	0x03823800,0x03823d00,0x03823d10,0x03823d20,0x03823d30,0x03823d78,0x03823d80,0x03823d84,
	0x03823d85,0x03823d86,0x03823d87,0x03823d88,0x03823d90,0x03823d9a,0x03823d9b,0x03823da0,
	0x03823db4,0x03823db6,0x03823db7,0x03823db8,0x03823dc0,0x03823dd0,0x03823de0,0x03823dea,
	0x03823deb,0x03823df0,0x03823e00,0x03823f00,0x03824000,0x038260a8,0x038260ac,0x03826200,
	0x03826208,0x03826218,0x0382621c,0x03826230,0x03826234,0x03826238,0x0382623c,0x03826280,
	0x03826294,0x03826808,0x0382680c,0x03826820,0x03826824,0x03826a00,0x03826b00,0x03828000,
	0x0382d000,0x0382d200,0x0382d300,0x0382d700,0x0382d800,0x0382d900,0x0382da00,0x0382db00,
	0x0382dc00,0x0382dd00,0x0382de00,0x0382e000,0x0382f100,0x0382f200,0x0382f300,0x0382f600,
	0x0382f700,0x0382f800,0x0382fc00,0x03830000,0x03838200,0x03838300,0x03838700,0x03838800,
	0x03838c00,0x03839000,0x03839100,0x03839200,0x03839300,0x03839400,0x03839800,0x0383a000,
	0x0383a100,0x0383a200,0x0383a300,0x0383a400,0x0383a600,0x0383a700,0x0383a800,0x0383a900,
	0x0383aa00,0x0383ac00,0x0383ad00,0x0383b000,0x0383c000,0x0383ca00,0x0383cb00,0x0383cc00,
	0x0383cd00,0x0383cd3c,0x0383cd40,0x0383cd60,0x0383cd64,0x0383cd68,0x0383cd70,0x0383cd80,
	0x0383cd90,0x0383cd94,0x0383cd98,0x0383cdc0,0x0383cdc8,0x0383cdca,0x0383cdcc,0x0383cdce,
	0x0383cdcf,0x0383cdd4,0x0383cdd8,0x0383cde0,0x0383cdf0,0x0383cdf2,0x0383cdf3,0x0383cdf8,
	0x0383cdfc,0x0383cdfe,0x0383cdff,0x0383ce00,0x0383d000,0x0383d888,0x0383d88c,0x0383d8a0,
	0x0383d8a4,0x0383d8a8,0x0383d8ad,0x0383d8ae,0x0383d8b0,0x0383d8b8,0x0383d8bc,0x0383da01,
	0x0383da02,0x0383da03,0x0383da05,0x0383da06,0x0383da07,0x0383da08,0x0383da0c,0x0383da0e,
	0x0383da0f,0x0383da14,0x0383da18,0x0383da20,0x0383da25,0x0383da26,0x0383da30,0x0383da38,
	0x0383da39,0x0383da3a,0x0383da3b,0x0383da3c,0x0383da40,0x0383da48,0x0383da4c,0x0383da60,
	0x0383da70,0x0383da78,0x0383da80,0x0383da91,0x0383da92,0x0383da93,0x0383da94,0x0383da98,
	0x0383da9c,0x0383daa0,0x0383dac0,0x0383dac8,0x0383dad0,0x0383dad8,0x0383e000,0x0383f100,
	0x0383f200,0x0383f300,0x0383f500,0x0383f600,0x0383f700,0x0383f800,0x0383fc00,0x03844400,
	0x03844800,0x03844c00,0x03844e00,0x03844f00,0x03845700,0x03845800,0x03845f54,0x03845f74,
	0x03845f78,0x03845f7c,0x03845f80,0x03846500,0x03846600,0x03847000,0x03847200,0x038501fc,
	0x03850200,0x03850350,0x03850360,0x03850374,0x03850378,0x0385037c,0x03850380,0x038503d4,
	0x038503dd,0x038503de,0x038503df,0x038503e0,0x038503e8,0x038503f4,0x038503f8,0x038503f9,
	0x038503fa,0x038503fb,0x03850400,0x03850480,0x038504a4,0x038504b9,0x038504ba,0x038504bb,
	0x038504c0,0x03850500,0x03850600,0x0385060d,0x0385060e,0x0385060f,0x03850620,0x03850624,
	0x03850628,0x03850629,0x0385062a,0x0385062b,0x03850800,0x038508b8,0x038508bc,0x038508c8,
	0x038508cc,0x038508d4,0x038508d8,0x038508dc,0x03850900,0x03850908,0x0385090c,0x03850914,
	0x03850918,0x0385091c,0x03850928,0x0385092c,0x0385094f,0x03850960,0x03850965,0x03850966,
	0x03850967,0x03850968,0x0385096d,0x03850980,0x038509a8,0x038509ac,0x038509c1,0x038509c2,
	0x038509c3,0x038509c4,0x038509c8,0x038509c9,0x038509ca,0x038509cb,0x038509e0,0x038509e1,
	0x038509e2,0x038509e3,0x03850a00,0x03850a04,0x03850a3c,0x03850a40,0x03850a7c,0x03850a80,
	0x03850a84,0x03850ac0,0x03850ac8,0x03850b08,0x03850b14,0x03850b18,0x03850b28,0x03850b30,
	0x03850b38,0x03850b40,0x03850b80,0x03850bc0,0x03851000,0x03851100,0x03851200,0x03851400,
	0x03851800,0x03851c00,0x03851e00,0x03851f00,0x03852400,0x03852600,0x03853000,0x03853500,
	0x03853600,0x03853800,0x03853d00,0x03853e00,0x03880000,0x03884d00,0x03885000,0x03885200,
	0x03885300,0x03885500,0x03885800,0x03885c00,0x03885e00,0x03885f00,0x03886000,0x03886400,
	0x03886600,0x03886700,0x03886800,0x03886900,0x03886a00,0x03886b00,0x03887000,0x03887500,
	0x03887600,0x03887700,0x03887800,0x03887a00,0x03887b00,0x03888000,0x03889500,0x03889600,
	0x0388a200,0x0388a400,0x0388a600,0x0388b000,0x0388b200,0x0388b400,0x0388b600,0x0388b700,
	0x0388b800,0x0388c000,0x0388c100,0x0388c800,0x0388c900,0x0388ca00,0x0388cc00,0x0388d400,
	0x0388d600,0x0388e200,0x0388e400,0x0388ea00,0x0388eb00,0x0388ec00,0x0388ed00,0x03890000,
	0x03890500,0x03890800,0x03890b00,0x03891500,0x03891600,0x03891700,0x03891800,0x03891d00,
	0x03891e00,0x03891f00,0x03892000,0x03892100,0x03892200,0x03892300,0x03892940,0x03892968,
	0x03892970,0x03892980,0x038929d0,0x038929d8,0x038929dc,0x038929e0,0x038929f0,0x03892a00,
	0x03892b4c,0x03892b60,0x03892b64,0x03892b68,0x03892b70,0x03892b80,0x03892bc4,0x03892bc8,
	0x03892bcc,0x03892bd8,0x03892bdc,0x03892be0,0x03892c08,0x03892c0c,0x03892c20,0x03892c30,
	0x03892c38,0x03892c3c,0x03892c6c,0x03892c70,0x03892c78,0x03892c7c,0x03892c80,0x03892cc0,
	0x03892cc4,0x03892d00,0x03892da0,0x03892db0,0x03892db8,0x03892dc0,0x03892de8,0x03892dec,
	0x03892e00,0x03892ecc,0x03892ed0,0x03892ee4,0x03892ef0,0x03892f50,0x03892f60,0x03892f74,
	0x03892f78,0x03892f7c,0x03892f80,0x03893000,0x03893500,0x03893600,0x03893700,0x03893800,
	0x03893aa8,0x03893aac,0x03893d00,0x03893e00,0x03894000,0x03895400,0x03895800,0x03895d00,
	0x03895e00,0x03895f00,0x03896000,0x03897500,0x03897600,0x03897700,0x03897800,0x03898000,
	0x03898404,0x03898408,0x03898410,0x03898414,0x0389844c,0x03898460,0x03898464,0x03898468,
	0x0389846c,0x03898480,0x038984c4,0x038984c8,0x038984cc,0x038984e0,0x038984e4,0x038984e8,
	0x038984f0,0x038984f8,0x03898500,0x0389855c,0x03898560,0x038985a8,0x038985b0,0x038985ec,
	0x038985f0,0x038985f8,0x03899000,0x03899004,0x038995fc,0x03899600,0x03899654,0x03899660,
	0x03899700,0x03899714,0x03899718,0x03899720,0x03899734,0x03899738,0x03899748,0x03899778,
	0x0389977c,0x03899780,0x038997c0,0x038997c4,0x0389c0ac,0x0389c0b0,0x0389c0b8,0x0389c0d0,
	0x0389c0d4,0x0389c100,0x0389c180,0x0389c1bc,0x0389c1ca,0x0389c1cb,0x0389c1e0,0x0389c1e2,
	0x0389c1e3,0x0389c1e6,0x0389c1e8,0x0389c1ec,0x0389c200,0x0389c23c,0x0389c240,0x0389c264,
	0x0389c26c,0x0389c280,0x0389c2c4,0x0389c2c8,0x0389c2d4,0x0389c2e0,0x0389c2f0,0x0389c314,
	0x0389c318,0x0389c31c,0x0389c330,0x0389c334,0x0389c338,0x0389c33c,0x0389c380,0x0389c394,
	0x0389c3a0,0x0389c3ac,0x0389c400,0x0389c800,0x0389c900,0x0389c904,0x0389cc00,0x0389d000,
	0x0389d300,0x0389d400,0x0389d800,0x0389f500,0x0389f600,0x0389f700,0x0389f800,0x0389fd00,
	0x0389fe00,0x0389ff00,0x038a0000,0x038a4000,0x038a4200,0x038a4300,0x038a4800,0x038a4d00,
	0x038a4e00,0x038a5000,0x038a6000,0x038a7100,0x038a7600,0x038a7700,0x038a7800,0x038a7d00,
	0x038a7e00,0x038b0000,0x038b4000,0x038b4800,0x038b4900,0x038b4a00,0x038b4c00,0x038b5500,
	0x038b5600,0x038b5700,0x038b5800,0x038b5d00,0x038b5e00,0x038b5f00,0x038b6500,0x038b6600,
	0x038b7000,0x038b7200,0x038b7300,0x038b7800,0x038b7900,0x038b7a00,0x038b7c00,0x038b8000,
	0x038b8100,0x038b8200,0x038b8400,0x038b8800,0x038b8c00,0x038b8e00,0x038b8f00,0x038ba000,
	0x038ba700,0x038ba800,0x038bac00,0x038bb000,0x038bba00,0x038bbc00,0x038bd400,0x038bd800,
	0x038bdd00,0x038bde00,0x038c0900,0x038c0d00,0x038c0e00,0x038c0f00,0x038c2000,0x038c2500,
	0x038c2600,0x038c2700,0x038c2800,0x038c2c00,0x038c35b8,0x038c35bc,0x038c35cc,0x038c35e0,
	0x038c35e4,0x038c3600,0x038c3710,0x038c3720,0x038c3724,0x038c3728,0x038c372c,0x038c3774,
	0x038c3778,0x038c377c,0x038c3780,0x038c3788,0x038c6088,0x038c608c,0x038c60a0,0x038c60a4,
	0x038c60a8,0x038c60ac,0x038c6200,0x038c6204,0x038c8000,0x038c8100,0x038c8500,0x038c8600,
	0x038c8800,0x038c8900,0x038c8a00,0x038c8c00,0x038c8e00,0x038c8f00,0x038c9000,0x038c9200,
	0x038c9400,0x038c9600,0x038ca000,0x038cadd4,0x038cadd8,0x038caddc,0x038cade0,0x038cadf0,
	0x038cae00,0x038caf50,0x038caf58,0x038caf5c,0x038caf60,0x038cafd4,0x038cafd8,0x038cafdc,
	0x038cafe0,0x038caff0,0x038caff8,0x038caffc,0x038cb000,0x038cb288,0x038cb2a8,0x038cb2ac,
	0x038cb2b4,0x038cb2b8,0x038cb2bc,0x038cb2f8,0x038cb2fc,0x038cb320,0x038cb324,0x038cb328,
	0x038cb330,0x038cb384,0x038cb388,0x038cb38c,0x038cb390,0x038cb3a4,0x038cb3b4,0x038cb3b8,
	0x038cb3bc,0x038cb500,0x038cb600,0x038cb7cc,0x038cb7d0,0x038cb7d8,0x038cb7e0,0x038cb7e4,
	0x038cb800,0x038cb80c,0x038cb83c,0x038cb840,0x038cb848,0x038cb84c,0x038cb864,0x038cb870,
	0x038cb874,0x038cb880,0x038cb894,0x038cb898,0x038cb89c,0x038cb8a0,0x038cb8bc,0x038cb8e0,
	0x038cb8e4,0x038cb8e8,0x038cb8ec,0x038cb900,0x038cb910,0x038cb918,0x038cb91c,0x038cb924,
	0x038cb928,0x038cb92c,0x038cb934,0x038cb938,0x038cb93c,0x038cb990,0x038cb998,0x038cb99c,
	0x038cb9a0,0x038cba00,0x038cba14,0x038cba18,0x038cba20,0x038cba24,0x038cba40,0x038cba48,
	0x038cba4c,0x038cba60,0x038cba64,0x038cba80,0x038cbaa0,0x038cbaa4,0x038cbaa8,0x038cbaac,
	0x038cbac4,0x038cbac8,0x038cbacc,0x038cbae0,0x038cbae4,0x038cbae8,0x038cbaec,0x038cbc74,
	0x038cbc80,0x038cbcd0,0x038cbce0,0x038cbce4,0x038cbce8,0x038cbcf0,0x038cbd00,0x038cbd08,
	0x038cbd14,0x038cbd18,0x038cbd40,0x038cbd44,0x038cbd4c,0x038cbd50,0x038cbd58,0x038cbd5c,
	0x038cbd84,0x038cbd88,0x038cbde0,0x038cbde4,0x038cbe00,0x038cbe50,0x038cbe54,0x038cbe58,
	0x038cbe60,0x038cbe70,0x038cbe80,0x038cbf00,0x038cbf0c,0x038cbf10,0x038cbf24,0x038cbf30,
	0x038cbf38,0x038cbf40,0x038cbf54,0x038cbf60,0x038cbf70,0x038cbf94,0x038cbfa0,0x038cbfb0,
	0x038cbfb4,0x038cbfc0,0x038cbfc4,0x038cbfc8,0x038cbfcc,0x038cc800,0x038ccd00,0x038ccfd4,
	0x038ccfd8,0x038ccfdc,0x038ccfe0,0x038ccff4,0x038cd000,0x038cd82c,0x038cd830,0x038cd838,
	0x038cd840,0x038cd868,0x038cd870,0x038cd878,0x038cd87c,0x038cd884,0x038cd888,0x038cd890,
	0x038cd8a0,0x038cd8ac,0x038cd8f4,0x038cd8f8,0x038cd8fc,0x038cda08,0x038cdb00,0x038cdb20,
	0x038cdb24,0x038cdb28,0x038cdb40,0x038cdb54,0x038cdc00,0x038cde00,0x038cde04,0x038cde08,
	0x038cde10,0x038cde18,0x038cde1c,0x038cde20,0x038cde34,0x038cde38,0x038cde40,0x038cde80,
	0x038cde94,0x038cde98,0x038cdec0,0x038ce000,0x038ce100,0x038ce288,0x038ce290,0x038ce2a0,
	0x038ce2c0,0x038ce2e8,0x038ce2f0,0x038ce53c,0x038ce540,0x038ce54c,0x038ce560,0x038ce564,
	0x038ce580,0x038ce594,0x038ce598,0x038ce59c,0x038ce5a0,0x038ce5b4,0x038ce5b8,0x038ce5bc,
	0x038ce600,0x038ce6dc,0x038ce6e0,0x038ce6e4,0x038ce700,0x038ce714,0x038ce720,0x038ce72c,
	0x038ce800,0x038ce8b4,0x038ce8b8,0x038ce8c0,0x038ce8c8,0x038ce8cc,0x038ce8d0,0x038ce8d4,
	0x038ce8e0,0x038ce8e4,0x038ce8e8,0x038ce8f4,0x038ce8f8,0x038ce8fc,0x038ce908,0x038ce90c,
	0x038ce920,0x038ce924,0x038cea00,0x038cea08,0x038cea0c,0x038cea20,0x038cea24,0x038cea28,
	0x038cea2c,0x038cea34,0x038cea3c,0x038cea54,0x038cea58,0x038cea74,0x038cea78,0x038cea80,
	0x038cea84,0x038cea88,0x038cea8c,0x038ceaa0,0x038ceac0,0x038ceaec,0x038ceaf0,0x038ceaf8,
	0x038ceb18,0x038ceb20,0x038ceb24,0x038ceb40,0x038ceb48,0x038ceb4c,0x038ceb60,0x038ceb70,
	0x038ceb78,0x038ceb7c,0x038ceb80,0x038cebb0,0x038cebc0,0x038cebd4,0x038cebd8,0x038cebe8,
	0x038cebec,0x038cec00,0x038cec14,0x038cec18,0x038cec1c,0x038cec20,0x038cec34,0x038cec38,
	0x038cec40,0x038cec64,0x038cec70,0x038cec7c,0x038cecd4,0x038cecd8,0x038cecdc,0x038cece0,
	0x038ced00,0x038cee00,0x038ceea0,0x038ceeb0,0x038ceeb8,0x038ceebc,0x038cef14,0x038cef18,
	0x038cef1c,0x038cef20,0x038cef40,0x038cef68,0x038cef6c,0x038cef80,0x038cefc4,0x038cefc8,
	0x038cefd0,0x038cefe0,0x038cf000,0x038cf414,0x038cf418,0x038cf440,0x038cf444,0x038cf450,
	0x038cf460,0x038cf474,0x038cf478,0x038cf47c,0x038cf480,0x038cf4d4,0x038cf4e0,0x038cf4f0,
	0x038cf600,0x038cf64c,0x038cf680,0x038cf694,0x038cf698,0x038cf69c,0x038cf6a0,0x038cf6b4,
	0x038cf800,0x038cf8fc,0x038cf900,0x038cf93c,0x038cf940,0x038cf95c,0x038cf960,0x038cf964,
	0x038cf980,0x038cf98c,0x038cf990,0x038cf994,0x038cf9a0,0x038cf9a4,0x038cfa00,0x038cfa38,
	0x038cfa40,0x038cfa54,0x038cfa60,0x038cfa64,0x038cfa80,0x038cfa88,0x038d33f4,0x038d3400,
	0x038d3614,0x038d3618,0x038d361c,0x038d3620,0x038d3634,0x038d3638,0x038d363c,0x038d364c,
	0x038d3660,0x038d3664,0x038d3668,0x038d3680,0x038d368c,0x038d3690,0x038d3694,0x038d3700,
	0x038d3720,0x038d3728,0x038d372c,0x038d3730,0x038d3780,0x038d3790,0x038d37a0,0x038d37b0,
	0x038d37b8,0x038d37c0,0x038d37e8,0x038d37ec,0x038d38f8,0x038d3900,0x038d393c,0x038d3940,
	0x038d3944,0x038d3980,0x038d398c,0x038d39b0,0x038d39b4,0x038d39b8,0x038d39c0,0x038d39dc,
	0x038d39e0,0x038d39e4,0x038d3a54,0x038d3a60,0x038d3a70,0x038d3a7c,0x038d3b00,0x038d3b0c,
	0x038d3b30,0x038d3b34,0x038d3b38,0x038d3b3c,0x038d3b54,0x038d3b58,0x038d3b7c,0x038d3b80,
	0x038d3b90,0x038d3ba0,0x038d3bb4,0x038d3bb8,0x038d3bc8,0x038d3be8,0x038d3bec,0x038d3c80,
	0x038d3c84,0x038d3c88,0x038d3c8c,0x038d3ca0,0x038d3ca4,0x038d3cf4,0x038d3cf8,0x038d3cfc,
	0x038d3d00,0x038d3d40,0x038d3d80,0x038d3d84,0x038d3e00,0x038d3e4c,0x038d3e80,0x038d3e94,
	0x038d3ea0,0x038d3ea8,0x038d3eb8,0x038d3ebc,0x038d9134,0x038d9138,0x038d9140,0x038d9154,
	0x038d9158,0x038d9164,0x038d9174,0x038d9178,0x038d9400,0x038d940c,0x038d9410,0x038d9424,
	0x038d9428,0x038d943c,0x038d9440,0x038d9444,0x038d9448,0x038d944c,0x038d9460,0x038d9468,
	0x038d946c,0x038d9470,0x038da3b4,0x038da3b8,0x038da3bc,0x038da3c4,0x038da3c8,0x038da3d0,
	0x038da3d4,0x038da3fc,0x038da63c,0x038da640,0x038da64c,0x038da650,0x038da658,0x038da690,
	0x038da694,0x038da6a0,0x038da6a8,0x038da6ac,0x038da6c0,0x038da6c8,0x038da6cc,0x038da6e0,
	0x038da6e4,0x038da6e8,0x038da6ec,0x038da700,0x038da708,0x038da70c,0x038da720,0x038da724,
	0x038da728,0x038da730,0x038da780,0x038da790,0x038da798,0x038da7c0,0x038da7e0,0x038da7e4,
	0x038da7e8,0x038da7f0,0x038da940,0x038da94c,0x038da950,0x038da958,0x038da9f8,0x038daa00,
	0x038daaf0,0x038daafc,0x038dab18,0x038dab20,0x038dab2c,0x038daba8,0x038dabac,0x038dac04,
	0x038dac44,0x038dac48,0x038dac4c,0x038dac80,0x038dac90,0x038daca0,0x038daca4,0x038dad54,
	0x038dad60,0x038dad70,0x038dad78,0x038dad7c,0x038dad80,0x038dadd4,0x038dadd8,0x038daddc,
	0x038dade0,0x038dadec,0x038dae00,0x038daf34,0x038daf80,0x038daf90,0x038dafa0,0x038dafa8,
	0x038e0554,0x038e0558,0x038e1000,0x038e100c,0x038e1010,0x038e1020,0x038e1030,0x038e1038,
	0x038e1040,0x038e1044,0x038e1048,0x038e1050,0x038e1060,0x038e1074,0x038e1078,0x038e107c,
	0x038e108c,0x038e1090,0x038e1094,0x038e10a0,0x038e10a4,0x038e10a8,0x038e10b0,0x038e10b4,
	0x038e10c0,0x038e10d0,0x038e10dc,0x038e10f4,0x038e10f8,0x038e1100,0x038e1244,0x038e1248,
	0x038e1250,0x038e1260,0x038e1270,0x038e1278,0x038e127c,0x038e1280,0x038e12c4,0x038e12c8,
	0x038e12cc,0x038e12f0,0x038e1308,0x038e1310,0x038e1320,0x038e1340,0x038e1360,0x038e1364,
	0x038e1368,0x038e1370,0x038e1378,0x038e137c,0x038e1380,0x038e1384,0x038e1388,0x038e1394,
	0x038e1398,0x038e139c,0x038e13a0,0x038e13a8,0x038e13ac,0x038e13b4,0x038e13b8,0x038e13c8,
	0x038e13cc,0x038e13d4,0x038e13d8,0x038e13e0,0x038e13ec,0x038e1400,0x038e15cc,0x038e15d0,
	0x038e15d8,0x038e15e0,0x038e15e4,0x038e15e8,0x038e15ec,0x038e1600,0x038e1688,0x038e1694,
	0x038e1698,0x038e169c,0x038e16a0,0x038e16ac,0x038e16b0,0x038e16b4,0x038e16d8,0x038e16e0,
	0x038e16e4,0x038e16e8,0x038e16ec,0x038e16f8,0x038e16fc,0x038e1700,0x038e172c,0x038e1730,
	0x038e173c,0x038e1740,0x038e1744,0x038e1748,0x038e174c,0x038e1758,0x038e1760,0x038e1774,
	0x038e1778,0x038e177c,0x038e1780,0x038e17d8,0x038e17dc,0x038e17ec,0x038e1814,0x038e1818,
	0x038e181c,0x038e1820,0x038e1840,0x038e1850,0x038e1858,0x038e1860,0x038e1864,0x038e1868,
	0x038e186c,0x038e1878,0x038e187c,0x038e1880,0x038e18c4,0x038e18c8,0x038e18d0,0x038e18e0,
	0x038e18ec,0x038e1900,0x038e1908,0x038e190c,0x038e1910,0x038e1918,0x038e191c,0x038e1920,
	0x038e193c,0x038e194c,0x038e1950,0x038e1960,0x038e1964,0x038e1974,0x038e1988,0x038e19b8,
	0x038e19c0,0x038e19cc,0x038e19d4,0x038e19d8,0x038e19dc,0x038e19e0,0x038e19ec,0x038e1a00,
	0x038e1a04,0x038e1a14,0x038e1a18,0x038e1a1c,0x038e1a20,0x038e1a28,0x038e1a2c,0x038e1a34,
	0x038e1a38,0x038e1a40,0x038e1a50,0x038e1a7c,0x038e1a84,0x038e1a88,0x038e1a90,0x038e1aa0,
	0x038e1ab4,0x038e1ab8,0x038e1ac0,0x038e1ac8,0x038e1ad0,0x038e1ad4,0x038e1b00,0x038e1b04,
	0x038e1b08,0x038e1b10,0x038e1b44,0x038e1b48,0x038e1b54,0x038e1b58,0x038e1b5c,0x038e1b60,
	0x038e1c00,0x038e1c08,0x038e1c0c,0x038e1c1c,0x038e1c24,0x038e1c3c,0x038e1c40,0x038e1c44,
	0x038e1c80,0x038e1cbc,0x038e1cc8,0x038e1ccc,0x038e1ce0,0x038e1ce4,0x038e1cfc,0x038e1d00,
	0x038e1d04,0x038e1d08,0x038e1d10,0x038e1d20,0x038e1d30,0x038e1d44,0x038e1d48,0x038e1d4c,
	0x038e1d5c,0x038e1d60,0x038e1d68,0x038e1d70,0x038e1d74,0x038e1d80,0x038e1d90,0x038e1dd8,
	0x038e1ddc,0x038e1de4,0x038e1de8,0x038e1df0,0x038e1df4,0x038e1df8,0x038e1dfc,0x038e1e00,
	0x038e1e0c,0x038e1e10,0x038e1e20,0x038e1e30,0x038e1e38,0x038e1e54,0x038e1e58,0x038e1e5c,
	0x038e1e60,0x038e1e6c,0x038e1e80,0x038e1ec4,0x038e1ec8,0x038e1ecc,0x038e1ed4,0x038e1ed8,
	0x038e1ee0,0x038e1ee4,0x038e1ee8,0x038e1eec,0x038e1efc,0x038e1f00,0x038e1f20,0x038e1f34,
	0x038e1f38,0x038e1f3c,0x038e1f6c,0x038e1f70,0x038e1f74,0x038e2200,0x038e2300,0x038e2800,
	0x038e2c00,0x038e2e00,0x038e2f00,0x038e3444,0x038e3448,0x038e344c,0x038e3460,0x038e3464,
	0x038e3468,0x038e346c,0x038e3474,0x038e3478,0x038e347c,0x038e3494,0x038e34a0,0x038e34b0,
	0x038e34b8,0x038e34c4,0x038e34d0,0x038e34e0,0x038e34e4,0x038e403c,0x038e4040,0x038e4044,
	0x038e4048,0x038e4050,0x038e407c,0x038e4088,0x038e4104,0x038e4108,0x038e410c,0x038e4144,
	0x038e4148,0x038e414c,0x038e4160,0x038e4164,0x038e4178,0x038e417c,0x038e4180,0x038e4188,
	0x038e4190,0x038e4198,0x038e41b8,0x038e41bc,0x038e41e8,0x038e41f0,0x038e4208,0x038e420c,
	0x038e421c,0x038e4244,0x038e4248,0x038e424c,0x038e4260,0x038e4270,0x038e4284,0x038e4288,
	0x038e428c,0x038e42a0,0x038e42a4,0x038e42a8,0x038e42b0,0x038e42b8,0x038e42c0,0x038e42c4,
	0x038e42f4,0x038e4300,0x038e4304,0x038e4328,0x038e4330,0x038e4344,0x038e4348,0x038e434c,
	0x038e4360,0x038e4364,0x038e4368,0x038e436c,0x038e4384,0x038e43c4,0x038e43c8,0x038e43cc,
	0x038e43e0,0x038e43e4,0x038e43fc,0x038e4400,0x038e4414,0x038e4418,0x038e441c,0x038e4420,
	0x038e4428,0x038e442c,0x038e4434,0x038e448c,0x038e4490,0x038e449c,0x038e44c0,0x038e44c8,
	0x038e44d0,0x038e44e0,0x038e44e8,0x038e4600,0x038e4604,0x038e4608,0x038e4610,0x038e4618,
	0x038e461c,0x038e4620,0x038e4634,0x038e4638,0x038e4640,0x038e4680,0x038e46c4,0x038e4800,
	0x038e481c,0x038e4820,0x038e482c,0x038e4880,0x038e4884,0x038e4888,0x038e488c,0x038e48a0,
	0x038e48ac,0x038e4944,0x038e4948,0x038e4a00,0x038e4a04,0x038e4a08,0x038e4a10,0x038e4a18,
	0x038e4a1c,0x038e4a24,0x038e4a28,0x038e4a30,0x038e4a34,0x038e4c00,0x038e4c08,0x038e4c10,
	0x038e4c14,0x038e8000,0x038e8f00,0x038ec59c,0x038ec5a0,0x038ec5b4,0x038ec5b8,0x038ec5c8,
	0x038ec5d0,0x038ec5e0,0x038ec5e8,0x038ec5ec,0x038ec5f4,0x038ec5f8,0x038ec5fc,0x038ec714,
	0x038ec720,0x038ec724,0x038ec728,0x038ec72c,0x038ec730,0x038ec740,0x038ec748,0x038ec74c,
	0x038ec754,0x038ec758,0x038ec760,0x038ec770,0x038ec780,0x038ed0f4,0x038ed100,0x038ed188,
	0x038ed190,0x038ed194,0x038ed1ac,0x038ed200,0x038ed204,0x038ed208,0x038ed214,0x038ed218,
	0x038ed240,0x038ed24c,0x038ed268,0x038ed270,0x038ed278,0x038ef500,0x038ef600,0x038ef700,
	0x038ef800,0x038efc00,0x038efd00,0x038f0050,0x038f0054,0x038f00d4,0x038f00e0,0x038f00e4,
	0x038f00e8,0x038f00ec,0x038f00fc,0x038f010c,0x038f0120,0x038f0124,0x038f018c,0x038f0190,
	0x038f01a0,0x038f01ac,0x038f01d4,0x038f01e0,0x038f01ec,0x038f01f4,0x038f0200,0x038f0238,
	0x038f023c,0x038f0244,0x038f0248,0x038f024c,0x038f0254,0x038f0258,0x038f025c,0x038f0260,
	0x038f026c,0x038f0290,0x038f02a0,0x038f02b0,0x038f02bc,0x038f02c0,0x038f02c4,0x038f0304,
	0x038f0308,0x038f0310,0x038f0320,0x038f0324,0x038f0344,0x038f0348,0x038f034c,0x038f0350,
	0x038f0358,0x038f0360,0x038f0364,0x038f0380,0x038f039c,0x038f03a0,0x038f03ac,0x038f03d8,
	0x038f03dc,0x038f03e8,0x038f03f0,0x038f03fc,0x038f042c,0x038f0430,0x038f0478,0x038f0480,
	0x038f04a8,0x038f04b0,0x038f04b8,0x038f04c0,0x038f04d0,0x038f04d8,0x038f04dc,0x038f04e0,
	0x038f04f4,0x038f04f8,0x038f04fc,0x038f0640,0x038f0680,0x038f0694,0x038f0698,0x038f069c,
	0x038f06a0,0x038f06a8,0x038f06f4,0x038f06f8,0x038f06fc,0x038f091c,0x038f0920,0x038f092c,
	0x038f0944,0x038f0948,0x038f0980,0x038f0984,0x038f0988,0x038f098c,0x038f09b4,0x038f09c0,
	0x038f09d4,0x038f0c00,0x038f0c1c,0x038f0c20,0x038f0c28,0x038f0c30,0x038f0c34,0x038f0c40,
	0x038f0c44,0x038f2b00,0x038f2c00,0x038f2d00,0x038f3000,0x038f3200,0x038f3400,0x038f3800,
	0x038f3c00,0x038f6a00,0x038f6b00,0x038f8100,0x038f8200,0x038f8300,0x038f8800,0x038f8900,
	0x038f8a00,0x038f8b00,0x038f9100,0x038f9200,0x038fa600,0x038fb000,0x038fb200,0x038fc000,
	0x038fc300,0x038fc800,0x038fc900,0x038fca00,0x038fcc00,0x038fce00,0x038fcf00,0x038fe000,
	0x038fe200,0x038fe400,0x038fe800,0x038fec00,0x038ff000,0x038ff100,0x038ff500,0x038ff600,
	0x038fff00,0x03900500,0x03900600,0x03900700,0x03900800,0x03901000,0x03901a00,0x03901b00,
	0x03902000,0x03903400,0x03903600,0x03903700,0x03903800,0x03904000,0x03904100,0x03904200,
	0x03904400,0x03904600,0x03905000,0x03906000,0x03906800,0x03910454,0x03910458,0x0391045c,
	0x03910460,0x03910500,0x03910514,0x03910518,0x03910540,0x03910580,0x039105a8,0x039105ac,
	0x039105b4,0x039105b8,0x039105c0,0x03910704,0x03910708,0x03910710,0x03910720,0x03910730,
	0x03910740,0x03910768,0x0391076c,0x03910790,0x03910798,0x0391079c,0x039107a0,0x039107b4,
	0x039107b8,0x039107bc,0x039107c4,0x039107c8,0x039107d0,0x039107e0,0x039107f0,0x039107f8,
	0x039107fc,0x03910d14,0x03910d18,0x03910d1c,0x03910d20,0x03910d34,0x03910d38,0x03910d40,
	0x03910d54,0x03910d58,0x03910d5c,0x03910d60,0x03910d74,0x03910d78,0x03910d80,0x03910dc4,
	0x03910dc8,0x03910dd0,0x03910dd8,0x03911880,0x03911894,0x03911898,0x0391189c,0x039118b0,
	0x039118b4,0x03911bbc,0x03911bc0,0x03911be8,0x03911bf0,0x03911bf4,0x03911c00,0x03911e14,
	0x03911e18,0x03911e1c,0x03911e20,0x03911e34,0x03911e38,0x03911e40,0x03911e44,0x03911e48,
	0x03911e50,0x03911e60,0x03911e70,0x03911e78,0x03911e80,0x03911e88,0x03911e90,0x03911e94,
	0x03911e98,0x03911e9c,0x03911f00,0x03911f80,0x03911f84,0x03911f88,0x03911f8c,0x03911fa0,
	0x03911fb0,0x03913110,0x03913120,0x03913130,0x03913180,0x03913194,0x03913198,0x039131c0,
	0x039131dc,0x039131e4,0x039131e8,0x039131f0,0x039131f4,0x03913400,0x03913464,0x03913480,
	0x03913484,0x03913490,0x03913498,0x0391349c,0x039134a0,0x039134a8,0x039134c0,0x03913500,
	0x03913510,0x03913524,0x03913534,0x03913538,0x0391353c,0x03913584,0x03913588,0x0391358c,
	0x039135a0,0x03913600,0x03913608,0x039440f4,0x039440f8,0x039440fc,0x03944100,0x03944110,
	0x03944120,0x03944124,0x03944128,0x03944130,0x03944140,0x03944184,0x039441c0,0x03944250,
	0x03944260,0x0394426c,0x03944280,0x0394429c,0x039442a0,0x039442b4,0x039442b8,0x039442bc,
	0x03944314,0x03944318,0x0394431c,0x03944320,0x03944334,0x03944338,0x0394433c,0x03944380,
	0x039443c0,0x039443c8,0x039443cc,0x039443e0,0x039443e4,0x039443e8,0x039443f0,0x0394481c,
	0x03944820,0x03944834,0x03944838,0x03944840,0x03944868,0x0394486c,0x03944880,0x039448c4,
	0x039448c8,0x039448d0,0x039448e0,0x039448f0,0x03944950,0x03944960,0x03944970,0x03944980,
	0x039449c4,0x039449c8,0x039449cc,0x039449e0,0x039449e4,0x039449e8,0x039449f0,0x039449f4,
	0x03944a00,0x03944a4c,0x03944a60,0x03944a70,0x03944a78,0x03944a7c,0x03944a80,0x03944b00,
	0x03944b80,0x03944b84,0x03944b88,0x03944b8c,0x03944ba0,0x03944ba4,0x03944ba8,0x03944bb0,
	0x03944c00,0x03944ca8,0x03944cac,0x03944e00,0x03944e14,0x03944e18,0x03944e1c,0x03944e20,
	0x03944e34,0x03944e38,0x03944e3c,0x03944e80,0x03944ec0,0x03944ee8,0x03944ef0,0x03945ee8,
	0x03945eec,0x03945ef4,0x03945f00,0x03945fa0,0x03945fc0,0x03945fc8,0x03945fcc,0x03945fe0,
	0x03945fe4,0x03945fe8,0x03945fec,0x03945ff8,0x03946000,0x03946110,0x03946118,0x03946140,
	0x03946160,0x03946170,0x03946180,0x039461d4,0x039461d8,0x03946400,0x03946504,0x03946508,
	0x03946510,0x0394651c,0x03946540,0x03946548,0x0394654c,0x03946560,0x03946574,0x03946578,
	0x03946600,0x03946604,0x03946608,0x03946610,0x03946618,0x03946640,0x03946654,0x03946658,
	0x0394665c,0x03946740,0x03946748,0x03946750,0x03946758,0x0394675c,0x03946760,0x03947020,
	0x03947034,0x03947038,0x03947040,0x03947068,0x03947070,0x03947078,0x039470e4,0x039470e8,
	0x039470ec,0x03947118,0x03947120,0x03947124,0x03947140,0x03947148,0x03947150,0x03947158,
	0x0394718c,0x03947190,0x039471a0,0x039471b0,0x039471b4,0x039471c0,0x039471cc,0x039471d4,
	0x039471d8,0x03947200,0x03947208,0x03947210,0x03947218,0x0394740c,0x03947488,0x0394748c,
	0x039474a0,0x039474c0,0x039474dc,0x03947500,0x03947538,0x0394753c,0x03947588,0x03947594,
	0x03947598,0x0394759c,0x039475a0,0x039475c0,0x039475e0,0x039475e4,0x039475e8,0x039475f0,
	0x03947600,0x03950aa8,0x03950ab0,0x03950ab8,0x03950abc,0x03952000,0x03952014,0x03952018,
	0x03952040,0x03952080,0x039520d0,0x039520e0,0x039520f0,0x03952200,0x03952208,0x03952210,
	0x03952218,0x0395221c,0x03952220,0x03952240,0x03952244,0x03952248,0x0395224c,0x03953fec,
	0x03954000,0x0395949c,0x039594a0,0x039594ac,0x039594c0,0x039594c8,0x03959500,0x0395950c,
	0x03959510,0x03959514,0x03959520,0x03959524,0x039595dc,0x039595e0,0x039595e4,0x03959600,
	0x03959624,0x03959630,0x03959638,0x03959640,0x03959668,0x03959670,0x03959674,0x03959678,
	0x0395967c,0x039596cc,0x039596e0,0x039596e4,0x039596f4,0x039596f8,0x039596fc,0x03959700,
	0x0395970c,0x03959780,0x03959794,0x03959798,0x039597a0,0x03959c40,0x03959c48,0x03959c4c,
	0x03959c54,0x03959c58,0x03959c5c,0x03959c64,0x03959c68,0x03959c6c,0x03959c74,0x03959cc4,
	0x03959cc8,0x03959ccc,0x03959cd0,0x03959ce4,0x03959ce8,0x03959cec,0x03959cf0,0x03959cf8,
	0x03959cfc,0x03959e44,0x03959e48,0x03959e50,0x03959e54,0x03959e58,0x03959e60,0x03959e74,
	0x03959e78,0x03959f20,0x03959f30,0x03959f38,0x03959f40,0x03959f84,0x03959f88,0x03959f90,
	0x03959f98,0x03959fc0,0x03959fc4,0x03959fc8,0x03959fd0,0x03959fd8,0x03959fdc,0x03959fe4,
	0x03959fe8,0x03959fec,0x0395a000,0x0395b4dc,0x0395b4e0,0x0395b4ec,0x0395b4f0,0x0395b4f4,
	0x0395b500,0x0395b53c,0x0395b540,0x0395b544,0x0395b554,0x0395b560,0x0395b564,0x0395b588,
	0x0395b594,0x0395b598,0x0395b59c,0x0395b5a0,0x0395b5b0,0x0395b644,0x0395b658,0x0395b700,
	0x0395b708,0x0395b70c,0x0395b710,0x0395b730,0x0395b734,0x0395b738,0x0395b740,0x0395c000,
	0x0395c004,0x0395c008,0x0395c00c,0x0395c020,0x0395c030,0x0395c080,0x0395c084,0x0395caa8,
	0x0395caac,0x039aa900,0x039ab000,0x039ea500,0x039ea800,0x039eb000,0x039eb500,0x039eb600,
	0x039eb800,0x039eb900,0x039eba00,0x039ebc00,0x039ec000,0x039ee800,0x039ee900,0x039eea00,
	0x039eec00,0x03a00000,0x03a0aa00,0x03a0ab00,0x03a10400,0x03a10800,0x03a11000,0x03a11400,
	0x03a11600,0x03a11800,0x03a11900,0x03a11a00,0x03a11c00,0x03a11e00,0x03a14000,0x03a14800,
	0x03a14900,0x03a14a00,0x03a14b00,0x03a16000,0x03a16400,0x03a16600,0x03a16700,0x03a16800,
	0x03a17000,0x03a17200,0x03a17300,0x03a17800,0x03a17c00,0x03a17e00,0x03a20000,0x03a20500,
	0x03a20600,0x03a21000,0x03a21200,0x03a21300,0x03a21800,0x03a21d00,0x03a21e00,0x03a24000,
	0x03a24a00,0x03a24c00,0x03a26000,0x03a27000,0x03a27200,0x03a27400,0x03a27800,0x03a30000,
	0x03a32800,0x03a32900,0x03a32a00,0x03a32c00,0x03a32e00,0x03a32f00,0x03a35d00,0x03a36000,
	0x03a36d00,0x03a37000,0x03a37100,0x03a38000,0x03a39100,0x03a39200,0x03a39400,0x03a39600,
	0x03a39700,0x03a39800,0x03a39d00,0x03a3a000,0x03a3ae00,0x03a3b000,0x03a3b100,0x03a3b200,
	0x03a3b400,0x03a3b600,0x03a3c000,0x03a3c100,0x03a3c800,0x03a3cd00,0x03a3ce00,0x03a3d000,
	0x03a3da00,0x03a3db00,0x03a3e000,0x03a3e100,0x03a3e200,0x03a3e400,0x03a3e800,0x03a3ed00,
	0x03a3ee00,0x03a3ef00,0x03a3f400,0x03a3f600,0x03a3f700,0x03a3f800,0x03a3fb00,0x03a3fc00,
	0x03a3fd00,0x03a40000,0x03a42a00,0x03a42c00,0x03a42f00,0x03a43000,0x03a46b00,0x03a47000,
	0x03a47500,0x03a48000,0x03a49500,0x03a49600,0x03a49700,0x03a49800,0x03a49b00,0x03a4a000,
	0x03a4ad00,0x03a4b000,0x03a4b100,0x03a4c100,0x03a4c200,0x03a4c400,0x03a4c500,0x03a50000,
	0x03a51b00,0x03a51d00,0x03a51e00,0x03a52000,0x03a52200,0x03a52400,0x03a52500,0x03a54000,
	0x03a54100,0x03a54a00,0x03a54c00,0x03a54e00,0x03a55000,0x03a55500,0x03a55600,0x03a55700,
	0x03a55800,0x03a55a00,0x03a55b00,0x03a55d00,0x03a55e00,0x03a60000,0x03a60100,0x03a6a000,
	0x03a6a100,0x03a6a200,0x03a6a300,0x03a80000,0x03a83a00,0x03a83c00,0x03a83e00,0x03a84000,
	0x03a86a00,0x03a86c00,0x03a86d00,0x03a87000,0x03a87800,0x03a90000,0x03a90300,0x03a90700,
	0x03a90800,0x03a90900,0x03a91000,0x03a91600,0x03a91700,0x03a91800,0x03a91d00,0x03a91e00,
	0x03a92600,0x03a93000,0x03a93200,0x03a93400,0x03a93600,0x03a94000,0x03a94600,0x03a94800,
	0x03a94900,0x03a94a00,0x03a94b00,0x03a94f00,0x03a95100,0x03a95a00,0x03a95f00,0x03a96000,
	0x03a96100,0x03ac0000,0x03ac0800,0x03ac1000,0x03ac1800,0x03ac1900,0x03ac1a00,0x03ac1c00,
	0x03ac2000,0x03ac4000,0x03ac6000,0x03ac6400,0x03ac6600,0x03ac7000,0x03ac7200,0x03ac7400,
	0x03ac7600,0x03ad0000,0x03ad2200,0x03ad2400,0x03ad2600,0x03ad3000,0x03ad3200,0x03ad3400,
	0x03ad3600,0x03ad4000,0x03ad6200,0x03ad6400,0x03ad6600,0x03ad6700,0x03ad6800,0x03ad7000,
	0x03ad7800,0x03b00000,0x03b00200,0x03b00400,0x03b00800,0x03b00900,0x03b01400,0x03b01600,
	0x03b03100,0x03b03200,0x03b03400,0x03b03500,0x03b04000,0x03b04800,0x03b04d00,0x03b04e00,
	0x03b05000,0x03b05800,0x03b05d00,0x03b05e00,0x03b0d600,0x03b0d800,0x03b0d900,0x03b0df00,
	0x03b0e000,0x03b0e400,0x03b0e600,0x03b0e700,0x03b0e800,0x03b0ed00,0x03b0ee00,0x03b0f000,
	0x03b0f400,0x03b0f800,0x03b0fd00,0x03b0fe00,0x03b0ff00,0x03b10000,0x03b10a00,0x03b10c00,
	0x03b10e00,0x03b10f00,0x03b11800,0x03b11c00,0x03b11e00,0x03b11f00,0x03b12000,0x03b13500,
	0x03b13800,0x03b13a00,0x03b14000,0x03b15f00,0x03b16000,0x03b16700,0x03b17000,0x03b17100,
	0x03b18000,0x03b18200,0x03b18300,0x03b20000,0x03b25100,0x03b25200,0x03b25300,0x03b25400,
	0x03b25600,0x03b25800,0x03b25c00,0x03b25e00,0x03b30000,0x03b30200,0x03b30300,0x03b30800,
	0x03b30c00,0x03b30e00,0x03b30f00,0x03b32000,0x03b32200,0x03b32300,0x03b32800,0x03b32d00,
	0x03b32e00,0x03b33000,0x03b33200,0x03b33400,0x03b33800,0x03b33d00,0x03b33e00,0x03b34000,
	0x03b36a00,0x03b36c00,0x03b38000,0x03b39500,0x03b39600,0x03b3c400,0x03b3c600,0x03b3d000,
	0x03b3d200,0x03b3d400,0x03b3d600,0x03b3d800,0x03b3ff00,0x03b40000,0x03b40800,0x03b40c00,
	0x03b4127c,0x03b41280,0x03b412d4,0x03b412d8,0x03b412dc,0x03b412e0,0x03b41328,0x03b41330,
	0x03b41338,0x03b41340,0x03b41368,0x03b4136c,0x03b41380,0x03b41398,0x03b41500,0x03b41600,
	0x03b41f00,0x03b42000,0x03b42300,0x03b43500,0x03b43600,0x03b43700,0x03b43800,0x03b43d00,
	0x03b43e00,0x03b43f00,0x03b44500,0x03b44600,0x03b44700,0x03b44800,0x03b44c00,0x03b44e00,
	0x03b44f00,0x03b45300,0x03b45700,0x03b45900,0x03b45a00,0x03b45b00,0x03b45d00,0x03b45e00,
	0x03b45f00,0x03b46000,0x03b46300,0x03b46400,0x03b46600,0x03b46800,0x03b46900,0x03b46a00,
	0x03b46b00,0x03b47000,0x03b47200,0x03b48a00,0x03b48b00,0x03b49500,0x03b49600,0x03b49700,
	0x03b49800,0x03b49c00,0x03b4a000,0x03b4a400,0x03b4a800,0x03b4ad00,0x03b4ae00,0x03b4b000,
	0x03b4b500,0x03b4b600,0x03b4b700,0x03b4b800,0x03b4ba00,0x03b4bc00,0x03b4bd00,0x03b4be00,
	0x03b4c000,0x03b4c400,0x03b4c800,0x03b4c900,0x03b4ca00,0x03b4cb00,0x03b4cd00,0x03b4ce00,
	0x03b4cf00,0x03b4d000,0x03b4d700,0x03b4de00,0x03b4e000,0x03b4e400,0x03b4e500,0x03b4e600,
	0x03b4e700,0x03b4e800,0x03b4ed00,0x03b4f500,0x03b4f600,0x03b4f700,0x03b4f800,0x03b4fd00,
	0x03b4fe00,0x03b50000,0x03b53b00,0x03b53c00,0x03b53e00,0x03b53f00,0x03b59300,0x03b59500,
	0x03b59600,0x03b59700,0x03b59900,0x03b59a00,0x03b59c00,0x03b59d00,0x03b59e00,0x03b59f00,
	0x03b5a200,0x03b5a400,0x03b5a500,0x03b5ad00,0x03b5ae00,0x03b5af00,0x03b5b000,0x03b5b300,
	0x03b5b400,0x03b5b500,0x03b60000,0x03b61000,0x03b61100,0x03b68200,0x03b68300,0x03b68800,
	0x03b68900,0x03b68b00,0x03b6a000,0x03b6a100,0x03b70100,0x03b70200,0x03b70400,0x03b70500,
	0x03b70600,0x03b71000,0x03b71200,0x03b71400,0x03b71600,0x03b74000,0x03b74200,0x03b74500,
	0x03b74600,0x03b75000,0x03b75200,0x03b75300,0x03b76000,0x03b77000,0x03b77200,0x03b77300,
	0x03b77800,0x03b80000,0x03b82300,0x03b82400,0x03b82800,0x03b83000,0x03b83100,0x03b83300,
	0x03b83400,0x03b83600,0x03b83800,0x03b83d00,0x03b83e00,0x03b83f00,0x03b88000,0x03b8c500,
	0x03b8c600,0x03b8d000,0x03b8d200,0x03b8d400,0x03b8d600,0x03b90000,0x03b92b00,0x03b92c00,
	0x03b93300,0x03b93400,0x03b93600,0x03b93700,0x03b95500,0x03b95600,0x03b95700,0x03b95800,
	0x03b95c00,0x03b96000,0x03b97100,0x03b97200,0x03b97300,0x03b97800,0x03b97900,0x03b97a00,
	0x03b97b00,0x03b97c00,0x03b97e00,0x03b98000,0x03b98200,0x03b98400,0x03b98600,0x03b99000,
	0x03b99200,0x03b99400,0x03b99600,0x03b9c000,0x03b9c200,0x03bc0000,0x03bc2a00,0x03bc2c00,
	0x03bc2e00,0x03bc3000,0x03bc3a00,0x03bc3c00,0x03bc3e00,0x03bc4000,0x03bc6a00,0x03bc6c00,
	0x03bc6e00,0x03bc7000,0x03bc7a00,0x03bc7c00,0x03bc7e00,0x03bd0000,0x03bd2a00,0x03bd2c00,
	0x03bd2e00,0x03bd3000,0x03bd3a00,0x03bd3c00,0x03bd3e00,0x03bd4000,0x03bd6a00,0x03bd6c00,
	0x03bd6e00,0x03bd7000,0x03bd7a00,0x03bd7c00,0x03bd7e00,0x03c00000,0x03c0ad3c,0x03c0ad40,
	0x03c0ad4c,0x03c0ad50,0x03c0ad58,0x03c0ad80,0x03c0ad94,0x03c0ada0,0x03c0adb0,0x03c0ae00,
	0x03c0af10,0x03c0af20,0x03c0af24,0x03c0af28,0x03c0af2c,0x03c0af80,0x03c0af90,0x03c0af98,
	0x03c0af9c,0x03c0afa0,0x03c0afc0,0x03c0afe8,0x03c0aff0,0x03c0aff8,0x03c0affc,0x03c0b000,
	0x03c0b820,0x03c0b824,0x03c0b828,0x03c0b830,0x03c0b880,0x03c0b894,0x03c0b898,0x03c0b89c,
	0x03c0b8a0,0x03c0b8b4,0x03c0b8b8,0x03c0b8c0,0x03c0b8e8,0x03c0b8f0,0x03c0b8f8,0x03c0b8fc,
	0x03c0ba00,0x03c0ba4c,0x03c0ba50,0x03c0ba54,0x03c0ba60,0x03c0ba68,0x03c0ba80,0x03c0ba94,
	0x03c0baa0,0x03c0bab0,0x03c0bab8,0x03c0babc,0x03c0fe94,0x03c0fe98,0x03c0fe9c,0x03c0fea0,
	0x03c0feb4,0x03c0feb8,0x03c0fec8,0x03c0fecc,0x03c0fee0,0x03c0fef4,0x03c0fef8,0x03c0ff00,
	0x03c21000,0x03c21010,0x03c25440,0x03c2545c,0x03c25460,0x03c25474,0x03c25478,0x03c25480,
	0x03c254c0,0x03c25500,0x03c25588,0x03c2558c,0x03c255a0,0x03c255b0,0x03c25644,0x03c25648,
	0x03c2564c,0x03c25660,0x03c25664,0x03c25668,0x03c2566c,0x03c25680,0x03c256c4,0x03c256c8,
	0x03c256cc,0x03c25710,0x03c25720,0x03c25730,0x03c25780,0x03c25790,0x03c25798,0x03c2579c,
	0x03c257a0,0x03c257b4,0x03c257b8,0x03c257bc,0x03c25c44,0x03c25c48,0x03c25c50,0x03c25c60,
	0x03c25c70,0x03c25c80,0x03c25cd0,0x03c25cd8,0x03c25cdc,0x03c25ce0,0x03c25cf4,0x03c25cf8,
	0x03c25d00,0x03c25d14,0x03c25d18,0x03c25d1c,0x03c25d20,0x03c25d34,0x03c25d80,0x03c25d84,
	0x03c25d88,0x03c25d8c,0x03c25da0,0x03c25da4,0x03c30ddc,0x03c30de0,0x03c30de4,0x03c30e00,
	0x03c30f40,0x03c30f48,0x03c30f4c,0x03c30f60,0x03c3183c,0x03c31840,0x03c31868,0x03c31870,
	0x03c31878,0x03c31880,0x03c31884,0x03c31900,0x03c31928,0x03c3192c,0x03c31980,0x03c31990,
	0x03c31998,0x03c319c0,0x03c319c8,0x03c319d0,0x03c319e0,0x03c31a20,0x03c31a24,0x03c31a28,
	0x03c31a30,0x03c31a38,0x03c31a40,0x03c31a68,0x03c31a70,0x03c31a78,0x03c31a7c,0x03c31a80,
	0x03c31ad4,0x03c31ad8,0x03c31b00,0x03c31b88,0x03c31b90,0x03c31b98,0x03c31bc0,0x03c31be0,
	0x03c31be4,0x03c31be8,0x03c31bf0,0x03c31c00,0x03c31ca8,0x03c31cb0,0x03c31e00,0x03c31e40,
	0x03c31e48,0x03c31e50,0x03c31e60,0x03c31e70,0x03c31e78,0x03c31e7c,0x03c31e80,0x03c31ed4,
	0x03c31ed8,0x03c31f00,0x03c31fa0,0x03c31fa4,0x03c33400,0x03c33420,0x03c33424,0x03c33428,
	0x03c33430,0x03c33480,0x03c33490,0x03c33498,0x03c3349c,0x03c334a0,0x03c334b4,0x03c334b8,
	0x03c334c0,0x03c33504,0x03c33508,0x03c3350c,0x03c33520,0x03c3352c,0x03c33580,0x03c33584,
	0x03c33588,0x03c3358c,0x03c335a0,0x03c335b0,0x03c335b8,0x03c335c0,0x03c335ec,0x03c33600,
	0x03c33640,0x03c33648,0x03c3364c,0x03c33660,0x03c33664,0x03c33668,0x03c33670,0x03c33678,
	0x03c3367c,0x03c33680,0x03c33700,0x03c33788,0x03c3378c,0x03c337a0,0x03c337b4,0x03c337b8,
	0x03c337c0,0x03c33800,0x03c33d40,0x03c33d48,0x03c33d4c,0x03c33d60,0x03c33d70,0x03c33d80,
	0x03c33dd4,0x03c33dd8,0x03c33df0,0x03c33df8,0x03c33dfc,0x03c33e00,0x03c33f54,0x03c33f58,
	0x03c36208,0x03c3620c,0x03c36220,0x03c36230,0x03c36238,0x03c3623c,0x03c36280,0x03c362c4,
	0x03c362c8,0x03c362d0,0x03c362e0,0x03c362f4,0x03c362f8,0x03c36300,0x03c363a8,0x03c363b0,
	0x03c363b8,0x03c363bc,0x03c36800,0x03c368ac,0x03c368b0,0x03c368b8,0x03c368bc,0x03c36940,
	0x03c36948,0x03c3694c,0x03c36960,0x03c36964,0x03c36968,0x03c36970,0x03c36978,0x03c3697c,
	0x03c36980,0x03c36a10,0x03c36a18,0x03c36a20,0x03c36a24,0x03c36a28,0x03c36a30,0x03c36a40,
	0x03c36a50,0x03c36a58,0x03c36a5c,0x03c36a70,0x03c36a78,0x03c36a7c,0x03c36a94,0x03c36a98,
	0x03c36ac0,0x03c36ae0,0x03c36ae4,0x03c36ae8,0x03c36af0,0x03c36b28,0x03c36b2c,0x03c36b80,
	0x03c36b88,0x03c36b8c,0x03c36b90,0x03c36c00,0x03c36ca0,0x03c36ca4,0x03c36ca8,0x03c36cac,
	0x03c36e00,0x03c36e04,0x03c36e08,0x03c36e10,0x03c36e20,0x03c36e34,0x03c36e38,0x03c36e3c,
	0x03c36e80,0x03c36ed0,0x03c36ed8,0x03c36edc,0x03c36ee0,0x03c36f00,0x03c36fa8,0x03c36fac,
	0x03c3c054,0x03c3c058,0x03c3c05c,0x03c3c060,0x03c3c100,0x03c3c188,0x03c3c18c,0x03c3c1a0,
	0x03c3c1b0,0x03c3c1b8,0x03c3c1bc,0x03c3c200,0x03c3c340,0x03c3c348,0x03c3c34c,0x03c3c360,
	0x03c3c370,0x03c3c378,0x03c3c37c,0x03c3c380,0x03c3c3d4,0x03c3c3d8,0x03c3c400,0x03c3c468,
	0x03c3c46c,0x03c3c4c4,0x03c3c4c8,0x03c3c4cc,0x03c3c4e0,0x03c3c4f0,0x03c3c500,0x03c3c504,
	0x03c3c580,0x03c3c594,0x03c3c598,0x03c3c59c,0x03c3c5a0,0x03c3c5b4,0x03c3c5b8,0x03c3c5bc,
	0x03c3c600,0x03c3c654,0x03c3c658,0x03c3c714,0x03c3c718,0x03c3c71c,0x03c3c720,0x03c3c740,
	0x03c3c768,0x03c3c76c,0x03c3c780,0x03c3c7c4,0x03c3c7c8,0x03c3c7d0,0x03c3c7e0,0x03c3c7f0,
	0x03c3c7f8,0x03c3c7fc,0x03c3cc00,0x03c3cc08,0x03c3cc0c,0x03c3cc20,0x03c3cc24,0x03c3cc28,
	0x03c3cc30,0x03c3cc80,0x03c3cc90,0x03c3cca0,0x03c3ccb4,0x03c3ccb8,0x03c3ccbc,0x03c3cd54,
	0x03c3cd58,0x03c3cd5c,0x03c3cd60,0x03c3cd70,0x03c3cd80,0x03c3cdd0,0x03c3cde0,0x03c3cdf0,
	0x03c3ce14,0x03c3ce18,0x03c3ce40,0x03c3ce60,0x03c3ce64,0x03c3ce68,0x03c3ce6c,0x03c3ce80,
	0x03c3cec4,0x03c3cec8,0x03c3ced0,0x03c3cee0,0x03c3cef0,0x03c3cf50,0x03c3cf58,0x03c3cf5c,
	0x03c3cf60,0x03c3cf70,0x03c3cf78,0x03c3cf7c,0x03c3cf80,0x03c3d000,0x03c3e454,0x03c3e458,
	0x03c3e45c,0x03c3e460,0x03c3e474,0x03c3e478,0x03c3e500,0x03c3e588,0x03c3e58c,0x03c3e5a0,
	0x03c3e5a4,0x03c3e5a8,0x03c3e5b0,0x03c3e600,0x03c3e710,0x03c3e720,0x03c3e730,0x03c3e780,
	0x03c3e790,0x03c3e7a0,0x03c3e7b0,0x03c3e800,0x03c3ed10,0x03c3ed18,0x03c3ed1c,0x03c3ed20,
	0x03c3ed40,0x03c3ed68,0x03c3ed6c,0x03c3ed80,0x03c3edc4,0x03c3edc8,0x03c3edd0,0x03c3edd8,
	0x03c3eddc,0x03c3ede0,0x03c3f008,0x03c3f00c,0x03c3f020,0x03c3f024,0x03c3f028,0x03c3f02c,
	0x03c3f080,0x03c3f084,0x03c3f088,0x03c3f08c,0x03c3f0a0,0x03c3f0a4,0x03c3f0a8,0x03c3f0ac,
	0x03c3f200,0x03c3f210,0x03c3f220,0x03c3f224,0x03c3f228,0x03c3f230,0x03c3f280,0x03c3f290,
	0x03c3f2a0,0x03c3f2b4,0x03c3f800,0x03c3f810,0x03c3f818,0x03c3f81c,0x03c3f820,0x03c3f834,
	0x03c3f838,0x03c3f83c,0x03c3f880,0x03c3f890,0x03c54550,0x03c54560,0x03c54570,0x03c54580,
	0x03c545c4,0x03c545c8,0x03c545cc,0x03c545e0,0x03c545f0,0x03c545f8,0x03c545fc,0x03c54600,
	0x03c55000,0x03c550d4,0x03c550d8,0x03c550dc,0x03c550e0,0x03c550e8,0x03d00400,0x03d00600,
	0x03d00700,0x03d00800,0x03d00d00,0x03d00e00,0x03d01000,0x03d02000,0x03d03000,0x03d03200,
	0x03d03300,0x03d03800,0x03d03900,0x03d03a00,0x03d03c00,0x03d04400,0x03d04800,0x03d04c00,
	0x03d06000,0x03d06400,0x03d06600,0x03d06700,0x03d06800,0x03d06c00,0x03d06d00,0x03d08000,
	0x03d09400,0x03d09600,0x03d09700,0x03d09800,0x03d09d00,0x03d09e00,0x03d09f00,0x03d0a000,
	0x03d0b500,0x03d0b600,0x03d0b700,0x03d0b800,0x03d0bd00,0x03d0be00,0x03d0bf00,0x03d0c400,
	0x03d0c600,0x03d0c700,0x03d0c800,0x03d0cc00,0x03d0cd00,0x03d0ce00,0x03d0cf00,0x03d0e000,
	0x03d0e400,0x03d0e600,0x03d0e700,0x03d0e800,0x03d0ed00,0x03d0f000,0x03d0f200,0x03d0f300,
	0x03d11100,0x03d11200,0x03d11400,0x03d11800,0x03d11d00,0x03d11e00,0x03d14000,0x03d16200,
	0x03d16300,0x03d16800,0x03d16c00,0x03d18000,0x03d1c500,0x03d1c600,0x03d1d000,0x03d1da00,
	0x03d1db00,0x03d1e000,0x03d1f100,0x03d1f200,0x03d1f400,0x03d1f800,0x03d1fc00,0x03d1fe00,
	0x03d1ff00,0x03d20000,0x03d21500,0x03d21600,0x03d24000,0x03d24500,0x03d24600,0x03d24700,
	0x03d24800,0x03d24b00,0x03d24c00,0x03d24f00,0x03d26000,0x03d26100,0x03d26400,0x03d26500,
	0x03d26600,0x03d26700,0x03d26800,0x03d26a00,0x03d26b00,0x03d26c00,0x03d26d00,0x03d26e00,
	0x03d26f00,0x03d28000,0x03d28500,0x03d28600,0x03d28800,0x03d28a00,0x03d29000,0x03d29100,
	0x03d29200,0x03d29400,0x03d29700,0x03d29800,0x03d29a00,0x03d29b00,0x03d29d00,0x03d29e00,
	0x03d2a000,0x03d2a200,0x03d2a300,0x03d2a800,0x03d2ac00,0x03d2ae00,0x03d2af00,0x03d2b100,
	0x03d2b200,0x03d2b300,0x03d2b800,0x03d2b900,0x03d2ba00,0x03d2bb00,0x03d2c000,0x03d2c500,
	0x03d2c600,0x03d2c700,0x03d2c800,0x03d2ca00,0x03d2cc00,0x03d2cd00,0x03d35500,0x03d35600,
	0x03d35700,0x03d35800,0x03d35d00,0x03d35e00,0x03d35f00,0x03d36000,0x03d37500,0x03d37600,
	0x03d37700,0x03d37800,0x03d37c00,0x03d38000,0x03d3d400,0x03d3d800,0x03d3dc00,0x03d3e000,
	0x03d3f400,0x03d3f800,0x03d3fc00,0x03d40000,0x03d62000,0x03d62100,0x03d62200,0x03d62300,
	0x03d62800,0x03d62900,0x03d62a00,0x03d62c00,0x03d62f00,0x03d63000,0x03d68000,0x03d68500,
	0x03d68600,0x03d68700,0x03d68800,0x03d68d00,0x03d68e00,0x03d69000,0x03d69100,0x03d69200,
	0x03d69300,0x03d69800,0x03d69a00,0x03d69b00,0x03d69c00,0x03d6a000,0x03d6b400,0x03d6b500,
	0x03d6b600,0x03d6b800,0x03d6bc00,0x03d6c000,0x03d6cf00,0x03d6d000,0x03d6d500,0x03d6e000,
	0x03d6e300,0x03d6e800,0x03d6e900,0x03d70000,0x03d71e00,0x03d72000,0x03d72700,0x03d72800,
	0x03d72900,0x03d74000,0x03d74700,0x03d75000,0x03d75200,0x03d75400,0x03d75600,0x03d80000,
	0x03d81000,0x03d81100,0x03d81800,0x03d81900,0x03d81a00,0x03d81c00,0x03d82000,0x03d83500,
	0x03d83600,0x03d84000,0x03d86a00,0x03d86b00,0x03d88000,0x03d8c400,0x03d8c600,0x03d8d000,
	0x03d8d200,0x03d8d400,0x03d8d600,0x03d90000,0x03d95400,0x03d95800,0x03d95d00,0x03d95e00,
	0x03d97400,0x03d97800,0x03d97900,0x03d97a00,0x03d97b00,0x03d98000,0x03d98200,0x03d98400,
	0x03d98600,0x03d98700,0x03d98800,0x03d99000,0x03d99800,0x03d9c000,0x03d9c100,0x03d9c400,
	0x03d9c600,0x03d9c700,0x03d9c800,0x03d9cd00,0x03d9ce00,0x03d9d000,0x03d9e000,0x03d9f100,
	0x03d9f200,0x03d9f400,0x03d9f800,0x03d9fc00,0x03d9fe00,0x03d9ff00,0x03da0000,0x03dc1500,
	0x03dc1600,0x03dc1700,0x03dc1800,0x03dc1d00,0x03dc1e00,0x03dc1f00,0x03dc2000,0x03dc2200,
	0x03dc2400,0x03dc2800,0x03dc2d00,0x03dc2e00,0x03dc2f00,0x03dc3400,0x03dc3800,0x03dc3c00,
	0x03dc3e00,0x03dc3f00,0x03dc4000,0x03dc6000,0x03dc6100,0x03dc6200,0x03dc6400,0x03dc6800,
	0x03dc6c00,0x03dc6e00,0x03dc6f00,0x03dc8000,0x03dc9000,0x03dc9200,0x03dc9300,0x03dc9800,
	0x03dc9c00,0x03dc9e00,0x03dc9f00,0x03dca000,0x03dcb200,0x03dcb300,0x03dcb800,0x03dcbc00,
	0x03dcbe00,0x03dcbf00,0x03dcc000,0x03dcca00,0x03dccc00,0x03dcce00,0x03dccf00,0x03dcd000,
	0x03dcd800,0x03dcd900,0x03dcda00,0x03dcdb00,0x03dce000,0x03dce200,0x03dce300,0x03dce800,
	0x03dcec00,0x03dcf500,0x03dcf600,0x03dd0000,0x03dda100,0x03dda500,0x03dda600,0x03ddb000,
	0x03ddb800,0x03ddb900,0x03ddba00,0x03ddbc00,0x03de0000,0x03de4000,0x03de4400,0x03de4600,
	0x03de4700,0x03de4900,0x03de4a00,0x03df4000,0x03df4200,0x03df4400,0x03df4800,0x03df4d00,
	0x03df4e00,0x03df5000,0x03df5900,0x03df5d00,0x03df5e00,0x03df5f00,0x03df6000,0x03df7400,
	0x03df7800,0x03df7900,0x03df8000,0x03dfc100,0x03dfc200,0x03dfc400,0x03dfc600,0x03dfd000,
	0x03dfd100,0x03dfd400,0x03dfd600,0x03e1be00,0x03e1bf00,0x03e22a00,0x03e22c00,0x03e22e00,
	0x03e23000,0x03e23a00,0x03e23c00,0x03e28000,0x03e2d400,0x03e2d600,0x03e2df00,0x03e2e000,
	0x03e2f400,0x03e2f800,0x03e2fc00,0x03e2fd00,0x03e2fe00,0x03e2ff00,0x03e31500,0x03e31600,
	0x03e34000,0x03e34800,0x03e34c00,0x03e34e00,0x03e35200,0x03e35400,0x03e35700,0x03e36000,
	0x03e37400,0x03e37600,0x03e38a00,0x03e38b00,0x03e39700,0x03e39800,0x03e39b00,0x03e39c00,
	0x03e39e00,0x03e3a000,0x03e3a500,0x03e3a600,0x03e3aa00,0x03e3ac00,0x03e3ae00,0x03e3b100,
	0x03e3b500,0x03e3b600,0x03e3b700,0x03e3b800,0x03e3ba00,0x03e3bb00,0x03e3bd00,0x03e3c000,
	0x03e3c200,0x03e3c400,0x03e3c800,0x03e3d000,0x03e3d700,0x03e40000,0x03e4a900,0x03e4aa00,
	0x03e4ee00,0x03e4f000,0x03e4fa00,0x03e4fc00,0x03e4fe00,0x03e50000,0x03e59f00,0x03e5a000,
	0x03e5b500,0x03e5b800,0x03e5bd00,0x03e5be00,0x03e5bf00,0x03e5c000,0x03e5c300,0x03e5c400,
	0x03e5c600,0x03e5c700,0x03e5c800,0x03e5d000,0x03e5db00,0x03e5dc00,0x03e5de00,0x03e5e000,
	0x03e5f000,0x03e5f200,0x03e5f300,0x03e5f800,0x03e5fc00,0x03e5fe00,0x03e5ff00,0x03e60000,
	0x03e60100,0x03e60200,0x03e60300,0x03e60400,0x03e60600,0x03e60800,0x03e60900,0x03e60a00,
	0x03e60b00,0x03e61000,0x03e61200,0x03e61400,0x03e61600,0x03e62000,0x03e62400,0x03e62800,
	0x03e62900,0x03e64000,0x03e64200,0x03e64400,0x03e64600,0x03e65000,0x03e65700,0x03e6ef00,
	0x03e6f000,0x03e6fa00,0x03e6fc00,0x03e6fd00,0x03e70000,0x03e70200,0x03e70400,0x03e70500,
	0x03e71100,0x03e71200,0x03e7a800,0x03e7b000,0x03e7b200,0x03e7b400,0x03e7b600,0x03e7c000,
	0x03e7da00,0x03e7dc00,0x03e7de00,0x03e80000,0x03e81700,0x03e81800,0x03e81c00,0x03e81e00,
	0x03e82500,0x03e82600,0x03e82a00,0x03e82c00,0x03e82e00,0x03e83000,0x03e83200,0x03e83300,
	0x03e83800,0x03e83a00,0x03e83b00,0x03e83d00,0x03e83e00,0x03e83f00,0x03e84000,0x03e84200,
	0x03e84400,0x03e84600,0x03e84a00,0x03e84b00,0x03e84f00,0x03e85000,0x03e85200,0x03e85300,
	0x03e85800,0x03e85a00,0x03e86000,0x03e86100,0x03e86200,0x03e86400,0x03e86800,0x03e86900,
	0x03e86a00,0x03e86c00,0x03e86e00,0x03e87000,0x03e87900,0x03e90000,0x03e90200,0x03e90400,
	0x03e90500,0x03e90600,0x03e92600,0x03e93000,0x03e93200,0x03e94000,0x03e94e00,0x03e95000,
	0x03e95a00,0x03ec0000,0x03ec0700,0x03ec1000,0x03ec1200,0x03ec1400,0x03ec1500,0x03f00000,
	0x03f08a00,0x03f08c00,0x03f08d00,0x03f09000,0x03f09800,0x03f09900,0x03f09a00,0x03f09c00,
	0x03f09e00,0x03f09f00,0x03f0a000,0x03f0b500,0x03f0b600,0x03f0b700,0x03f0b800,0x03f0bf00,
	0x03f0c000,0x03f0e800,0x03f0e900,0x03f0ea00,0x03f0f000,0x03f0f300,0x03f0f400,0x03f0f600,
	0x03f0f700,0x03f0f800,0x03f0fa00,0x03f0fb00,0x03f10000,0x03f19a00,0x03f19c00,0x03f19d00,
	0x03f1a000,0x03f1a100,0x03f1a200,0x03f1a300,0x03f1a400,0x03f1a600,0x03f1c000,0x03f1c200,
	0x03f1c400,0x03f1c600,0x03f1d000,0x03f1d800,0x03f20000,0x03f20800,0x03f20900,0x03f20a00,
	0x03f20c00,0x03f21500,0x03f21600,0x03f22000,0x03f22400,0x03f22800,0x03f23000,0x03f23200,
	0x03f23400,0x03f23500,0x03f23600,0x03f23f00,0x03f24000,0x03f24200,0x03f24300,0x03f24400,
	0x03f24600,0x03f24700,0x03f26200,0x03f26300,0x03f26800,0x03f26a00,0x03f26b00,0x03f26c00,
	0x03f26d00,0x03f26e00,0x03f27800,0x03f27a00,0x03f28000,0x03f28800,0x03f29000,0x03f29100,
	0x03f29200,0x03f29300,0x03f29400,0x03f29600,0x03f29700,0x03f29800,0x03f2c000,0x03f2c800,
	0x03f2d000,0x03f2d800,0x03f2dc00,0x03f2de00,0x03f30000,0x03f32600,0x03f32800,0x03f33200,
	0x03f33300,0x03f38a00,0x03f38c00,0x03f38e00,0x03f39000,0x03f39a00,0x03f39b00,0x03f3a000,
	0x03f3c000,0x03f3e000,0x03f3f000,0x03f3f200,0x03f3f400,0x03f3f500,0x03f40000,0x03f41b00,
	0x03f41c00,0x03f42d00,0x03f42e00,0x03f42f00,0x03f43000,0x03f43100,0x03f43200,0x03f43300,
	0x03f43400,0x03f43600,0x03f43700,0x03f43800,0x03f44000,0x03f46800,0x03f47000,0x03f47200,
	0x03f47400,0x03f47700,0x03f47800,0x03f47d00,0x03f47e00,0x03f48000,0x03f48300,0x03f48400,
	0x03f48500,0x03f50000,0x03f50b00,0x03f50c00,0x03f50e00,0x03f50f00,0x03f52000,0x03f52700,
	0x03f52800,0x03f52a00,0x03f52d00,0x03f52e00,0x03f53000,0x03f53a00,0x03f54000,0x03f56800,
	0x03f56c00,0x03f56e00,0x03f56f00,0x03f57000,0x03f57200,0x03f57400,0x03f57500,0x03f58000,
	0x03f5d100,0x03f5d200,0x03f5d400,0x03f5d800,0x03f5dd00,0x03f5de00,0x03f5df00,0x03f5e000,
	0x03f5ea00,0x03f5f000,0x03f5f200,0x03f60000,0x03f66a00,0x03f67000,0x03f67200,0x03f68000,
	0x03f68a00,0x03f69000,0x03f69200,0x03f70000,0x03f70a00,0x03f71000,0x03f71200,
};

extern const uint16_t region_id[21359] = {
	65535,28,65535,28,65535,28,65535,28,65535,28,65535,28,65535,28,65535,28,
	65535,28,65535,28,65535,28,65535,28,65535,28,65535,28,65535,28,65535,28,
	65535,28,65535,28,65535,28,65535,28,65535,28,65535,28,65535,28,65535,28,
	65535,28,65535,28,65535,28,65535,28,65535,28,65535,28,65535,28,65535,28,
	65535,28,65535,28,65535,28,65535,28,65535,28,65535,28,65535,28,65535,28,
	65535,28,65535,28,65535,28,65535,28,127,28,1,28,1,28,1,28,
	1,28,65535,28,65535,28,65535,127,28,127,28,127,28,127,28,65535,
	127,65535,127,65535,127,65535,127,28,127,28,127,28,127,28,65535,127,
	65535,127,65535,127,65535,28,65535,28,65535,28,65535,28,65535,28,65535,28,
	65535,28,65535,28,1,28,1,28,1,28,1,65535,126,65535,126,65535,
	126,65535,126,28,126,28,126,28,126,28,65535,126,65535,126,65535,126,
	65535,126,28,126,28,126,28,126,28,65535,28,65535,28,65535,28,65535,
	28,65535,28,65535,28,65535,28,65535,28,65535,56,65535,56,28,65535,28,
	56,28,56,28,1,28,1,28,1,28,1,65535,56,65535,56,65535,
	56,65535,56,28,56,65535,56,65535,56,65535,56,65535,56,65535,56,65535,
	56,65535,253,65535,55,65535,55,65535,55,65535,55,28,56,28,56,28,
	1,56,28,56,28,56,253,56,28,253,28,1,253,1,65535,1,
	253,65535,1,253,55,1,55,1,55,1,55,1,4,1,4,1,
	4,1,4,1,4,1,4,1,4,1,4,1,4,1,4,1,
	4,1,4,1,4,1,4,1,4,1,4,1,4,1,4,1,
	4,1,4,1,4,1,4,1,4,1,4,1,4,1,4,1,
	4,1,4,1,4,1,4,1,4,1,4,1,4,1,4,1,
	4,1,4,1,4,1,4,1,4,1,4,1,4,1,4,1,
	4,1,4,1,4,1,4,1,4,1,4,1,4,1,4,1,
	4,1,4,1,4,1,4,1,4,1,4,1,4,1,4,1,
	4,1,4,1,4,1,4,1,4,1,4,65535,26,65535,26,65535,
	26,65535,26,65535,26,65535,26,65535,26,65535,26,65535,26,65535,26,65535,
	26,65535,26,65535,26,65535,26,65535,26,65535,26,65535,26,65535,26,65535,
	26,65535,26,65535,26,65535,26,65535,26,65535,26,65535,26,65535,26,65535,
	26,65535,26,65535,26,65535,26,65535,26,65535,26,65535,26,65535,26,65535,
	26,65535,26,65535,26,65535,26,65535,26,65535,26,65535,26,65535,26,65535,
	26,65535,26,65535,26,65535,26,65535,26,65535,26,65535,26,65535,26,65535,
	26,65535,55,65535,55,65535,55,65535,55,65535,55,65535,55,65535,55,65535,
	26,65535,26,65535,26,65535,26,65535,26,65535,26,65535,26,65535,26,65535,
	26,65535,26,65535,26,65535,55,65535,55,65535,55,65535,254,65535,254,65535,
	254,65535,254,65535,55,65535,55,1,55,1,55,1,55,1,55,1,
	55,1,55,1,55,1,55,128,254,128,254,65535,254,55,254,65535,
	254,65535,254,65535,55,65535,55,65535,55,65535,254,65535,254,55,65535,55,
	65535,254,55,1,55,1,55,1,55,1,55,1,55,65535,55,65535,
	55,254,65535,254,65535,254,65535,254,186,254,186,1,186,1,186,1,
	186,26,65535,26,65535,26,65535,26,65535,26,65535,26,65535,26,65535,26,
	65535,26,65535,26,65535,26,65535,254,65535,254,65535,254,65535,26,254,65535,
	1,65535,26,65535,26,65535,26,1,26,1,65535,186,65535,186,65535,1,
	65535,1,65535,1,186,65535,186,65535,1,65535,1,186,65535,186,65535,1,
	26,1,26,1,26,1,26,1,65535,26,65535,26,65535,26,65535,26,
	65535,26,65535,26,65535,26,65535,26,65535,26,65535,26,65535,26,65535,26,
	65535,26,65535,26,65535,26,65535,26,65535,26,65535,26,65535,26,65535,26,
	65535,26,65535,26,65535,26,65535,26,65535,26,65535,26,65535,26,65535,26,
	65535,26,65535,26,65535,26,65535,26,65535,26,65535,26,1,26,1,26,
	1,26,1,26,1,26,1,26,1,26,1,65535,26,65535,26,65535,
	26,65535,26,65535,26,65535,26,65535,26,65535,26,65535,26,65535,26,65535,
	26,1,26,1,26,65535,26,65535,26,65535,26,1,26,65535,26,1,
	65535,26,65535,1,65535,1,65535,1,65535,1,65535,1,65535,1,65535,1,
	65535,186,1,2001,1,2001,1,2001,1,2001,1,2001,1,2001,1,2001,
	1,2001,1,2001,1,2001,1,2001,1,2001,1,2001,1,2001,1,4,
	1,4,1,4,1,4,1,4,1,4,1,4,1,4,1,4,
	1,4,1,4,1,4,1,4,1,4,1,2001,1,2001,1,4,
	1,2001,4,2001,4,2001,4,2001,4,2001,4,2001,4,2001,4,2001,
	4,2001,4,2001,4,2001,4,2001,4,2001,4,2001,65535,1,65535,1,
	65535,1,2001,1,65535,1,65535,1,65535,1,65535,1,2001,1,2001,1,
	2001,1,65535,1,65535,1,65535,1,65535,2001,129,65535,1,129,65535,1,
	65535,1,2001,129,2001,129,2001,129,2001,129,2001,129,65535,129,1,65535,
	129,1,65535,1,129,1,129,2001,129,2001,129,2001,129,1,129,1,
	129,1,129,1,2001,6,2001,6,2001,6,2001,6,2001,6,2001,6,
	2001,6,2001,6,129,2001,129,1,129,1,2001,38,2001,6,1,6,
	1,6,1,6,1,6,1,6,1,6,1,6,4,2001,4,2001,
	4,6,4,182,257,65535,257,4,65535,257,65535,257,65535,257,65535,6,
	4,182,4,182,4,65535,4,65535,4,65535,182,256,255,256,182,256,
	182,255,4,65535,257,65535,182,65535,6,182,65535,182,6,185,6,4,
	65535,4,65535,185,6,185,6,65535,185,65535,185,6,185,4,65535,4,
	65535,4,65535,4,65535,4,65535,4,65535,4,65535,4,65535,185,65535,185,
	65535,6,65535,6,65535,4,184,65535,184,65535,184,65535,4,125,4,125,
	65535,1057,65535,1057,65535,1057,65535,1057,65535,1057,65535,1057,65535,1057,65535,1057,
	65535,1057,65535,1057,65535,1057,65535,1057,65535,1057,65535,1057,65535,1057,65535,1057,
	65535,1057,65535,1057,65535,1057,65535,1057,65535,1057,65535,1057,65535,1057,65535,1057,
	65535,1057,65535,1057,65535,1057,65535,1057,65535,1057,65535,102,65535,2001,6,2001,
	6,2001,6,2001,6,65535,6,65535,6,65535,6,65535,6,102,6,102,
	6,102,6,102,6,102,65535,102,6,102,6,1,6,1,6,1,
	6,1,6,1,6,1,6,1,6,1,6,1,6,1,6,1,
	6,1,6,1,6,1,6,1,6,1,6,1,6,1,6,1,
	6,1,6,1,6,1,6,1,6,1,6,1,6,1,6,1,
	6,1,6,1,6,1,6,1,6,1,6,4,125,4,125,4,
	125,4,125,4,125,4,125,4,125,65535,125,65535,125,65535,125,65535,
	125,65535,125,65535,4,125,4,125,4,65535,4,65535,4,65535,4,125,
	65535,125,65535,1058,65535,1058,65535,1058,65535,1058,65535,1058,65535,1058,65535,1058,
	65535,1058,65535,1058,65535,1058,65535,1058,65535,4,65535,4,65535,4,65535,4,
	65535,4,65535,4,65535,4,65535,6,65535,6,65535,6,65535,6,65535,6,
	65535,6,65535,6,124,6,65535,124,65535,124,65535,124,65535,124,6,124,
	65535,6,65535,6,65535,6,65535,6,65535,6,65535,183,65535,183,65535,183,
	6,65535,6,65535,6,65535,6,65535,6,65535,6,65535,6,65535,88,65535,
	88,65535,88,65535,6,88,6,88,6,88,65535,6,65535,6,65535,6,
	4,65535,4,65535,4,65535,4,65535,4,65535,4,65535,4,65535,4,65535,
	4,65535,4,65535,4,65535,4,65535,4,65535,4,65535,4,65535,4,65535,
	4,65535,4,65535,4,65535,88,65535,88,65535,88,65535,1022,65535,1022,65535,
	1022,65535,1022,65535,1022,65535,1022,65535,1022,65535,1022,65535,1022,65535,1022,65535,
	1022,65535,6,65535,6,65535,6,65535,1022,65535,1022,65535,1022,65535,6,1022,
	65535,1022,65535,1022,65535,1022,65535,1022,65535,1022,65535,1022,65535,1022,65535,1022,
	65535,1022,65535,1022,6,65535,1022,65535,6,1022,65535,1022,65535,6,65535,1022,
	65535,1022,65535,1022,65535,1022,65535,1022,65535,1022,65535,1022,65535,1022,6,1022,
	65535,6,1022,65535,1022,65535,1022,65535,6,65535,1022,65535,1022,65535,1022,65535,
	1022,65535,1022,65535,1022,65535,1022,65535,6,65535,258,65535,258,6,258,6,
	65535,258,6,258,6,65535,258,65535,258,65535,6,65535,6,65535,6,65535,
	6,65535,6,65535,6,65535,6,65535,6,65535,6,65535,6,65535,6,65535,
	6,65535,6,65535,6,65535,6,65535,6,65535,6,65535,6,4,65535,4,
	65535,4,65535,4,65535,4,65535,4,65535,4,65535,4,65535,4,65535,4,
	65535,4,65535,4,65535,4,65535,4,65535,4,65535,1021,65535,1021,65535,1021,
	65535,1021,65535,1021,65535,1021,65535,1021,65535,1021,65535,1021,65535,1021,65535,1021,
	65535,1021,65535,1021,65535,1021,65535,1021,65535,1021,65535,1021,65535,1021,65535,1021,
	65535,1021,65535,1021,65535,1021,65535,1021,65535,1021,65535,1021,65535,1021,65535,1021,
	65535,1021,65535,1021,65535,1021,65535,1021,65535,1021,65535,1021,65535,1021,65535,1021,
	65535,1021,65535,1021,65535,1021,65535,1021,65535,1021,65535,1021,65535,1021,65535,1021,
	65535,1021,65535,4,65535,4,65535,4,65535,4,65535,4,65535,4,65535,4,
	65535,4,65535,4,65535,4,65535,4,65535,4,65535,4,65535,4,65535,4,
	65535,4,65535,4,65535,4,65535,4,65535,4,65535,4,160,65535,4,160,
	4,160,65535,160,65535,4,160,4,65535,160,65535,160,65535,4,65535,4,
	65535,4,65535,4,65535,259,65535,259,65535,259,65535,259,65535,259,65535,294,
	65535,123,65535,259,123,65535,123,65535,123,65535,6,65535,123,65535,123,65535,
	293,65535,123,6,65535,6,65535,6,65535,6,65535,6,65535,6,65535,6,
	65535,6,65535,6,65535,6,65535,6,65535,6,65535,6,65535,6,65535,6,
	65535,6,65535,6,65535,6,65535,6,65535,6,65535,6,65535,6,65535,6,
	65535,6,65535,6,65535,6,65535,6,65535,6,65535,6,65535,131,65535,6,
	65535,6,65535,6,65535,6,65535,6,65535,6,65535,6,131,65535,6,131,
	6,65535,1,65535,1,65535,1,65535,1,65535,1,65535,1,65535,1,65535,
	1,65535,1,65535,1,65535,1,65535,1,65535,1,65535,1,65535,1,65535,
	1,65535,1,65535,1,65535,1,65535,1,65535,1,65535,1,65535,1,65535,
	1,65535,1,65535,191,65535,191,65535,191,1,191,1,191,1,191,1,
	65535,191,65535,191,65535,191,1,65535,1,65535,1,65535,1,65535,187,65535,
	1,65535,1,65535,1,65535,187,65535,187,65535,187,65535,1,65535,1,65535,
	1,65535,1,65535,1,65535,187,65535,187,65535,187,65535,187,65535,187,65535,
	187,65535,187,65535,187,65535,187,65535,187,65535,187,65535,187,65535,187,65535,
	187,65535,187,65535,1,65535,187,1,187,1,187,1,65535,187,65535,187,
	65535,187,65535,187,65535,187,65535,187,1,187,1,187,1,187,1,65535,
	1,65535,1,65535,1,65535,1,65535,1,6,1,6,1,6,1,6,
	1,6,1,6,1,6,1,6,1,6,1,6,1,6,1,6,
	1,6,1,6,1,5,1,5,6,5,6,5,6,5,1,5,
	1,5,1,5,1,5,1,5,1,5,1,5,1,5,1,5,
	1,5,1,5,1,5,1,5,1,5,1,5,1,5,6,5,
	6,5,6,5,6,5,6,5,6,5,6,5,6,5,1,65535,
	1,65535,1,65535,1,65535,1,65535,1,65535,1,5,1,5,1,5,
	1,5,1,5,1,5,1,5,1,5,1,5,1,5,1,5,
	1,5,1,5,1,5,1,5,1,5,1,190,1,190,1,190,
	1,65535,190,65535,190,65535,190,65535,190,1,190,1,190,1,190,1,
	190,1,190,1,5,1,5,1,5,1,5,1,5,1,5,1,
	5,1,5,1,5,1,5,1,5,1,5,1,5,1,5,1,
	5,1,5,65535,5,65535,28,65535,28,65535,28,65535,28,65535,28,65535,
	28,65535,28,65535,28,65535,28,65535,28,65535,28,65535,28,65535,28,65535,
	28,65535,28,65535,28,65535,1,65535,1,65535,1,65535,1,65535,1,65535,
	1,65535,1,65535,1,65535,1,65535,28,65535,28,65535,130,65535,130,65535,
	130,65535,28,65535,130,28,130,28,65535,130,28,130,65535,28,130,65535,
	130,65535,130,65535,130,65535,130,65535,130,65535,130,65535,130,65535,130,65535,
	130,65535,130,28,130,28,130,28,130,28,130,28,130,28,130,28,
	130,28,130,28,130,28,65535,1,65535,1,65535,1,65535,130,65535,1,
	65535,1,65535,1,65535,1,65535,1,65535,1,65535,28,65535,28,65535,28,
	65535,1,28,1,65535,190,65535,190,65535,190,65535,190,65535,190,1,190,
	1,190,1,190,1,190,1,190,1,65535,188,65535,188,190,65535,188,
	65535,188,65535,190,1,190,1,190,1,190,1,190,1,5,1,5,
	1,5,1,5,1,5,1,5,1,5,1,5,1,5,1,5,
	1,5,1,5,1,5,1,5,1,5,1,5,65535,1,65535,1,
	65535,1,65535,1,65535,1,190,1,65535,1,65535,1,65535,1,65535,1,
	65535,1,65535,189,65535,189,1,189,1,65535,189,65535,189,1,65535,1,
	65535,1,65535,1,5,1,5,1,5,1,5,1,5,1,5,1,
	5,1,5,1,5,1,5,1,5,1,5,1,5,1,5,1,
	5,1,5,65535,1,65535,1,65535,1,65535,1,65535,1,5,1,5,
	1,5,1,5,1,5,1,5,1,5,1,5,1,5,1,5,
	1,5,1,5,1,5,1,5,1,5,1,5,1,5,1,5,
	1,5,1,5,1,5,1,5,1,4,1,4,5,4,5,4,
	5,4,5,4,5,4,5,4,5,4,5,4,5,4,5,4,
	5,4,5,4,1,4,1,4,1,4,1,4,1,4,1,4,
	1,4,1,4,5,10,5,10,5,10,5,10,5,10,5,4,
	5,4,5,4,5,4,5,4,5,4,5,4,5,4,5,4,
	5,4,5,4,5,4,5,10,5,4,5,4,5,4,5,10,
	5,10,5,10,5,10,5,10,4,10,4,10,4,10,4,10,
	4,10,4,10,4,10,4,10,4,10,4,10,4,10,4,10,
	65535,10,65535,4,65535,4,65535,4,65535,4,65535,4,6,5,6,5,
	6,5,6,5,6,5,6,5,6,5,6,65535,6,65535,5,65535,
	5,65535,5,65535,5,6,65535,6,65535,6,65535,6,65535,6,65535,6,
	65535,6,65535,6,65535,6,65535,6,65535,6,65535,6,65535,6,65535,6,
	65535,6,65535,6,65535,6,65535,6,65535,6,65535,6,65535,6,65535,5,
	65535,5,65535,5,65535,5,65535,5,65535,5,65535,5,65535,5,65535,5,
	65535,5,65535,5,65535,5,65535,5,65535,5,65535,5,65535,5,65535,36,
	65535,36,65535,36,65535,5,36,5,36,5,36,5,36,5,36,5,
	36,5,36,65535,36,65535,36,65535,36,65535,36,65535,36,65535,36,65535,
	36,65535,36,65535,36,65535,5,65535,5,65535,5,65535,5,65535,5,65535,
	5,65535,5,65535,5,65535,5,6,65535,6,65535,6,65535,6,65535,6,
	65535,6,65535,6,65535,6,65535,6,65535,6,65535,6,65535,6,65535,6,
	65535,6,65535,6,65535,6,65535,6,65535,6,65535,6,65535,6,65535,6,
	65535,36,65535,36,65535,36,65535,36,65535,36,65535,36,65535,36,65535,36,
	65535,36,65535,36,65535,36,65535,36,65535,36,65535,36,65535,36,65535,36,
	65535,36,65535,36,65535,36,65535,36,65535,36,65535,36,65535,36,65535,36,
	65535,1008,65535,1008,65535,1008,65535,1008,65535,1008,65535,1008,65535,1008,65535,1008,
	65535,1008,65535,1008,65535,1008,65535,1008,65535,1008,65535,1008,65535,36,65535,36,
	65535,36,65535,36,65535,36,65535,36,65535,1008,65535,1008,65535,1008,65535,1008,
	65535,1008,65535,1008,65535,1008,65535,1008,65535,1008,65535,1008,65535,1008,65535,1008,
	65535,1008,65535,1008,65535,1008,65535,1008,65535,1008,65535,1008,65535,1008,65535,1008,
	65535,1008,65535,1008,65535,1008,65535,1008,65535,1008,65535,1008,65535,1008,65535,1008,
	65535,1008,65535,1008,65535,1008,65535,1008,65535,1008,65535,1008,65535,1008,65535,1008,
	65535,1008,65535,1008,65535,1008,65535,1008,65535,1008,65535,1008,65535,1008,65535,1008,
	65535,1008,65535,1008,65535,1008,65535,1008,65535,1008,65535,1008,65535,1008,65535,1008,
	65535,1008,65535,1008,65535,1008,65535,1008,65535,1008,65535,1008,65535,1008,65535,1008,
	65535,1008,65535,1008,65535,1008,65535,1008,65535,1008,65535,1008,65535,1008,65535,1008,
	65535,1008,65535,1008,65535,1008,65535,1008,65535,1008,65535,1008,65535,1008,65535,1008,
	65535,1008,65535,1008,65535,1008,65535,1008,65535,36,65535,36,65535,36,65535,36,
	65535,36,65535,36,65535,36,65535,36,6,65535,6,65535,6,65535,6,65535,
	6,65535,6,65535,6,65535,6,65535,6,65535,6,65535,6,65535,6,65535,
	6,65535,6,65535,6,65535,6,37,6,65535,6,65535,37,65535,37,65535,
	6,65535,6,65535,6,65535,1056,65535,1056,65535,1056,65535,1056,65535,1056,65535,
	1056,65535,1056,65535,1056,65535,1056,65535,1056,65535,1056,65535,1056,65535,1056,65535,
	1056,65535,1056,65535,1056,65535,1056,65535,1056,65535,1056,65535,1056,65535,1056,65535,
	1056,65535,1056,65535,1056,65535,1056,65535,1056,65535,1056,65535,1056,65535,1056,65535,
	1056,65535,1056,65535,1013,65535,1013,65535,1013,65535,1013,65535,1013,65535,1013,65535,
	1013,65535,1013,65535,1013,65535,1013,65535,1013,65535,1013,65535,1013,65535,1013,65535,
	1013,65535,1013,65535,1013,65535,1013,65535,1013,65535,1013,65535,1013,65535,1013,65535,
	1013,65535,1013,65535,1013,65535,1013,65535,1013,65535,1013,65535,1013,65535,1013,65535,
	1013,65535,1013,65535,1013,65535,1013,65535,1013,65535,1013,65535,1013,65535,1013,65535,
	1013,65535,1013,65535,1013,65535,1013,65535,1013,65535,1013,65535,1013,65535,1013,65535,
	1013,65535,1013,65535,1013,65535,1013,65535,1013,65535,1013,65535,1013,65535,1013,65535,
	1013,65535,1013,65535,1013,65535,1013,65535,1013,65535,1013,65535,1013,65535,1013,65535,
	1013,65535,1013,65535,1013,65535,1013,65535,1013,65535,1013,65535,1013,65535,1013,65535,
	1013,65535,1013,65535,1013,65535,1013,65535,1013,65535,1013,65535,1013,65535,1013,65535,
	1013,65535,1013,65535,1013,65535,1013,65535,1013,65535,1013,65535,1013,65535,1013,65535,
	1013,65535,1013,65535,1013,65535,1013,65535,1013,65535,1008,65535,1008,65535,1008,65535,
	1008,65535,1008,65535,1008,65535,1008,65535,1008,65535,1008,65535,1008,65535,1008,65535,
	1008,65535,1008,65535,1008,65535,1008,65535,1008,65535,1008,65535,1008,65535,1008,65535,
	1008,65535,1008,65535,1008,65535,1008,65535,1008,65535,1008,65535,1008,65535,1008,65535,
	1008,65535,1008,65535,1008,65535,1008,65535,1008,65535,1008,65535,1008,65535,1008,65535,
	1008,65535,1008,65535,1008,65535,1008,65535,1008,65535,1008,65535,1008,65535,1008,65535,
	1008,65535,1008,65535,1008,65535,1008,65535,1008,65535,1008,65535,1008,65535,1008,65535,
	1008,65535,1008,65535,36,65535,36,5,65535,5,36,5,36,5,65535,5,
	65535,5,65535,5,65535,5,65535,1013,65535,1013,65535,1013,65535,1013,65535,1013,
	65535,1013,65535,1013,65535,1013,65535,1013,65535,1013,65535,1013,65535,1013,65535,1013,
	65535,1013,65535,1013,65535,1013,65535,1013,65535,1013,65535,1013,65535,1013,65535,1013,
	65535,1013,65535,1013,65535,1013,65535,1013,65535,1013,65535,1013,65535,1013,65535,1013,
	65535,1013,65535,1013,65535,1013,65535,1013,65535,1013,65535,1013,65535,1013,65535,1013,
	65535,1013,65535,1013,65535,1013,65535,1013,65535,1013,65535,1013,65535,1013,65535,1013,
	65535,1013,65535,1013,65535,1013,65535,1013,65535,1013,65535,1013,65535,1013,65535,1013,
	65535,1013,65535,1013,65535,1013,65535,1013,65535,1013,65535,1013,65535,1013,65535,1013,
	65535,1013,65535,1013,65535,1013,65535,1013,65535,1013,65535,1013,65535,1013,65535,1013,
	65535,1013,65535,1013,65535,1013,65535,1013,65535,1013,65535,1014,65535,1014,65535,1014,
	65535,1014,65535,1014,65535,1014,65535,1014,65535,1014,65535,1014,65535,1014,65535,1014,
	65535,1014,65535,1014,65535,1014,65535,1014,65535,1014,65535,1014,65535,1014,65535,1014,
	65535,1014,65535,1014,65535,1014,65535,1014,65535,1014,65535,1014,65535,1014,65535,1014,
	65535,1014,65535,1014,65535,1014,65535,1014,65535,1014,65535,1014,65535,1014,65535,1014,
	65535,1014,65535,1014,65535,1014,65535,1014,65535,1014,65535,1014,65535,1014,65535,1014,
	65535,1014,65535,1014,65535,1014,65535,1014,65535,1014,65535,1014,65535,1014,65535,1014,
	65535,1014,65535,1014,65535,1014,65535,1014,65535,1014,65535,1014,65535,1014,65535,1014,
	65535,1014,65535,1014,65535,1014,65535,1014,65535,1014,65535,1014,65535,1014,65535,1014,
	65535,1014,65535,1014,65535,1014,65535,1014,65535,1014,65535,1014,65535,1014,65535,1014,
	65535,1014,65535,1014,65535,1014,65535,1014,65535,1014,65535,1014,65535,1014,65535,1014,
	65535,1014,65535,1014,65535,5,65535,5,65535,5,65535,5,65535,5,65535,1014,
	65535,1014,65535,1014,65535,1014,65535,1014,65535,1014,65535,1014,65535,1014,65535,1014,
	65535,1014,65535,1014,65535,1014,65535,1014,65535,1014,65535,1014,65535,1014,65535,1014,
	65535,1014,65535,1014,65535,1014,65535,1014,65535,1014,65535,1014,65535,1014,65535,1014,
	65535,1014,65535,1014,65535,1014,65535,1014,65535,1014,65535,1014,65535,1014,65535,1014,
	65535,1014,65535,1014,65535,1014,65535,1014,65535,5,65535,5,65535,5,65535,5,
	65535,5,65535,5,65535,5,65535,5,65535,5,65535,5,65535,5,65535,5,
	65535,5,65535,5,65535,5,65535,5,65535,5,65535,36,65535,36,65535,5,
	65535,192,5,36,65535,36,65535,5,65535,5,65535,5,65535,5,36,65535,
	36,65535,5,65535,5,36,65535,5,36,5,36,5,36,5,15,54,
	5,54,5,54,5,61,5,61,5,65535,5,65535,5,61,5,61,
	65535,61,5,61,5,61,5,61,5,61,5,61,5,169,5,169,
	5,169,5,169,65535,169,65535,169,65535,169,65535,5,169,5,169,5,
	169,5,169,65535,169,65535,169,65535,5,169,5,65535,5,65535,5,65535,
	61,65535,61,65535,61,65535,61,65535,61,65535,61,65535,61,65535,61,65535,
	61,65535,61,65535,61,65535,61,65535,61,65535,5,65535,5,65535,5,65535,
	5,65535,151,65535,5,151,5,151,65535,5,151,5,151,65535,5,65535,
	5,65535,5,65535,1060,65535,1060,65535,1060,65535,1060,65535,1060,65535,1060,65535,
	1060,65535,1060,65535,1060,65535,1060,65535,1060,65535,1060,65535,1060,65535,1060,65535,
	1060,65535,1064,65535,1064,65535,1064,65535,1064,65535,1064,65535,1064,65535,1064,65535,
	1064,65535,5,61,5,61,5,61,65535,61,65535,5,61,5,61,5,
	61,5,61,65535,61,65535,61,65535,118,61,118,61,118,61,118,5,
	10,5,10,5,10,65535,10,65535,10,65535,10,65535,10,65535,10,65535,
	118,65535,10,118,10,118,10,118,10,118,10,61,65535,61,65535,61,
	65535,61,65535,118,65535,118,65535,118,65535,61,198,61,65535,61,65535,198,
	61,198,61,65535,61,198,61,198,61,198,61,65535,198,65535,198,65535,
	198,65535,118,10,118,65535,118,65535,118,10,118,10,65535,118,65535,118,
	10,65535,10,65535,10,65535,10,65535,10,65535,10,65535,10,65535,10,65535,
	10,65535,10,65535,10,65535,10,65535,10,65535,4,65535,4,65535,10,65535,
	4,65535,4,65535,4,10,65535,10,65535,10,65535,4,65535,4,65535,4,
	65535,4,10,65535,10,65535,4,65535,167,10,65535,10,65535,10,167,10,
	4,167,4,167,65535,167,65535,4,10,65535,4,65535,4,10,65535,4,
	65535,4,10,65535,10,65535,4,65535,10,65535,10,65535,4,65535,4,65535,
	4,65535,4,10,65535,10,65535,78,10,4,78,4,78,4,78,4,
	10,65535,10,4,10,4,10,4,65535,198,65535,198,65535,198,65535,198,
	65535,198,65535,1062,65535,1062,65535,1062,65535,1062,65535,1062,65535,1062,65535,1062,
	65535,1062,65535,1062,65535,1062,65535,1062,65535,1062,65535,1062,65535,1062,65535,1062,
	65535,1062,65535,1062,65535,1062,65535,1062,65535,1062,65535,1062,65535,1062,65535,1062,
	65535,1062,65535,1062,65535,1062,65535,1069,65535,1069,65535,1069,65535,1069,65535,1069,
	65535,1062,65535,1062,65535,1062,65535,1062,65535,1062,65535,1062,65535,1062,65535,1062,
	65535,1062,65535,1062,65535,1062,65535,1062,65535,1062,65535,1062,65535,1062,65535,1062,
	65535,1069,65535,1069,65535,1069,65535,1069,65535,1069,65535,1069,65535,1069,65535,1069,
	65535,1069,65535,1069,65535,1069,65535,1069,65535,1069,65535,1069,65535,1069,65535,1069,
	65535,1069,65535,1069,65535,1069,65535,1069,65535,1069,65535,1069,65535,1069,65535,1061,
	65535,1061,65535,1061,65535,1069,65535,1069,65535,1069,65535,1069,65535,1069,65535,1069,
	65535,1069,65535,1069,65535,1069,65535,1069,65535,1069,65535,1069,65535,1069,65535,1069,
	65535,1069,65535,1069,65535,1069,65535,1069,65535,1069,65535,1069,65535,1069,65535,1061,
	65535,1061,65535,1061,65535,1061,65535,1061,65535,1061,65535,1061,65535,1061,65535,1061,
	65535,1061,65535,1061,65535,1061,65535,1061,65535,1061,65535,1061,65535,1061,65535,1061,
	65535,1061,65535,1061,65535,1061,65535,1061,65535,1061,65535,1024,65535,1024,65535,1024,
	65535,1024,65535,1024,65535,1024,65535,1024,65535,1024,65535,1024,65535,1024,65535,1024,
	65535,1024,65535,1024,65535,1024,65535,1024,65535,1024,65535,1024,65535,1024,65535,1024,
	65535,1024,65535,1024,65535,1024,65535,1024,65535,1024,65535,1024,65535,1024,65535,1024,
	65535,1024,65535,1024,65535,1024,65535,1024,65535,1024,65535,1024,65535,10,65535,10,
	65535,10,65535,10,65535,10,65535,10,65535,10,65535,10,65535,10,65535,10,
	9,10,9,10,9,65535,9,65535,9,65535,1024,65535,1024,65535,1024,65535,
	1024,65535,1024,65535,1024,65535,1024,65535,1024,65535,9,65535,9,65535,9,65535,
	9,65535,9,65535,9,65535,9,65535,113,65535,113,65535,113,65535,9,113,
	9,113,9,113,9,113,9,10,4,10,4,10,4,10,4,10,
	4,10,4,10,4,10,4,10,4,10,9,10,4,9,4,9,
	4,9,4,9,4,9,4,10,4,9,4,9,4,9,4,9,
	4,9,4,9,4,9,4,9,4,9,4,9,4,9,4,9,
	4,9,4,9,4,9,4,9,4,5,65535,5,65535,5,65535,5,
	65535,5,65535,5,65535,5,65535,5,65535,5,65535,5,65535,5,65535,5,
	65535,5,65535,5,65535,5,65535,5,65535,5,65535,1064,65535,1064,65535,1064,
	65535,1064,65535,1064,65535,1064,65535,1064,65535,1064,65535,1064,65535,1064,65535,1064,
	65535,1064,65535,1064,65535,1064,65535,1064,65535,1064,65535,1064,65535,1064,65535,1064,
	65535,5,52,65535,5,65535,5,65535,5,65535,5,65535,5,65535,5,65535,
	203,65535,203,65535,203,65535,203,65535,203,65535,5,52,203,52,203,52,
	203,52,5,52,5,52,203,65535,203,65535,52,65535,52,65535,52,65535,
	52,65535,51,52,51,52,51,5,45,5,65535,45,65535,5,45,5,
	65535,5,65535,5,65535,45,65535,45,5,65535,5,65535,5,65535,5,65535,
	5,65535,5,65535,45,65535,45,5,65535,5,65535,5,65535,45,65535,45,
	12,45,65535,12,45,12,65535,12,65535,12,65535,12,65535,12,45,12,
	65535,12,65535,12,65535,12,65535,12,65535,5,268,5,265,5,265,270,
	5,284,5,284,5,284,5,52,284,52,284,5,284,65535,284,65535,
	284,270,65535,284,270,284,5,65535,268,265,45,265,45,265,270,265,
	270,45,265,45,270,45,270,33,270,33,270,33,270,45,270,45,
	270,33,52,65535,52,65535,52,284,65535,52,284,65535,52,33,52,51,
	52,51,52,51,52,51,52,51,52,51,284,33,52,33,52,33,
	52,33,51,33,51,33,51,33,51,33,51,33,51,45,91,45,
	65535,45,65535,45,65535,45,91,45,91,65535,91,65535,91,45,91,65535,
	33,65535,33,91,65535,33,91,33,65535,33,91,33,65535,33,91,65535,
	33,65535,33,65535,33,65535,33,65535,33,65535,33,65535,91,65535,91,65535,
	91,65535,91,65535,91,65535,91,65535,91,65535,33,65535,91,65535,33,65535,
	33,65535,33,83,91,65535,269,65535,269,91,269,65535,269,33,83,269,
	83,269,33,92,33,92,33,92,33,92,33,51,92,51,92,51,
	33,92,33,92,51,65535,92,65535,92,65535,4,33,92,33,92,33,
	83,92,83,92,267,92,83,267,83,267,83,267,92,65535,4,92,
	4,65535,4,267,272,65535,272,65535,267,272,273,272,4,65535,4,65535,
	4,65535,68,65535,68,65535,113,65535,68,65535,68,65535,113,65535,113,65535,
	113,65535,113,65535,113,65535,113,65535,113,65535,113,9,113,9,113,9,
	113,9,113,9,65535,113,9,113,9,113,9,113,9,65535,68,65535,
	68,65535,68,65535,68,65535,68,65535,113,65535,113,68,65535,68,65535,113,
	65535,113,65535,68,65535,68,65535,68,65535,68,65535,51,68,51,68,51,
	68,51,68,65535,68,65535,113,9,113,9,68,65535,113,65535,113,51,
	65535,113,65535,113,9,113,9,113,9,113,9,113,9,113,9,113,
	9,113,9,85,9,85,9,85,9,4,9,4,9,4,9,4,
	9,4,9,4,9,4,9,4,9,4,9,4,65535,4,9,4,
	9,4,9,4,9,85,9,85,9,85,9,85,9,4,9,4,
	9,4,9,4,9,4,9,4,51,113,168,51,168,51,168,113,
	9,113,9,51,168,51,65535,9,65535,170,9,170,51,65535,51,65535,
	51,65535,51,65535,51,65535,51,65535,170,65535,170,65535,170,65535,9,65535,
	9,85,9,65535,85,9,65535,170,65535,170,65535,85,65535,85,65535,85,
	65535,85,65535,85,65535,85,65535,85,65535,84,85,65535,85,65535,85,4,
	85,4,85,4,51,65535,51,65535,51,65535,4,65535,4,65535,84,65535,
	84,65535,84,65535,4,65535,84,65535,84,4,65535,4,65535,4,65535,4,
	65535,4,65535,4,84,4,84,4,84,4,84,85,84,85,84,65535,
	84,85,4,84,4,84,4,84,4,84,4,84,4,85,9,85,
	9,85,4,85,4,85,4,85,4,9,4,9,4,9,4,9,
	4,9,4,85,4,85,4,85,4,3,4,3,4,3,4,3,
	4,3,4,3,4,3,4,3,4,3,4,3,4,3,4,3,
	4,3,4,3,4,3,4,3,4,3,4,3,4,3,4,3,
	4,3,4,3,4,3,4,3,4,3,4,3,4,3,4,3,
	4,3,4,3,4,3,4,3,4,3,4,3,4,3,4,3,
	4,3,4,3,4,3,4,3,4,3,4,3,4,3,4,3,
	4,3,4,3,4,3,4,3,4,3,4,3,4,3,4,3,
	4,3,4,3,4,3,4,3,4,3,4,3,4,3,4,3,
	4,3,4,3,4,3,4,3,4,3,4,3,65535,3,159,65535,
	3,159,3,65535,3,65535,159,65535,159,65535,3,65535,3,65535,3,65535,
	3,65535,3,65535,3,65535,3,65535,3,65535,3,65535,3,65535,3,65535,
	50,65535,50,65535,50,65535,50,65535,50,65535,50,65535,50,65535,50,65535,
	50,65535,50,65535,18,50,65535,18,65535,18,65535,18,65535,18,50,18,
	3,65535,3,65535,3,65535,69,3,65535,69,65535,69,3,65535,3,65535,
	69,3,65535,69,65535,69,65535,69,3,65535,3,65535,3,65535,69,65535,
	69,65535,3,65535,3,65535,3,65535,1080,65535,1080,65535,1080,65535,1080,65535,
	1080,65535,1080,65535,1080,65535,1080,65535,1080,65535,1080,65535,1080,65535,1080,65535,
	1080,65535,1080,65535,3,65535,3,69,3,69,3,69,3,65535,3,65535,
	69,65535,69,65535,3,65535,3,65535,3,65535,3,69,3,69,65535,69,
	65535,69,65535,69,65535,69,65535,69,65535,18,65535,18,65535,18,65535,1032,
	65535,1032,18,65535,1032,65535,1032,65535,1032,65535,1032,65535,1032,65535,1032,65535,
	18,1032,18,1032,18,1032,18,1032,18,1032,18,1032,18,1032,18,1032,
	18,1032,18,1032,18,1032,18,1032,18,1032,18,65535,1032,65535,1032,65535,
	1032,65535,1032,18,1032,18,1032,18,1032,18,1032,18,1032,18,1032,18,
	1032,18,1032,18,1032,18,1032,18,65535,1032,18,1032,18,1032,18,1032,
	18,1032,18,1032,18,1032,18,1032,18,1032,18,1032,65535,1032,18,65535,
	1032,65535,1032,18,65535,1032,65535,1032,18,1032,18,1032,18,1032,18,1032,
	18,1032,18,1032,65535,1032,18,1032,18,1032,18,1032,18,1032,18,1032,
	18,1032,18,1032,18,65535,1032,65535,1032,65535,1032,65535,18,65535,18,65535,
	18,65535,18,65535,18,65535,18,65535,18,65535,18,65535,18,69,65535,69,
	65535,69,65535,18,65535,18,65535,18,65535,18,65535,18,65535,18,65535,231,
	65535,231,65535,3,65535,3,65535,3,65535,3,65535,3,300,65535,3,65535,
	3,299,65535,299,65535,3,65535,299,65535,3,65535,1068,65535,1068,65535,1068,
	65535,1068,65535,1068,65535,1068,65535,1068,65535,1068,65535,3,65535,3,65535,3,
	65535,3,65535,1019,65535,1019,65535,1019,65535,1019,65535,1019,65535,1019,65535,1019,
	65535,1019,65535,1019,65535,1019,65535,1019,65535,1019,65535,1019,65535,1019,65535,1019,
	65535,1019,65535,1019,65535,1019,65535,1019,65535,1019,65535,1019,65535,1019,65535,1019,
	65535,1019,65535,1019,65535,1019,65535,1019,65535,1019,65535,1019,65535,1019,65535,1019,
	65535,1019,65535,1019,65535,1019,65535,1019,65535,4,3,4,3,4,3,4,
	3,4,3,4,3,4,3,65535,3,65535,3,65535,3,65535,3,65535,
	3,65535,3,65535,3,65535,3,65535,3,65535,3,65535,3,65535,3,109,
	65535,109,65535,109,3,65535,3,65535,1020,65535,1020,65535,1020,65535,1020,65535,
	1020,65535,3,65535,17,3,65535,17,65535,17,109,17,65535,17,65535,17,
	65535,17,65535,17,3,65535,3,65535,3,109,65535,109,65535,109,65535,199,
	65535,109,65535,17,199,65535,17,65535,17,65535,17,65535,17,65535,17,65535,
	17,65535,17,65535,217,65535,217,65535,217,65535,217,65535,217,65535,217,65535,
	217,65535,17,65535,17,65535,17,65535,17,65535,294,65535,2,65535,2,291,
	292,294,2,65535,2,65535,2,65535,2,65535,2,65535,2,65535,2,65535,
	2,65535,2,65535,2,65535,2,65535,2,65535,2,65535,17,65535,17,65535,
	17,122,65535,122,2,65535,122,17,2,17,2,17,2,65535,2,3,
	65535,1020,65535,1020,65535,1020,3,65535,1020,65535,1020,65535,1020,65535,1020,65535,
	1020,65535,1020,65535,1020,65535,1020,65535,1020,65535,1020,65535,1020,65535,1020,65535,
	1020,65535,1020,65535,1020,65535,1020,65535,3,65535,1020,65535,1020,65535,1020,65535,
	1020,65535,1020,65535,1020,65535,3,65535,17,65535,17,65535,17,65535,17,65535,
	17,65535,17,65535,17,65535,17,65535,73,65535,73,65535,73,65535,73,17,
	65535,17,65535,17,65535,17,65535,17,65535,17,65535,17,65535,73,17,65535,
	17,65535,17,65535,17,65535,17,65535,17,65535,17,65535,17,18,65535,18,
	17,18,17,18,17,65535,17,65535,2,17,65535,17,65535,17,65535,17,
	65535,17,65535,17,65535,17,2,65535,2,17,65535,17,65535,17,65535,17,
	65535,17,2,65535,2,17,65535,2,65535,2,17,2,17,2,17,2,
	17,2,17,2,17,2,17,2,17,2,17,2,17,2,17,2,
	17,2,17,2,17,2,17,2,17,2,17,2,298,2,298,2,
	298,2,298,2,298,2,298,2,298,2,298,2,298,2,298,2,
	298,2,298,2,298,2,298,2,298,2,37,2,37,2,65535,2,
	65535,2,37,65535,37,65535,37,65535,2,37,2,37,65535,37,65535,37,
	65535,37,65535,37,2,65535,2,65535,2,65535,2,65535,2,65535,2,65535,
	2,65535,2,65535,2,65535,2,65535,2,65535,2,65535,2,65535,2,65535,
	2,65535,2,65535,2,65535,2,65535,2,65535,2,65535,2,65535,2,65535,
	2,65535,2,65535,2,65535,2,65535,2,65535,2,65535,2,65535,2,65535,
	2,65535,2,65535,18,65535,18,17,77,18,77,65535,77,2,77,2,
	77,2,18,77,18,77,18,77,18,77,18,77,18,65535,77,65535,
	1025,65535,77,18,65535,18,65535,18,65535,1025,65535,1025,65535,1025,65535,1025,
	65535,1025,65535,1025,65535,1025,65535,1025,65535,1025,65535,1025,65535,1025,65535,1025,
	65535,1025,65535,1025,65535,1025,65535,1025,65535,1025,65535,2,65535,2,65535,2,
	77,2,77,2,77,2,298,2,298,2,298,77,2,77,2,77,
	2,298,2,298,18,231,18,65535,18,65535,18,65535,18,65535,18,65535,
	18,65535,18,65535,18,65535,2,65535,2,65535,2,18,65535,2,65535,2,
	65535,2,65535,2,65535,2,65535,2,65535,2,298,2,298,2,298,2,
	298,2,298,2,298,2,298,2,298,2,298,2,298,2,298,2,
	298,2,298,2,298,2,298,2,298,2,298,2,298,2,298,2,
	298,2,298,2,298,2,298,2,298,2,298,2,298,2,298,2,
	298,2,298,2,298,2,298,2,298,2,298,2,298,2,298,2,
	298,2,65535,2,65535,2,65535,2,65535,223,2,65535,223,65535,222,65535,
	223,2,223,2,222,2,298,2,298,2,298,2,298,2,65535,100,
	65535,100,65535,100,2,100,2,65535,100,65535,100,65535,100,2,65535,2,
	65535,220,2,65535,1009,65535,1009,65535,1009,65535,1009,65535,1009,65535,1009,65535,
	1009,65535,1009,65535,1009,65535,1009,65535,1009,65535,1009,65535,1009,65535,1009,65535,
	1009,65535,1009,65535,1009,65535,1009,65535,1009,65535,1009,65535,1009,65535,1005,65535,
	1005,65535,1005,65535,1005,65535,1005,65535,1005,65535,1005,65535,1005,65535,1005,65535,
	1005,65535,1005,65535,1005,65535,1005,65535,1005,65535,1005,65535,1005,65535,1005,65535,
	1005,65535,1005,65535,1005,65535,1005,65535,1005,65535,1005,65535,1005,65535,1005,65535,
	1005,65535,1005,65535,1005,65535,1005,65535,1005,65535,1005,65535,1005,65535,1005,65535,
	1005,65535,1005,65535,1005,65535,1005,65535,1005,65535,1005,65535,1005,65535,1009,65535,
	1009,65535,1009,65535,1009,65535,1009,65535,1009,65535,1009,65535,1009,65535,1009,65535,
	1009,65535,1009,65535,1009,65535,1009,65535,1009,65535,1009,65535,1009,65535,1009,65535,
	1009,65535,1009,65535,1009,65535,1009,65535,1009,65535,1009,65535,1009,65535,1009,65535,
	1009,65535,1009,65535,1009,65535,1009,65535,1009,65535,1009,65535,1009,65535,1009,65535,
	1009,65535,1009,65535,1009,65535,1009,65535,1009,65535,1009,65535,1009,65535,1009,65535,
	1009,65535,1009,65535,1071,65535,1071,65535,1071,65535,1071,65535,1071,65535,1009,65535,
	1009,65535,1009,65535,1009,65535,1009,65535,1009,65535,1071,65535,1071,65535,1071,65535,
	1071,65535,1071,65535,1071,65535,1071,65535,1009,65535,1009,65535,1009,65535,1009,65535,
	1009,65535,1009,65535,1009,65535,1009,65535,1009,65535,1009,65535,1009,65535,1009,65535,
	1009,65535,1009,65535,1009,65535,1009,65535,1009,65535,1009,65535,1009,65535,1009,65535,
	1009,65535,1009,65535,1009,65535,1009,65535,1009,65535,1009,65535,1009,65535,1009,65535,
	1009,65535,1009,65535,1009,65535,1009,65535,1009,65535,1009,65535,1009,65535,1009,65535,
	1009,65535,1009,65535,1009,65535,1009,65535,1009,65535,1009,65535,1009,65535,1009,65535,
	1009,65535,1009,65535,1009,65535,1009,65535,1009,65535,1009,65535,1009,65535,1009,65535,
	1009,65535,1009,65535,1009,65535,1009,65535,1009,65535,1009,65535,1005,65535,1005,65535,
	1005,65535,1011,65535,1011,65535,1011,65535,1011,65535,1011,65535,1011,65535,1011,65535,
	1011,65535,1011,65535,1011,65535,1005,65535,1005,65535,1005,65535,1005,65535,1005,65535,
	1005,65535,1005,65535,1005,65535,1011,65535,1011,65535,1011,65535,1011,65535,1006,65535,
	1006,65535,1006,65535,1006,65535,1006,65535,1006,65535,1006,65535,1006,65535,1006,65535,
	1006,65535,1006,65535,1006,65535,1006,65535,1006,65535,1006,65535,1006,65535,1006,65535,
	1006,65535,1006,65535,1006,65535,1005,65535,1005,65535,1005,65535,1005,65535,1005,65535,
	1005,65535,1005,65535,1005,65535,1005,65535,1005,65535,1005,65535,1005,65535,1005,65535,
	1005,65535,1005,65535,1005,65535,1005,65535,1005,65535,1005,65535,1005,65535,1005,65535,
	1005,65535,1005,65535,1005,65535,1005,65535,1005,65535,1005,65535,1005,65535,1005,65535,
	1010,65535,1010,65535,1005,65535,1005,65535,1005,65535,1005,65535,1010,65535,1010,65535,
	1005,65535,1010,65535,1010,65535,1010,65535,1010,65535,1010,65535,1010,65535,1010,65535,
	1010,65535,1079,65535,1079,65535,1079,65535,1079,65535,1079,65535,1079,65535,1079,65535,
	1079,65535,1079,65535,1079,65535,1079,65535,1079,65535,1079,65535,1079,65535,1079,65535,
	1079,65535,1079,65535,1079,65535,1079,65535,1079,65535,1079,65535,1079,65535,1079,65535,
	1079,65535,1079,65535,1079,65535,1079,65535,1079,65535,1079,65535,1079,65535,1079,65535,
	1079,65535,1079,65535,1079,65535,1079,65535,1079,65535,1079,65535,1079,1006,1079,1006,
	65535,1079,65535,1079,65535,1079,65535,1079,65535,1079,1006,1079,1006,1079,1006,1079,
	1006,65535,1006,65535,1006,65535,1006,65535,1006,65535,1006,65535,1006,65535,1006,65535,
	1006,65535,1006,65535,1006,65535,1006,65535,1006,65535,1006,65535,1006,65535,1006,65535,
	1006,65535,1079,65535,1079,65535,1006,65535,1079,1006,1079,1006,65535,1006,65535,1006,
	65535,1006,65535,1006,65535,1010,65535,1010,65535,1010,65535,1010,65535,1010,65535,1010,
	65535,1006,65535,1006,65535,1006,65535,1006,65535,1006,65535,1006,65535,1006,65535,1029,
	65535,1029,65535,1029,65535,1029,65535,1029,65535,1029,1006,65535,1029,65535,1029,65535,
	1029,65535,1029,65535,1029,65535,1029,65535,1029,65535,1029,65535,1029,65535,1029,65535,
	1029,1006,65535,1006,65535,1006,65535,1006,65535,1029,65535,1029,65535,1029,65535,1029,
	65535,1029,65535,1029,65535,1029,65535,1029,65535,1029,65535,1029,65535,1029,65535,1029,
	65535,1029,65535,1029,65535,1029,65535,1029,65535,1029,65535,1029,65535,1029,65535,1029,
	65535,1029,65535,1029,65535,1029,65535,1029,65535,1029,65535,1029,65535,1029,65535,1029,
	65535,1029,65535,1029,65535,1029,65535,1029,65535,100,65535,2,65535,2,65535,221,
	65535,2,221,2,221,2,65535,2,65535,219,2,219,99,2,65535,1010,
	65535,1010,65535,1010,65535,1010,65535,1010,65535,1010,65535,1075,65535,1010,65535,1010,
	65535,1010,65535,1010,65535,1075,65535,1010,65535,1010,65535,1010,65535,1010,65535,1010,
	65535,1075,65535,1075,65535,1075,65535,1010,65535,1010,65535,1010,65535,1010,65535,1010,
	65535,1010,65535,1010,65535,1010,65535,1010,65535,1010,65535,1010,65535,1010,65535,1010,
	65535,1010,65535,1010,65535,1010,65535,1010,65535,1010,65535,1010,65535,1010,65535,1010,
	65535,1010,65535,1010,65535,1010,65535,1010,65535,1010,65535,1010,65535,1010,65535,1010,
	65535,1010,65535,1010,65535,1010,65535,1010,65535,1010,65535,1010,65535,1010,65535,1010,
	65535,1010,65535,1010,65535,1059,65535,1059,65535,1059,65535,1059,65535,1059,65535,1059,
	65535,1059,65535,1059,65535,1059,65535,1010,65535,1010,65535,1010,65535,1059,65535,1059,
	65535,1059,65535,1059,65535,1059,65535,1059,65535,1059,65535,1059,65535,1059,65535,1059,
	65535,1059,65535,1059,65535,1059,65535,1059,65535,1059,65535,1059,65535,219,65535,99,
	65535,99,65535,99,2,99,65535,1059,65535,99,65535,99,65535,99,65535,298,
	2,298,2,298,2,298,2,298,2,99,2,99,2,99,2,65535,
	99,87,65535,87,65535,2,65535,2,65535,2,65535,2,65535,2,65535,2,
	65535,2,65535,2,65535,2,65535,2,65535,2,65535,2,65535,2,65535,2,
	65535,2,65535,2,65535,2,65535,2,65535,2,65535,2,65535,2,65535,2,
	65535,2,65535,2,65535,2,65535,2,65535,2,65535,2,65535,2,65535,2,
	65535,2,65535,2,65535,2,65535,177,65535,177,65535,14,65535,177,14,2,
	65535,2,65535,2,65535,2,65535,177,65535,177,65535,177,14,65535,14,65535,
	14,65535,14,65535,14,65535,14,65535,14,65535,103,2,65535,2,65535,2,
	65535,103,65535,2,65535,2,65535,2,65535,2,35,2,35,2,35,65535,
	35,65535,35,65535,35,65535,35,65535,35,65535,35,65535,35,65535,3,115,
	3,115,3,115,3,115,3,115,3,115,3,115,3,115,3,115,
	3,115,3,115,3,115,3,115,3,115,3,115,3,115,23,3,
	23,3,23,115,23,115,65535,97,115,97,23,65535,23,3,23,3,
	23,3,23,3,23,3,23,3,23,3,23,3,115,304,115,97,
	115,97,115,97,65535,97,23,97,65535,97,65535,97,115,97,115,97,
	65535,97,65535,115,65535,115,228,65535,115,65535,115,65535,115,65535,115,65535,
	304,115,304,115,304,115,304,115,304,115,304,115,304,115,304,115,
	304,65535,304,65535,304,65535,304,65535,49,65535,49,65535,115,65535,115,65535,
	115,65535,115,65535,115,2002,49,65535,49,65535,49,65535,49,2002,49,115,
	65535,115,65535,115,65535,154,115,154,115,154,115,154,65535,154,65535,154,
	65535,154,65535,154,65535,115,2002,65535,49,65535,49,65535,49,155,49,155,
	49,65535,154,65535,155,65535,23,65535,23,65535,23,65535,23,65535,97,65535,
	97,65535,23,65535,23,65535,96,23,96,23,3,23,65535,1052,65535,1052,
	65535,1052,65535,1052,65535,1052,65535,1052,65535,1052,65535,1052,65535,1052,65535,1052,
	65535,1052,65535,1052,65535,1052,65535,1052,65535,1052,65535,96,1052,65535,1052,65535,
	1052,65535,1052,65535,1052,65535,1052,96,65535,1052,65535,96,1052,65535,1052,65535,
	1052,65535,1052,65535,1052,65535,96,65535,96,65535,23,96,65535,23,96,65535,
	96,65535,23,65535,23,181,65535,181,23,181,96,65535,96,65535,96,65535,
	96,65535,96,65535,181,65535,181,65535,3,23,3,23,3,23,3,23,
	3,23,3,226,23,3,23,3,23,226,3,65535,226,23,65535,226,
	23,65535,23,65535,23,65535,181,65535,23,65535,23,65535,226,65535,3,302,
	3,65535,2003,3,65535,3,2005,3,65535,3,227,3,65535,2005,65535,227,
	2005,65535,227,65535,302,65535,2004,65535,2004,65535,2004,2003,2004,65535,2005,65535,
	2005,65535,3,80,3,80,3,285,80,285,80,285,80,285,3,80,
	227,65535,80,225,65535,225,65535,227,65535,80,224,225,65535,224,65535,3,
	229,3,120,3,120,3,286,285,65535,285,65535,285,65535,287,65535,3,
	286,226,3,226,3,226,285,226,287,65535,287,226,65535,224,65535,1012,
	65535,1012,65535,1012,65535,1012,65535,1012,65535,1012,65535,1012,65535,1012,65535,1012,
	65535,1012,65535,1012,65535,1012,65535,1012,65535,1012,65535,1012,65535,1012,65535,1012,
	65535,1012,65535,1012,65535,1012,65535,1012,65535,1012,65535,1012,65535,1012,65535,1012,
	65535,1012,65535,1012,65535,1012,65535,1012,65535,1012,65535,1012,65535,1012,65535,1012,
	65535,1012,65535,1012,65535,1012,65535,1012,65535,1012,65535,1034,65535,1034,65535,1034,
	65535,1034,65535,1034,65535,1034,65535,1034,65535,1034,65535,1034,65535,1034,65535,1034,
	65535,1034,65535,1015,65535,1015,65535,1015,65535,1015,65535,1015,65535,1015,65535,1015,
	65535,1037,65535,1037,65535,1037,65535,1037,65535,1037,65535,1037,65535,1037,65535,1037,
	65535,1037,65535,1037,65535,1037,65535,1037,65535,1037,65535,1037,65535,1037,65535,1037,
	65535,1037,65535,1037,65535,1012,65535,1037,65535,1037,65535,1037,65535,1037,65535,1037,
	65535,1037,65535,1037,65535,1037,65535,1037,65535,1037,65535,1037,65535,1037,65535,1037,
	65535,1037,65535,1037,65535,1037,65535,1037,65535,1037,65535,1037,65535,1037,65535,1037,
	65535,1037,65535,1037,65535,1037,65535,1037,65535,1037,65535,1037,65535,1037,65535,1037,
	65535,1037,65535,1037,65535,1037,65535,1037,65535,1037,65535,1048,65535,1048,65535,1048,
	65535,1048,65535,1048,65535,1048,65535,1048,65535,1048,65535,1048,65535,1048,65535,1048,
	65535,1048,65535,1048,65535,1048,65535,1048,65535,1048,65535,1048,65535,1048,65535,1048,
	65535,1048,65535,1048,65535,1048,65535,1048,65535,1048,65535,1048,65535,1048,65535,1048,
	65535,1048,65535,1034,65535,1034,65535,1034,65535,1034,65535,1034,65535,1034,65535,1034,
	65535,1034,65535,1034,65535,1034,65535,1034,65535,1034,65535,1034,65535,1034,65535,1034,
	65535,1034,65535,1034,65535,1034,65535,1034,65535,1039,65535,1039,65535,1039,65535,1039,
	65535,1039,65535,1039,65535,1034,65535,1034,1039,1034,1039,1034,65535,1034,65535,1034,
	65535,1034,65535,1034,65535,1034,65535,1034,65535,1034,65535,1034,65535,1039,1034,1039,
	1034,1039,65535,1039,65535,1034,65535,1034,65535,1039,65535,1039,65535,1034,65535,1034,
	65535,1034,65535,1034,65535,1034,65535,1015,65535,1015,65535,1015,65535,1015,65535,1015,
	65535,1015,65535,1015,65535,1015,65535,1015,65535,1015,65535,1015,65535,1015,65535,1015,
	65535,1015,65535,1015,65535,1015,65535,1015,65535,1015,65535,1015,65535,1015,65535,1015,
	65535,1015,65535,1015,65535,1015,65535,1015,65535,1015,65535,1015,65535,1015,65535,1015,
	65535,1015,65535,1015,65535,1015,65535,1015,65535,1015,65535,1015,65535,1015,65535,1015,
	65535,1015,65535,1015,65535,1015,65535,1015,65535,1015,65535,1015,65535,1015,65535,1015,
	65535,1015,65535,1015,65535,1015,65535,1015,65535,1039,65535,1039,65535,1039,65535,1039,
	65535,1039,65535,1039,65535,1039,65535,1039,65535,1039,65535,1039,65535,1039,65535,1039,
	65535,1039,65535,1039,65535,1039,65535,1039,65535,1039,65535,1039,65535,1039,65535,1039,
	65535,1039,65535,1039,65535,1015,65535,1015,65535,1015,65535,1015,65535,1015,65535,1039,
	65535,1039,65535,1039,65535,1039,65535,1039,65535,1039,65535,1039,65535,1039,65535,1039,
	65535,1039,65535,1039,65535,1039,65535,1039,65535,1039,65535,1039,65535,1039,65535,1039,
	65535,1039,65535,1039,65535,1039,65535,1039,65535,1039,65535,1039,65535,1039,65535,1015,
	65535,1015,65535,1015,65535,1015,65535,1015,65535,1015,65535,1015,65535,1015,65535,1015,
	65535,1015,65535,1015,65535,1015,65535,1015,65535,1015,65535,1015,65535,1015,65535,1015,
	65535,1015,65535,1015,65535,1015,65535,1015,65535,1015,65535,1015,65535,1015,65535,1015,
	65535,1015,65535,1015,65535,1015,65535,1015,65535,1015,65535,1015,65535,1015,65535,1015,
	65535,1015,65535,1015,65535,1015,65535,1015,65535,1015,65535,1015,65535,1015,65535,1015,
	65535,1015,65535,1015,65535,1015,65535,1015,65535,1015,65535,1015,65535,1015,65535,1015,
	65535,1015,65535,1015,65535,1015,65535,1015,65535,1015,65535,1015,65535,1015,65535,1015,
	65535,1015,65535,1015,65535,1015,65535,1015,65535,1015,65535,1015,65535,1015,65535,1015,
	65535,1015,65535,1015,65535,1015,65535,1015,65535,1015,65535,226,65535,226,65535,226,
	65535,226,65535,226,65535,1001,65535,1001,65535,1001,65535,1001,65535,1001,65535,1001,
	65535,1001,65535,1001,65535,1001,65535,1001,65535,1001,65535,1001,65535,1001,65535,1001,
	65535,1001,65535,1001,65535,1001,65535,1001,65535,1001,65535,1001,65535,1001,65535,1001,
	65535,1001,65535,1001,65535,1001,65535,1001,65535,1001,65535,1001,65535,1001,65535,1001,
	65535,1001,65535,1001,65535,1001,65535,1001,65535,1001,65535,1001,65535,1001,65535,1001,
	65535,1001,65535,1001,65535,1001,65535,1001,65535,1001,65535,1001,65535,1001,65535,1001,
	65535,1001,65535,1001,65535,1001,65535,1001,65535,1001,65535,1001,65535,1001,65535,1001,
	65535,1001,65535,1001,65535,1001,65535,1001,65535,1001,65535,1000,65535,1000,65535,1000,
	65535,1000,65535,1000,65535,1000,65535,1000,65535,1000,65535,1000,65535,1000,65535,1000,
	65535,1000,65535,1000,65535,1000,65535,1000,65535,1000,65535,1000,65535,1000,65535,1000,
	65535,1055,65535,1055,65535,1055,65535,1055,65535,1055,65535,1055,65535,1055,65535,1001,
	65535,1001,65535,1001,65535,1001,65535,1001,65535,1001,65535,1055,65535,1055,65535,1055,
	65535,1055,65535,1055,65535,1001,65535,1001,65535,1001,65535,1001,65535,1001,65535,1001,
	65535,1001,65535,1001,65535,1001,65535,1001,65535,1001,65535,1001,65535,1001,65535,1001,
	65535,1001,65535,1001,65535,1001,65535,1001,65535,1001,65535,1001,65535,1001,65535,1001,
	65535,1001,65535,1001,65535,1001,65535,1001,65535,1055,65535,1055,65535,1055,65535,1055,
	65535,1055,65535,1000,65535,1000,65535,1000,65535,1000,65535,1000,65535,1000,65535,1000,
	65535,1000,65535,1000,65535,1000,65535,1000,65535,1000,65535,1000,65535,1000,65535,1000,
	65535,1000,65535,1000,65535,1000,65535,1000,65535,1000,65535,1000,65535,1000,65535,1000,
	65535,1000,65535,1000,65535,1000,65535,1000,65535,1000,65535,1000,65535,1000,65535,1000,
	65535,1000,65535,1000,65535,1000,65535,1000,65535,1000,65535,1000,65535,1000,65535,1000,
	65535,1000,65535,1000,65535,1000,65535,1000,65535,1000,65535,1000,65535,1000,65535,1000,
	65535,1000,65535,1000,65535,1000,65535,1000,65535,1000,65535,1000,65535,1000,65535,1000,
	65535,1000,65535,1000,65535,1000,65535,1000,65535,1000,65535,1000,65535,1000,65535,1000,
	65535,1000,65535,1000,65535,1000,65535,1000,65535,1000,65535,1000,65535,1000,65535,1000,
	65535,1000,65535,1000,65535,1000,65535,1000,65535,1000,65535,1000,65535,1000,65535,1000,
	65535,1000,65535,1000,65535,1000,65535,1000,65535,1000,65535,1000,65535,1000,65535,1000,
	65535,1000,65535,1000,65535,1000,65535,1000,65535,1000,65535,1000,65535,1000,65535,1000,
	65535,1000,65535,1000,65535,1000,65535,1000,65535,1000,65535,1000,65535,1000,65535,1000,
	65535,1000,65535,1000,65535,1000,65535,1000,65535,1000,65535,1000,65535,1000,65535,1000,
	65535,1000,65535,1000,65535,1000,65535,1000,65535,1000,65535,1000,65535,1000,65535,1000,
	65535,1000,65535,1000,65535,1000,65535,1000,65535,1000,65535,1000,65535,1000,65535,1000,
	65535,1000,65535,1000,65535,1000,65535,1000,65535,1000,65535,1000,65535,1000,65535,1000,
	65535,1000,65535,1000,65535,1000,65535,1000,65535,1000,65535,1000,65535,1000,65535,1000,
	65535,1000,65535,1000,65535,1000,65535,1000,65535,1000,65535,1000,65535,1000,65535,1000,
	65535,1000,65535,1000,65535,1000,65535,1000,65535,1000,65535,1000,65535,1000,65535,1000,
	65535,1000,65535,1000,65535,1000,65535,1000,65535,1000,65535,1000,65535,1000,65535,1000,
	65535,1000,65535,1000,65535,1000,65535,1000,65535,1000,65535,1000,65535,1000,65535,1000,
	65535,1000,65535,1000,65535,1000,65535,1000,65535,1000,65535,1000,65535,1000,65535,1048,
	65535,1048,65535,1048,65535,1048,65535,1048,65535,1048,65535,1048,65535,1048,65535,1048,
	65535,1048,65535,1048,65535,1048,65535,1048,65535,1048,65535,1048,65535,1048,65535,1048,
	65535,1048,65535,1048,65535,1033,65535,1033,65535,1033,65535,1033,65535,1033,65535,1033,
	65535,1033,65535,1033,65535,1033,65535,1033,65535,1033,65535,1033,65535,1033,65535,1033,
	65535,1033,65535,1033,65535,1033,65535,1033,65535,1033,65535,1033,65535,1033,65535,1033,
	65535,1033,65535,1033,65535,1033,65535,1033,65535,1033,65535,1041,65535,1041,65535,1041,
	65535,1041,65535,1041,65535,1041,65535,1041,65535,1041,65535,1041,65535,1041,65535,1041,
	65535,1041,65535,1041,65535,1041,65535,1041,65535,1041,65535,1041,65535,1041,65535,1041,
	65535,1041,65535,1041,65535,1041,65535,1041,65535,1041,65535,1041,65535,1041,65535,1041,
	65535,1041,65535,1041,65535,1041,65535,1041,65535,1041,65535,1041,65535,1041,65535,1041,
	65535,1041,65535,1041,65535,1041,65535,1041,65535,1041,65535,1041,65535,1041,65535,1041,
	65535,1041,65535,1041,65535,1041,65535,1041,65535,1041,65535,1041,65535,1041,65535,1041,
	65535,1041,65535,1041,65535,1041,65535,1041,65535,1041,65535,1041,65535,1041,65535,1041,
	65535,1041,65535,1041,65535,1041,65535,1045,65535,1045,65535,1045,65535,1045,65535,1045,
	65535,1045,65535,1045,65535,1045,65535,1045,65535,1041,65535,1045,65535,1045,65535,1045,
	65535,1045,65535,1045,65535,1045,65535,1045,65535,1045,65535,1045,65535,1045,65535,1045,
	65535,1045,65535,1045,65535,1045,65535,1045,65535,1045,65535,1045,65535,1041,65535,1041,
	65535,1041,65535,1041,65535,1041,65535,1041,65535,1041,65535,1041,65535,1041,65535,1041,
	65535,1041,65535,1041,65535,1041,65535,1041,65535,1041,65535,1041,65535,1041,65535,1041,
	65535,1041,65535,1045,65535,1045,65535,1045,65535,1045,65535,1045,65535,1045,65535,1045,
	65535,1045,65535,1045,65535,1033,65535,1033,65535,1033,65535,1033,65535,1033,65535,1033,
	65535,1033,65535,1033,65535,1033,65535,1033,65535,1033,65535,1033,65535,1033,65535,1033,
	65535,1033,65535,1033,65535,1033,65535,1033,65535,1033,65535,1033,65535,1033,65535,1033,
	65535,1033,65535,1033,65535,1033,65535,1033,65535,1033,65535,1033,65535,1033,65535,1033,
	65535,1033,65535,1033,65535,1033,65535,1033,65535,1033,65535,1033,65535,1033,65535,1033,
	65535,1033,65535,1033,65535,1033,65535,1001,65535,1001,65535,1001,65535,1001,65535,1001,
	65535,1001,65535,1001,65535,1001,65535,1001,65535,1033,65535,1033,65535,1033,65535,1033,
	65535,20,65535,20,65535,20,65535,20,65535,20,65535,20,65535,20,65535,20,
	65535,20,65535,20,65535,20,1001,65535,1001,65535,1001,65535,1001,65535,1001,65535,
	1001,65535,1001,65535,1001,65535,1001,65535,1001,65535,1001,65535,1001,65535,1001,65535,
	1001,65535,1001,65535,1001,65535,1001,1016,65535,1001,65535,1001,65535,1001,65535,1016,
	65535,1016,1001,1016,1001,1016,1001,65535,1016,65535,1016,65535,1001,1016,65535,1016,
	1001,65535,1001,65535,1001,65535,1001,65535,1001,65535,1001,65535,1001,65535,1001,65535,
	1001,65535,1001,65535,1001,65535,1001,65535,1016,65535,1016,65535,1016,65535,1001,1016,
	1001,65535,1016,65535,1016,65535,1016,65535,1016,65535,1016,65535,1001,65535,1016,65535,
	1016,65535,1001,65535,1001,65535,1001,1016,65535,1016,65535,1016,65535,1016,1001,1016,
	65535,1016,1001,65535,1001,65535,1001,65535,1001,1016,1001,1016,1001,1016,65535,1016,
	65535,1016,65535,1016,65535,1016,65535,1016,65535,1016,65535,1016,65535,1016,65535,1016,
	65535,1016,65535,1016,65535,1016,65535,1050,65535,1050,65535,1050,65535,1050,65535,1050,
	65535,1050,65535,1050,65535,1050,65535,1050,65535,1050,65535,1050,65535,1050,65535,1050,
	65535,1050,65535,1050,65535,1050,65535,1050,65535,1050,65535,1050,65535,1050,65535,1050,
	65535,242,65535,242,65535,1050,65535,1050,65535,1050,65535,1050,65535,1050,65535,1050,
	65535,1050,65535,1050,65535,1050,65535,1050,65535,1050,65535,1050,65535,1050,65535,1050,
	65535,1050,65535,1050,65535,1050,65535,1050,65535,1050,65535,1050,65535,1050,65535,1050,
	65535,1050,65535,1050,65535,1046,65535,1046,65535,1046,65535,1046,65535,1046,65535,1046,
	65535,1046,65535,20,65535,20,65535,20,65535,20,65535,1046,65535,20,65535,1046,
	65535,1046,65535,1046,65535,1046,65535,1046,65535,1046,65535,1046,65535,20,65535,20,
	65535,20,65535,79,65535,79,65535,246,65535,79,65535,79,65535,49,65535,49,
	65535,0,65535,49,0,49,0,49,0,49,0,49,0,49,0,49,
	0,49,65535,49,65535,49,65535,49,65535,49,65535,49,0,49,0,49,
	0,49,0,49,0,49,0,49,65535,49,65535,49,0,49,0,65535,
	16,65535,16,65535,49,16,0,16,65535,16,65535,16,0,16,0,16,
	0,16,0,16,0,16,0,16,65535,16,65535,16,65535,16,65535,153,
	65535,16,65535,153,16,153,65535,153,16,153,16,0,16,0,16,0,
	16,0,16,0,16,0,16,0,16,0,16,0,65535,230,65535,153,
	16,230,16,65535,16,65535,230,16,65535,16,65535,16,65535,16,65535,16,
	65535,110,65535,110,65535,110,119,65535,233,110,233,110,16,110,16,110,
	16,110,16,110,16,110,65535,16,65535,16,65535,233,65535,233,110,65535,
	110,65535,79,110,65535,79,65535,79,65535,79,65535,110,79,110,238,65535,
	238,79,65535,79,65535,238,110,65535,110,65535,110,235,110,236,110,234,
	65535,235,65535,235,65535,235,65535,235,65535,110,238,110,65535,238,65535,236,
	65535,236,238,65535,238,65535,235,65535,235,65535,235,65535,237,65535,237,65535,
	237,111,16,0,16,0,16,0,16,0,16,65535,16,121,16,0,
	16,121,16,121,16,0,16,0,65535,121,65535,121,65535,121,79,65535,
	235,65535,121,65535,121,235,111,121,111,121,111,121,79,65535,79,121,
	239,65535,239,65535,239,65535,239,65535,16,121,0,121,0,121,79,65535,
	79,65535,79,0,65535,0,65535,79,0,65535,0,79,65535,79,65535,79,
	0,79,0,79,0,79,0,79,0,79,65535,79,65535,79,242,65535,
	243,79,65535,243,79,65535,238,65535,79,65535,79,243,79,243,79,65535,
	79,65535,79,65535,79,65535,79,65535,79,65535,79,238,65535,241,65535,240,
	65535,240,111,240,65535,240,111,65535,241,65535,241,111,241,65535,241,65535,
	79,65535,79,65535,79,65535,79,65535,244,79,65535,79,65535,79,245,65535,
	79,65535,79,65535,79,65535,79,65535,79,65535,79,65535,79,65535,79,65535,
	156,65535,156,79,65535,79,65535,79,65535,156,79,65535,79,65535,79,65535,
	79,65535,79,65535,79,65535,79,65535,79,65535,79,156,79,65535,79,65535,
	79,65535,79,65535,79,111,65535,239,111,65535,79,65535,79,111,79,65535,
	79,65535,79,244,65535,111,65535,79,111,79,111,79,111,79,111,79,
	65535,79,65535,79,65535,79,65535,79,65535,79,0,79,65535,79,65535,79,
	65535,79,65535,79,65535,79,65535,79,65535,79,65535,79,65535,79,65535,79,
	65535,79,65535,79,65535,79,65535,79,65535,79,65535,79,65535,79,65535,79,
	65535,79,65535,79,65535,79,65535,79,65535,79,65535,79,65535,79,65535,79,
	65535,79,65535,79,65535,79,65535,79,65535,249,79,65535,79,65535,0,79,
	0,79,0,79,0,79,0,79,0,65535,0,79,0,79,0,79,
	0,79,65535,79,0,65535,79,65535,0,65535,0,65535,0,65535,0,65535,
	1009,65535,1009,65535,1009,65535,1009,65535,1009,65535,1009,65535,1009,65535,1009,65535,
	1009,65535,1009,65535,1009,65535,1009,65535,1009,65535,1009,65535,1009,65535,1009,65535,
	1009,65535,1009,65535,1009,65535,1009,65535,1009,65535,1009,65535,1009,65535,1009,65535,
	1009,65535,1009,65535,1009,65535,1009,65535,1009,65535,1009,65535,1009,65535,1009,65535,
	1009,65535,1009,65535,1009,65535,1006,65535,1009,65535,1009,65535,1009,65535,1009,65535,
	1009,65535,1009,65535,1009,65535,1009,65535,1009,65535,1009,65535,1009,65535,1009,65535,
	1009,65535,1009,65535,1009,65535,1009,65535,1009,1006,1009,1006,1009,1006,1009,1006,
	65535,1006,65535,1006,1009,65535,1009,65535,1006,65535,1009,65535,1009,65535,1009,65535,
	1009,65535,1012,65535,1012,65535,1012,65535,1012,65535,1012,65535,1012,65535,1012,65535,
	1012,65535,1012,65535,1012,65535,1012,65535,1012,65535,1012,65535,1012,65535,1012,65535,
	1012,65535,1012,65535,1012,65535,1012,65535,1012,65535,1012,65535,1012,65535,1012,65535,
	1012,65535,1012,65535,1012,65535,1012,65535,1012,65535,1012,65535,1012,65535,1012,65535,
	1012,65535,1012,65535,1012,65535,1012,65535,1012,65535,1012,65535,1012,65535,1012,65535,
	1012,65535,1012,65535,1012,65535,1012,65535,1012,65535,1012,65535,1012,65535,1012,65535,
	1012,65535,1012,65535,1012,65535,1084,65535,1084,65535,1084,65535,1084,65535,1084,65535,
	1084,65535,1084,65535,1084,1081,1084,65535,1084,65535,1081,65535,1084,65535,1084,65535,
	1084,65535,1084,65535,1084,65535,1084,65535,1084,65535,1084,65535,1084,65535,1084,65535,
	1084,65535,1084,65535,1084,65535,1084,65535,1084,65535,1084,65535,1012,1084,1012,1084,
	1012,1084,1012,1084,1012,1084,1012,1084,65535,1084,65535,1084,65535,1084,65535,1084,
	1012,1084,1012,1084,1012,1084,65535,1012,65535,1012,1084,65535,1084,65535,1084,65535,
	1084,65535,1012,65535,1012,65535,1012,65535,1012,65535,1012,65535,1012,65535,1012,65535,
	1012,65535,1012,65535,1012,65535,1012,65535,1012,65535,1012,65535,1006,65535,1006,65535,
	1006,65535,1006,65535,1006,65535,1006,65535,1006,65535,1006,65535,1006,65535,1006,65535,
	1006,1029,1006,1029,1006,1029,1006,1029,1006,1029,1006,1029,1006,1029,1006,1029,
	1006,1029,1006,1029,1006,65535,1006,65535,1006,1029,1006,65535,1006,1029,65535,1029,
	65535,1029,1006,65535,1006,65535,1006,65535,1006,65535,1006,65535,1006,65535,1074,65535,
	1074,65535,1074,1006,65535,1006,65535,1074,1006,65535,1006,65535,1074,65535,1074,65535,
	1006,65535,1006,65535,1006,65535,1006,1074,1006,1074,1006,65535,1074,65535,1074,65535,
	1074,65535,1074,65535,1006,65535,1006,65535,1081,65535,1081,1006,1081,1006,1081,65535,
	1081,65535,1006,1074,1006,65535,1074,65535,1006,65535,1074,65535,1074,65535,1074,65535,
	1074,65535,1074,65535,1006,65535,1006,65535,1074,65535,1074,1006,65535,1074,65535,1074,
	65535,1074,65535,1074,65535,1074,65535,1074,65535,1074,65535,1074,65535,1074,65535,1074,
	65535,1074,65535,1074,65535,1074,65535,1074,65535,1074,65535,1074,65535,1074,65535,1006,
	65535,1029,65535,1029,65535,1029,65535,1029,1006,65535,1006,1029,65535,1029,65535,1029,
	1006,1029,65535,1074,65535,1074,65535,1074,65535,1074,65535,1006,1029,1006,1029,1006,
	1029,1006,1029,1074,1006,65535,1006,1029,1006,1074,65535,1074,65535,1074,65535,1074,
	65535,1074,65535,1074,65535,1074,65535,1074,65535,1074,65535,1074,65535,1074,65535,1074,
	65535,1074,65535,1006,65535,1006,65535,1006,65535,1029,65535,1029,1006,65535,1029,65535,
	1029,65535,1029,65535,1029,65535,1029,65535,1029,65535,1029,65535,1029,65535,1029,65535,
	1029,65535,1029,65535,1029,65535,1029,65535,1029,65535,1029,65535,1029,65535,1029,65535,
	1029,65535,1029,65535,1029,65535,1029,65535,1029,65535,1029,65535,1029,65535,1029,65535,
	1029,65535,1029,65535,1029,65535,1029,65535,1029,65535,1029,65535,1029,65535,1029,65535,
	1029,65535,1029,65535,1029,65535,1029,65535,1029,65535,1029,65535,1029,65535,1029,65535,
	1029,65535,1029,65535,1029,1006,65535,1029,65535,1029,65535,1029,65535,1029,65535,1029,
	65535,1029,65535,1029,65535,1029,65535,1029,65535,1029,65535,1029,65535,1029,65535,1029,
	65535,1029,65535,1029,65535,1029,65535,1006,65535,1081,65535,1081,65535,1084,65535,1084,
	65535,1012,65535,1012,65535,1012,65535,1012,65535,1012,65535,1012,65535,1012,65535,1012,
	65535,1012,65535,1012,65535,1012,65535,1012,65535,1012,65535,1012,65535,1012,65535,1012,
	65535,1012,65535,1012,65535,1012,65535,1012,65535,1012,65535,1012,65535,1012,65535,1012,
	65535,1012,65535,1012,65535,1012,65535,1012,65535,1012,65535,1012,65535,1012,65535,1012,
	65535,1012,65535,1012,65535,1012,65535,1012,65535,1012,65535,1012,65535,1012,65535,1012,
	65535,1012,65535,1012,65535,1012,65535,1012,65535,1012,65535,1012,65535,1012,65535,1012,
	65535,1012,65535,1012,65535,1012,65535,1012,65535,1012,65535,1012,65535,1012,65535,1012,
	65535,1012,65535,1012,65535,1012,65535,1012,65535,1012,65535,1012,65535,1012,65535,1012,
	65535,1012,65535,1012,65535,1012,65535,1012,65535,1012,65535,1036,65535,1036,65535,1036,
	65535,1036,65535,1036,65535,1036,65535,1036,65535,1036,65535,1036,65535,1036,65535,1036,
	65535,1036,65535,1036,65535,1036,65535,1036,65535,1036,65535,1036,65535,1036,65535,1036,
	65535,1036,65535,1036,65535,1036,65535,1036,65535,1036,65535,1036,65535,1036,65535,1036,
	65535,1036,65535,1036,65535,1036,65535,1036,65535,1036,65535,1036,65535,1036,65535,1036,
	65535,207,65535,1059,65535,1059,65535,1059,65535,1059,65535,207,65535,207,65535,1059,
	65535,1059,65535,207,65535,207,65535,207,65535,207,65535,207,65535,207,65535,1035,
	65535,1035,65535,1035,65535,1035,65535,1035,65535,1035,65535,1035,65535,1035,65535,1035,
	65535,1035,65535,1035,65535,1035,65535,1035,65535,1035,65535,1035,65535,1035,65535,1035,
	65535,1035,65535,1035,65535,1035,65535,1035,65535,1035,65535,1035,65535,1035,65535,207,
	65535,207,65535,207,65535,207,65535,207,65535,207,65535,67,65535,67,65535,67,
	65535,67,65535,67,65535,67,65535,20,65535,20,65535,20,65535,67,65535,67,
	65535,67,65535,67,65535,20,65535,1035,65535,1035,65535,1035,65535,1035,65535,1035,
	65535,1035,65535,1035,65535,1035,65535,1035,65535,1035,65535,1035,65535,1035,65535,1035,
	65535,1035,65535,1035,65535,1035,65535,1035,65535,1035,65535,1035,65535,1035,65535,1035,
	65535,1035,65535,1035,65535,1035,65535,67,65535,67,65535,1035,65535,1035,65535,1035,
	65535,1035,65535,1035,65535,1035,65535,1035,65535,1035,65535,1043,65535,1043,65535,1043,
	65535,1043,65535,1043,65535,1043,65535,1043,65535,1043,65535,1043,65535,1043,65535,1043,
	65535,1043,65535,1043,65535,1043,65535,1043,65535,1043,65535,1043,65535,1043,65535,1043,
	65535,1043,65535,1043,65535,1043,65535,1043,65535,1043,65535,1043,65535,1043,65535,1043,
	65535,1043,65535,1043,65535,1043,65535,1043,65535,1043,65535,1043,65535,1043,65535,1043,
	65535,1043,65535,1043,65535,1043,65535,1043,65535,1043,65535,1043,65535,1043,65535,1043,
	65535,1043,65535,1043,65535,1043,65535,1043,65535,1043,65535,1043,65535,1043,65535,1043,
	65535,1043,65535,1043,65535,1043,65535,1043,65535,1043,65535,1043,65535,1043,65535,1043,
	65535,1043,65535,1043,65535,1043,65535,1043,65535,1043,65535,1043,65535,20,65535,20,
	65535,20,65535,20,65535,87,65535,87,65535,87,65535,87,65535,87,82,65535,
	82,65535,82,2,82,260,82,65535,2,82,2,82,2,82,2,82,
	65535,82,65535,82,65535,207,65535,82,207,65535,207,65535,207,65535,207,82,
	207,82,65535,82,207,82,65535,82,65535,82,65535,82,65535,82,65535,82,
	65535,82,65535,82,65535,82,65535,19,82,65535,19,82,19,2,82,2,
	82,2,19,2,65535,2,19,2,65535,19,65535,19,65535,19,65535,19,
	2,19,2,19,2,19,2,19,2,19,2,65535,82,65535,82,65535,
	82,65535,82,180,65535,135,65535,135,65535,135,65535,135,65535,19,65535,135,
	65535,19,135,19,65535,19,65535,19,180,19,180,19,2,19,2,19,
	2,19,2,19,2,19,2,19,2,19,2,19,2,19,2,19,
	2,19,2,19,2,65535,20,65535,20,65535,20,65535,20,65535,112,65535,
	112,20,65535,20,65535,20,65535,20,65535,112,65535,112,65535,70,65535,70,
	65535,112,70,112,70,20,65535,20,65535,20,65535,20,65535,20,65535,20,
	65535,20,65535,20,70,20,70,20,65535,20,65535,158,65535,158,20,70,
	65535,158,70,158,70,158,65535,246,65535,20,246,20,246,65535,246,65535,
	20,65535,158,20,65535,158,65535,158,65535,156,158,65535,158,65535,156,65535,
	158,65535,158,65535,158,65535,158,65535,158,20,65535,70,65535,70,65535,70,
	65535,70,158,70,65535,70,65535,70,65535,70,65535,133,70,65535,70,65535,
	133,65535,158,65535,158,65535,158,70,158,65535,158,65535,158,65535,158,65535,
	1073,65535,1073,65535,1073,65535,1073,65535,1073,65535,1073,65535,132,65535,132,65535,
	1073,65535,1073,65535,1073,65535,1073,65535,1073,65535,1073,65535,1073,65535,1073,65535,
	1073,65535,1073,65535,1073,65535,1073,65535,1073,65535,1073,65535,1073,65535,158,65535,
	158,65535,1073,65535,1073,65535,1073,65535,1073,65535,1073,65535,1073,65535,1073,65535,
	1073,65535,1073,65535,1073,65535,1073,65535,1073,65535,1073,65535,1073,65535,1073,65535,
	1073,65535,1073,65535,1073,65535,1073,65535,1073,65535,1073,65535,1073,65535,1073,65535,
	1073,65535,1073,65535,1073,65535,1073,65535,1073,65535,1073,65535,132,65535,19,65535,
	19,65535,112,65535,112,65535,19,65535,19,112,65535,112,65535,112,65535,19,
	65535,19,57,19,57,70,57,19,57,19,57,19,57,19,57,19,
	2,19,2,19,2,19,57,19,57,19,57,19,57,19,57,19,
	57,19,57,19,57,65535,57,65535,57,65535,57,65535,70,65535,133,70,
	133,70,133,70,65535,57,133,65535,57,65535,132,65535,132,57,132,57,
	132,57,132,57,65535,132,57,65535,57,65535,57,65535,57,132,65535,57,
	65535,57,65535,57,65535,57,65535,57,65535,57,65535,57,65535,57,65535,57,
	65535,57,65535,57,65535,57,65535,57,65535,57,65535,57,65535,57,65535,2,
	35,2,35,2,35,2,35,2,35,2,35,65535,35,65535,35,65535,
	35,65535,35,65535,35,65535,35,65535,2,35,2,35,2,72,2,72,
	2,72,2,72,2,42,35,72,35,65535,72,65535,72,65535,72,42,
	72,2,65535,2,42,2,42,2,42,44,2,65535,2,65535,2,65535,
	2,65535,2,65535,44,65535,44,65535,44,65535,44,42,65535,72,42,44,
	65535,42,65535,72,65535,72,65535,44,65535,44,65535,44,65535,44,65535,2,
	65535,2,65535,44,65535,44,65535,2,65535,44,65535,43,2,43,65535,43,
	44,65535,41,65535,41,65535,41,43,65535,43,65535,44,65535,43,65535,41,
	65535,41,65535,41,2,19,2,19,2,19,2,19,2,19,65535,2,
	65535,2,65535,2,65535,2,65535,2,65535,2,65535,2,65535,2,65535,2,
	65535,2,65535,2,65535,2,65535,2,65535,2,65535,2,65535,2,65535,2,
	65535,2,65535,2,65535,2,65535,2,65535,2,218,2,218,2,218,2,
	218,32,2,218,32,218,32,218,32,2,43,2,43,2,43,2,
	43,2,43,2,43,2,43,2,43,65535,41,65535,41,65535,41,43,
	65535,43,65535,41,43,2,41,2,41,2,31,2,41,2,41,2,
	41,2,31,41,31,2,65535,2,65535,2,65535,2,65535,2,65535,2,
	65535,2,65535,2,65535,2,31,2,31,65535,218,65535,218,32,65535,32,
	65535,32,65535,32,65535,32,65535,32,65535,32,65535,32,31,32,31,32,
	31,32,31,32,31,32,31,2,31,2,31,65535,156,65535,156,65535,
	156,65535,156,65535,156,65535,156,65535,156,65535,156,247,65535,158,65535,158,
	65535,158,65535,158,65535,158,247,65535,247,158,65535,158,248,158,65535,158,
	156,65535,156,65535,79,65535,79,65535,156,65535,79,65535,79,65535,79,65535,
	79,65535,79,65535,79,65535,79,65535,79,65535,79,65535,79,65535,79,65535,
	158,65535,250,65535,250,65535,250,65535,250,65535,250,65535,158,65535,158,65535,
	158,65535,158,65535,158,65535,158,65535,158,65535,158,65535,158,65535,57,65535,
	57,65535,22,57,22,65535,22,65535,22,65535,250,65535,250,65535,22,250,
	22,65535,22,65535,22,65535,22,65535,22,65535,22,79,65535,79,65535,79,
	65535,79,65535,79,65535,79,65535,249,65535,249,65535,249,65535,249,65535,79,
	65535,79,250,79,65535,79,65535,79,65535,249,65535,249,65535,79,65535,22,
	65535,249,22,249,79,65535,79,249,65535,79,65535,79,65535,79,65535,79,
	65535,79,65535,79,65535,249,65535,22,249,65535,249,65535,249,65535,22,65535,
	22,79,65535,79,65535,22,65535,79,22,79,22,249,22,65535,22,65535,
	22,157,22,288,22,65535,22,288,65535,22,288,22,65535,157,65535,157,
	288,65535,288,65535,57,65535,57,22,57,22,57,22,57,22,57,22,
	57,22,57,22,57,22,57,65535,57,65535,134,57,65535,134,57,22,
	65535,22,134,65535,134,65535,134,65535,134,65535,22,134,252,22,252,65535,
	252,65535,252,65535,252,65535,22,65535,252,65535,252,22,65535,252,65535,22,
	98,22,98,22,98,22,98,22,98,65535,98,65535,98,65535,98,65535,
	98,65535,98,65535,98,65535,288,65535,98,65535,98,65535,22,65535,22,65535,
	79,65535,0,79,65535,79,0,65535,79,65535,0,65535,0,65535,0,65535,
	0,65535,79,65535,79,65535,0,65535,0,65535,0,65535,0,65535,0,65535,
	0,65535,0,65535,0,65535,0,65535,0,65535,0,65535,0,65535,0,65535,
	0,65535,0,65535,0,65535,0,65535,0,157,65535,157,65535,157,65535,157,
	65535,157,65535,0,65535,0,65535,157,65535,157,65535,157,65535,157,65535,157,
	65535,157,290,65535,251,65535,0,65535,0,65535,0,65535,117,0,117,0,
	117,0,65535,157,65535,157,65535,157,65535,157,65535,290,65535,290,65535,290,
	65535,290,251,290,251,290,65535,290,251,65535,251,65535,251,65535,251,65535,
	289,65535,251,65535,251,65535,117,65535,117,251,65535,251,65535,289,65535,117,
	0,117,0,117,0,117,0,289,65535,289,117,289,117,289,65535,117,
	0,117,0,117,0,117,0,65535,117,65535,117,65535,117,65535,117,0,
	117,0,117,0,117,0,65535,117,65535,117,65535,117,65535,117,65535,117,
	0,117,0,117,0,65535,2,65535,2,65535,2,65535,2,218,65535,218,
	65535,218,65535,218,32,65535,32,65535,32,65535,206,65535,206,65535,32,65535,
	32,65535,206,32,206,65535,206,65535,206,65535,206,65535,206,65535,206,65535,
	32,65535,32,65535,32,65535,32,65535,32,65535,32,65535,32,65535,32,65535,
	32,206,32,206,32,65535,32,65535,32,31,32,31,32,31,32,31,
	32,31,32,31,32,31,32,31,32,31,32,31,32,31,32,31,
	32,31,32,31,32,65535,32,65535,32,65535,32,65535,32,65535,32,65535,
	32,65535,32,65535,32,65535,32,65535,32,65535,32,65535,32,65535,32,65535,
	32,65535,117,65535,117,65535,117,65535,117,65535,117,65535,117,65535,117,0,
	117,65535,117,0,65535,117,0,65535,0,65535,0,65535,0,65535,32,65535,
	32,65535,32,65535,0,32,0,32,0,32,0,65535,32,65535,32,65535,
	32,65535,32,65535,32,0,32,0,32,0,32,0,65535,32,65535,32,
	65535,32,65535,32,65535,32,65535,32,65535,32,65535,32,65535,32,65535,32,
	65535,32,65535,32,65535,32,0,32,0,32,0,32,0,32,0,32,
	0,32,0,32,0,32,0,32,0,2,37,2,37,2,37,2,
	37,65535,37,65535,37,65535,37,65535,37,178,37,178,37,178,37,179,
	37,179,65535,179,65535,37,179,65535,179,65535,179,65535,179,65535,37,178,
	65535,178,65535,178,65535,178,65535,1002,65535,1002,65535,1002,65535,1002,65535,1002,
	65535,1002,65535,1002,65535,1002,65535,1002,65535,1002,65535,1002,65535,1002,65535,1002,
	65535,1014,65535,1014,65535,1014,65535,1014,65535,1014,65535,1014,65535,1014,65535,1014,
	65535,1014,65535,1014,65535,1014,65535,1014,65535,1014,65535,1014,65535,1014,65535,1014,
	65535,1002,65535,1002,65535,1002,65535,1002,65535,1002,65535,1002,65535,1002,65535,1002,
	65535,1002,65535,1002,65535,1002,65535,1002,65535,1002,65535,1002,65535,1002,65535,1002,
	65535,1002,65535,1002,65535,1002,65535,1002,65535,1002,65535,1002,65535,1002,65535,1002,
	65535,1002,65535,1002,65535,1002,65535,1002,65535,1014,65535,1014,65535,1014,65535,1014,
	65535,1014,65535,1014,65535,1014,65535,1070,65535,1070,65535,1070,65535,1070,65535,1070,
	65535,1070,65535,1070,65535,1070,65535,1070,65535,1070,65535,1070,65535,1070,65535,5,
	65535,5,65535,5,65535,5,65535,1070,65535,1070,65535,1070,65535,1070,65535,1070,
	65535,1070,65535,1070,65535,1070,65535,1070,65535,1070,65535,1070,65535,1070,65535,1070,
	65535,1070,65535,1070,65535,1070,65535,1070,65535,1070,65535,1070,65535,1070,65535,1070,
	65535,1070,65535,1070,65535,1070,65535,1070,65535,1070,65535,1070,65535,1070,65535,1070,
	65535,1070,65535,1070,65535,1070,65535,1070,65535,1070,65535,1070,65535,1070,65535,62,
	65535,62,65535,1023,65535,1023,65535,1023,65535,1023,65535,1023,65535,1023,65535,1023,
	65535,1023,65535,1023,65535,1023,65535,1027,65535,1027,65535,1027,65535,1027,65535,1027,
	65535,1027,65535,1027,65535,1027,65535,1027,65535,1027,65535,1027,65535,1027,65535,1027,
	65535,1027,65535,1027,65535,1027,65535,1027,65535,1027,65535,1027,65535,1027,65535,1027,
	65535,62,65535,62,65535,62,65535,62,65535,24,65535,24,65535,62,65535,24,
	65535,24,65535,24,65535,24,65535,24,65535,24,65535,24,65535,24,65535,24,
	65535,24,65535,24,65535,24,65535,24,65535,24,65535,24,65535,24,65535,24,
	65535,24,65535,24,65535,24,65535,24,65535,24,65535,24,65535,24,65535,24,
	65535,24,65535,24,65535,5,65535,5,65535,5,65535,5,65535,5,65535,5,
	65535,5,65535,5,15,5,15,5,15,5,15,5,15,65535,5,65535,
	5,65535,5,65535,5,65535,5,65535,5,65535,5,15,65535,5,65535,5,
	65535,62,65535,62,65535,62,65535,5,15,5,15,5,15,5,15,5,
	15,5,15,5,15,5,15,54,15,54,15,54,15,54,5,15,
	54,15,54,15,54,15,54,5,54,5,54,5,54,5,54,5,
	54,5,15,54,15,54,15,54,15,54,15,54,15,54,5,54,
	5,54,5,54,5,54,5,54,5,15,54,15,54,15,54,15,
	54,105,15,54,15,54,15,54,15,54,15,54,65535,105,65535,105,
	54,65535,54,65535,54,65535,54,65535,54,5,65535,5,54,65535,5,11,
	54,105,65535,105,65535,11,5,11,5,11,5,11,105,145,65535,11,
	65535,11,145,11,145,65535,145,11,65535,11,65535,11,62,65535,62,65535,
	62,65535,62,65535,62,15,62,15,62,15,62,15,62,15,62,15,
	62,15,62,15,65535,62,65535,62,65535,62,65535,62,15,62,15,62,
	15,65535,15,65535,15,65535,15,65535,15,65535,15,65535,15,65535,15,65535,
	15,65535,161,15,161,15,65535,161,15,161,65535,161,15,65535,15,65535,
	15,65535,15,54,15,54,15,54,15,54,15,54,15,54,15,54,
	15,54,65535,54,65535,54,65535,54,65535,54,65535,15,54,15,65535,15,
	65535,15,65535,15,65535,15,65535,15,65535,11,65535,11,65535,11,65535,11,
	65535,11,65535,11,65535,11,65535,11,65535,11,65535,11,65535,11,65535,11,
	65535,11,65535,11,15,65535,15,144,15,144,15,144,15,65535,15,65535,
	108,65535,144,65535,144,65535,144,65535,11,65535,11,65535,11,65535,11,65535,
	11,65535,11,65535,11,65535,11,65535,11,65535,11,65535,11,65535,11,65535,
	11,65535,11,65535,11,65535,11,65535,14,65535,174,65535,174,65535,174,65535,
	14,174,65535,14,65535,14,174,65535,174,65535,174,65535,14,65535,14,65535,
	14,65535,211,65535,211,65535,24,65535,24,65535,24,65535,24,65535,24,65535,
	24,65535,24,65535,24,65535,24,65535,24,65535,24,65535,24,65535,211,24,
	211,24,65535,24,65535,211,65535,211,65535,211,65535,14,65535,211,65535,14,
	65535,14,65535,14,65535,14,65535,14,65535,14,65535,216,65535,216,65535,216,
	65535,216,65535,14,65535,14,65535,1049,65535,1049,65535,1049,65535,1049,65535,1049,
	65535,1049,65535,1049,65535,1049,65535,1049,65535,1049,65535,1049,65535,14,65535,1049,
	65535,1049,65535,1049,65535,1049,65535,1049,65535,1049,65535,14,65535,14,65535,14,
	65535,1066,65535,1066,65535,1066,65535,1066,65535,1066,65535,1066,65535,1066,65535,1066,
	65535,1066,65535,1066,65535,1066,65535,1066,65535,1066,65535,1066,65535,1066,65535,1047,
	65535,1047,65535,14,65535,14,65535,152,65535,152,65535,152,65535,14,65535,14,
	65535,14,65535,14,65535,14,103,14,103,14,65535,14,65535,14,65535,14,
	65535,14,64,65535,64,14,81,14,81,14,64,14,65535,14,81,14,
	81,65535,81,65535,81,64,81,64,81,64,81,64,65535,81,65535,81,
	65535,81,65535,81,65535,103,14,103,14,65535,103,65535,103,65535,103,65535,
	103,14,103,14,74,14,65535,64,65535,64,65535,64,65535,64,14,64,
	14,64,14,64,14,64,65535,74,14,74,14,74,65535,74,65535,14,
	65535,14,64,14,64,14,176,64,65535,64,65535,14,176,65535,176,65535,
	176,64,65535,64,65535,176,65535,64,81,64,81,64,65535,81,65535,64,
	65535,76,65535,76,81,76,81,65535,76,81,65535,76,65535,76,65535,64,
	65535,76,65535,76,65535,76,65535,76,65535,76,65535,76,65535,76,65535,76,
	65535,14,175,14,175,14,175,14,65535,14,65535,14,65535,175,104,175,
	65535,175,104,175,104,175,104,65535,104,65535,81,65535,104,65535,104,65535,
	104,65535,14,65535,14,65535,14,65535,14,65535,14,65535,14,65535,14,65535,
	14,65535,14,65535,14,65535,1047,65535,1047,65535,1047,65535,1047,65535,1047,65535,
	1047,65535,1047,65535,1047,65535,1047,65535,1047,65535,1047,65535,1047,65535,1047,65535,
	1047,65535,1047,65535,14,65535,14,65535,104,65535,104,214,104,65535,215,65535,
	104,65535,104,65535,215,65535,7,65535,215,65535,215,65535,215,7,65535,7,
	65535,7,65535,7,65535,7,65535,7,65535,7,65535,7,65535,7,65535,7,
	65535,7,65535,7,65535,7,65535,7,65535,7,65535,7,65535,7,65535,7,
	65535,7,65535,7,65535,7,65535,7,65535,7,65535,27,65535,27,65535,27,
	65535,27,65535,27,65535,27,65535,27,65535,27,65535,27,65535,27,65535,27,
	65535,27,65535,27,65535,27,65535,27,65535,27,65535,63,15,63,15,63,
	15,65535,63,15,63,15,63,15,63,15,65535,63,65535,63,27,65535,
	63,65535,27,65535,27,65535,15,65535,15,65535,27,65535,27,65535,27,65535,
	27,65535,27,65535,27,65535,15,108,15,65535,21,65535,21,65535,21,65535,
	21,65535,21,65535,21,65535,21,65535,21,65535,21,65535,21,65535,21,65535,
	21,65535,21,65535,21,65535,21,65535,21,65535,21,65535,21,65535,210,65535,
	21,210,21,210,21,210,21,210,65535,210,65535,210,65535,21,65535,21,
	65535,21,65535,21,65535,21,65535,21,65535,21,65535,21,65535,21,65535,21,
	65535,21,65535,21,65535,1018,65535,1018,65535,1018,65535,1018,65535,1018,65535,1018,
	65535,1018,65535,1018,65535,1018,65535,1018,65535,1018,65535,1018,65535,1018,65535,1018,
	65535,1018,65535,1018,65535,1018,65535,1018,65535,1018,65535,1018,65535,1031,65535,1031,
	65535,1031,65535,1031,65535,1031,65535,1031,65535,1031,65535,1031,65535,1031,65535,1031,
	65535,1031,65535,1031,65535,1031,65535,1031,65535,1031,65535,1031,65535,1031,65535,1031,
	65535,1031,65535,1031,65535,1031,65535,1031,65535,1031,65535,1031,65535,1031,65535,1031,
	65535,1031,65535,1031,65535,1031,65535,1031,65535,1031,65535,1031,65535,1031,65535,1031,
	65535,1004,65535,5,65535,5,65535,5,65535,5,65535,5,65535,5,65535,89,
	5,11,5,65535,5,65535,5,65535,89,65535,89,5,65535,89,65535,89,
	65535,89,65535,89,65535,89,65535,12,65535,89,65535,89,12,89,90,12,
	90,12,89,65535,89,65535,12,65535,12,65535,12,65535,12,65535,12,65535,
	12,65535,12,65535,12,65535,12,65535,89,65535,12,65535,12,65535,12,65535,
	12,65535,12,65535,12,65535,12,5,11,5,11,46,11,46,11,46,
	11,46,89,46,89,46,89,65535,89,65535,89,65535,53,46,89,46,
	89,46,89,53,89,65535,89,65535,53,11,46,11,46,11,46,11,
	46,11,46,11,46,11,46,11,46,65535,53,65535,53,46,53,46,
	53,46,53,46,53,46,53,65535,53,12,53,12,53,12,53,12,
	53,12,53,12,53,12,53,65535,12,53,65535,53,12,65535,12,53,
	65535,12,65535,12,65535,12,65535,12,65535,12,65535,91,65535,91,65535,91,
	65535,29,65535,29,65535,29,91,269,91,269,91,29,91,269,65535,29,
	12,65535,12,65535,12,65535,29,65535,29,65535,29,12,65535,12,65535,12,
	65535,29,65535,12,65535,12,65535,29,30,65535,30,29,30,29,83,65535,
	83,29,83,29,83,267,273,83,274,83,273,274,273,29,83,29,
	83,274,83,274,3,83,3,273,3,273,3,29,83,29,83,29,
	8,83,8,83,8,29,8,29,8,29,8,29,8,3,8,3,
	8,3,8,3,8,3,8,3,8,3,8,3,12,65535,12,65535,
	30,65535,30,12,65535,30,12,30,12,30,29,30,29,30,29,30,
	29,30,65535,30,65535,12,30,12,30,12,30,275,30,275,30,275,
	30,278,12,30,12,30,12,30,278,30,278,30,283,29,65535,29,
	8,266,29,65535,29,65535,266,8,29,65535,29,65535,266,65535,275,65535,
	8,65535,8,3,8,3,8,275,65535,8,275,8,275,276,8,275,
	277,276,277,8,283,282,283,282,8,282,8,11,46,11,46,11,
	46,11,46,11,46,11,46,11,46,11,46,53,46,65535,53,46,
	65535,46,65535,53,46,65535,46,65535,53,65535,53,65535,11,46,11,46,
	11,46,65535,11,46,65535,11,65535,46,204,65535,204,65535,204,65535,204,
	65535,204,65535,204,65535,204,65535,53,65535,53,65535,53,65535,1082,65535,1082,
	65535,1082,65535,1082,65535,1082,65535,1082,65535,1082,65535,1082,65535,1082,65535,1082,
	65535,1082,65535,1082,65535,1082,65535,1082,65535,1082,65535,1082,65535,1082,65535,1082,
	65535,1082,65535,1082,65535,1082,65535,1082,65535,12,65535,12,65535,12,65535,12,
	65535,12,65535,12,65535,12,65535,12,65535,12,65535,12,65535,12,65535,12,
	65535,12,11,65535,11,65535,11,65535,11,65535,11,65535,11,65535,204,65535,
	204,65535,11,65535,11,65535,11,65535,11,65535,11,65535,12,65535,12,65535,
	86,65535,86,65535,86,12,86,12,86,65535,86,65535,86,65535,86,65535,
	12,65535,12,65535,12,65535,12,65535,86,65535,86,65535,86,65535,86,65535,
	86,65535,12,166,12,86,12,86,65535,86,65535,86,12,65535,12,65535,
	12,30,12,30,12,30,271,65535,283,271,283,30,271,283,271,280,
	12,30,12,271,281,271,280,279,281,279,8,279,8,12,65535,12,
	65535,8,65535,8,65535,8,12,65535,12,65535,12,8,65535,8,65535,8,
	65535,8,283,280,283,280,8,280,8,280,8,12,65535,8,65535,8,
	65535,8,12,2000,12,2000,12,2000,8,2000,8,2000,8,12,65535,12,
	2000,12,2000,12,2000,12,2000,8,2000,8,12,2000,12,2000,12,2000,
	12,2000,8,2000,8,3,8,3,8,3,8,3,8,3,8,3,
	8,3,8,3,8,3,8,3,8,3,8,3,8,3,4,3,
	4,3,4,3,4,3,4,3,4,3,4,3,4,3,4,3,
	8,3,8,3,8,3,8,3,8,3,8,3,8,3,8,3,
	8,3,8,3,8,3,8,3,8,3,11,65535,11,65535,11,65535,
	12,65535,12,65535,12,65535,12,65535,12,95,65535,95,65535,95,65535,12,
	65535,95,65535,95,65535,95,65535,8,48,95,65535,95,65535,8,65535,8,
	48,65535,48,65535,48,65535,48,65535,48,65535,48,65535,48,65535,48,65535,
	48,8,48,8,48,8,48,8,48,8,48,8,48,8,48,8,
	48,8,48,8,48,8,48,8,65535,48,65535,48,65535,48,65535,193,
	65535,193,65535,48,193,48,193,48,65535,1051,65535,1051,65535,1051,65535,1051,
	65535,1051,65535,1051,65535,1051,65535,1051,65535,1051,65535,301,65535,301,65535,301,
	48,301,48,47,48,65535,1051,65535,1051,65535,1051,65535,1051,65535,1051,65535,
	1051,65535,1051,65535,1051,65535,1051,65535,1051,65535,1051,65535,1051,65535,1051,65535,
	1051,65535,1051,65535,1051,65535,1051,65535,1051,65535,1051,65535,1051,65535,1051,65535,
	1051,65535,1051,65535,1051,65535,1051,65535,47,65535,47,48,47,48,8,48,
	8,48,8,48,8,48,8,48,8,48,47,48,47,48,47,93,
	48,93,48,8,48,65535,8,65535,8,48,93,48,65535,8,65535,94,
	93,65535,93,65535,94,8,94,8,94,8,94,65535,8,65535,1078,65535,
	1078,65535,1078,65535,1078,65535,1078,65535,1078,65535,1078,65535,1078,65535,1078,65535,
	1078,65535,1078,65535,1078,65535,1078,65535,1078,65535,1078,65535,1078,65535,1078,65535,
	1078,65535,1078,65535,1078,65535,1078,65535,1078,65535,1078,65535,1078,65535,1078,65535,
	47,65535,47,65535,47,65535,47,65535,47,65535,47,65535,47,65535,107,65535,
	107,65535,107,65535,107,65535,107,65535,107,65535,107,65535,107,65535,107,47,
	65535,47,107,47,107,47,107,47,107,47,93,47,93,65535,93,47,
	65535,47,65535,93,94,93,65535,93,13,94,65535,94,65535,94,65535,93,
	13,93,13,65535,13,65535,13,47,65535,47,65535,47,65535,13,65535,13,
	47,65535,47,65535,47,65535,13,65535,165,13,165,13,65535,107,65535,107,
	65535,107,65535,107,65535,107,47,65535,47,107,65535,107,65535,47,65535,47,
	65535,165,65535,165,13,165,13,65535,13,65535,13,65535,13,65535,13,65535,
	13,65535,13,65535,13,65535,13,65535,13,65535,13,65535,1063,65535,1063,65535,
	1063,65535,1063,65535,1063,65535,1063,65535,1063,65535,1063,65535,1063,65535,1063,65535,
	1063,65535,1063,65535,1063,65535,1063,65535,1063,65535,1063,65535,8,3,8,3,
	8,3,8,3,8,3,8,3,8,3,8,3,8,3,8,3,
	8,3,8,3,8,3,8,3,8,3,8,3,8,3,8,3,
	8,3,94,8,94,65535,8,94,65535,8,65535,8,3,8,3,8,
	65535,8,3,65535,13,65535,13,65535,3,65535,3,65535,3,13,65535,13,
	65535,13,65535,13,65535,13,65535,13,65535,13,65535,3,65535,3,65535,3,
	65535,3,13,65535,13,65535,13,65535,13,149,13,149,13,65535,3,65535,
	3,65535,148,3,149,148,149,148,3,148,3,149,148,3,13,148,
	13,65535,13,65535,13,65535,13,148,65535,148,65535,13,65535,13,65535,3,
	65535,3,65535,3,25,13,65535,13,65535,25,65535,25,65535,25,3,25,
	3,25,3,25,3,25,3,65535,72,65535,72,65535,72,65535,72,65535,
	76,65535,76,65535,76,65535,72,65535,72,65535,41,65535,41,65535,41,65535,
	41,65535,41,65535,1030,65535,1030,65535,1030,65535,1030,65535,1030,65535,1030,41,
	65535,1030,65535,1030,65535,1030,65535,1030,65535,1030,65535,1030,65535,1030,65535,1030,
	65535,1030,65535,1030,65535,1030,65535,1030,41,65535,1030,65535,1030,65535,173,65535,
	1030,173,1030,173,1030,173,1030,173,1030,173,1030,173,1030,65535,1030,173,
	1030,65535,41,173,65535,1030,65535,1030,65535,1030,65535,1030,65535,1030,65535,1030,
	65535,1030,65535,1030,65535,173,65535,41,65535,41,65535,297,41,65535,41,65535,
	296,297,296,41,296,41,296,65535,296,65535,296,65535,297,65535,232,297,
	39,232,65535,232,39,65535,39,296,39,65535,295,39,295,39,143,295,
	143,295,65535,39,65535,39,65535,39,65535,1085,65535,1085,65535,1085,65535,39,
	65535,1085,39,1085,65535,39,1085,39,1085,65535,1085,39,1085,39,1085,39,
	1085,39,1085,39,65535,1085,65535,1085,65535,1085,65535,1085,65535,1053,65535,1085,
	39,1085,1053,1085,1053,39,1053,39,1053,65535,1053,39,1053,39,1053,65535,
	1053,39,65535,1053,65535,1053,65535,1053,65535,1053,39,1053,39,65535,1053,39,
	1053,39,1053,65535,1053,65535,39,261,39,261,65535,261,65535,39,65535,7,
	65535,7,65535,7,65535,7,65535,1044,65535,1044,65535,7,65535,7,65535,1044,
	65535,1044,65535,1044,65535,1044,65535,1044,66,65535,66,65535,1044,66,1044,66,
	1044,66,7,65535,1044,65535,1044,66,65535,7,1044,66,1044,66,1044,66,
	1044,66,1044,66,65535,1044,65535,1044,65535,1044,65535,1044,65535,1044,65535,1044,
	65535,1044,65535,1044,66,1044,66,1044,66,1044,66,1044,65535,1044,65535,1044,
	65535,66,1044,66,1044,66,1044,66,65535,66,65535,1044,65535,1044,65535,1044,
	65535,1044,65535,1044,65535,1044,65535,1044,65535,66,65535,66,7,65535,66,65535,
	66,65535,66,65535,66,65535,66,65535,66,65535,66,65535,41,138,65535,41,
	65535,143,138,143,138,143,41,138,65535,138,41,65535,202,65535,138,143,
	138,143,138,65535,138,41,202,41,31,41,31,41,31,41,31,141,
	31,202,65535,41,65535,41,65535,138,65535,141,65535,31,65535,141,65535,143,
	65535,143,65535,39,65535,39,65535,39,65535,39,143,65535,143,65535,1028,65535,
	1028,65535,1028,65535,1028,65535,1028,65535,1028,65535,1028,65535,1028,65535,1028,65535,
	1028,65535,1028,65535,1028,65535,1028,65535,1028,65535,1028,65535,1028,65535,1028,65535,
	1028,65535,1028,65535,1028,65535,1028,65535,1028,65535,1028,65535,1028,65535,1028,65535,
	1028,65535,1028,65535,39,65535,39,65535,1028,65535,39,65535,39,65535,39,65535,
	39,65535,39,172,39,172,39,65535,1028,65535,1028,65535,1028,65535,1028,65535,
	1028,65535,1028,65535,1028,65535,1028,65535,1028,65535,1028,65535,1028,65535,1028,65535,
	1028,65535,1028,65535,1040,65535,1040,65535,1040,65535,1040,65535,1040,65535,1040,65535,
	1040,65535,1040,65535,1040,65535,1040,65535,1040,65535,1040,65535,1040,65535,1040,65535,
	1040,39,65535,39,1040,65535,1040,65535,1040,65535,1040,65535,1040,65535,1040,65535,
	1040,65535,1040,65535,1040,65535,1040,65535,1040,65535,39,65535,1040,65535,75,39,
	75,39,75,65535,75,65535,75,65535,75,65535,31,65535,31,65535,31,65535,
	31,65535,31,142,65535,142,31,65535,31,65535,75,65535,75,65535,75,65535,
	75,65535,75,65535,75,65535,75,65535,75,65535,75,65535,75,65535,75,31,
	65535,31,65535,31,65535,31,65535,31,65535,31,137,65535,137,65535,75,65535,
	75,65535,172,65535,172,65535,172,65535,172,65535,172,65535,1065,65535,1065,65535,
	1065,65535,1065,65535,1065,65535,1065,65535,1065,65535,1065,65535,1065,65535,1065,65535,
	1065,65535,1065,65535,39,71,65535,71,75,71,65535,71,65535,71,65535,71,
	65535,71,65535,1077,65535,1077,65535,1077,65535,1077,65535,1077,65535,1077,65535,1077,
	65535,1077,65535,1077,65535,1077,65535,1077,65535,1077,65535,1077,65535,1077,65535,1077,
	65535,1077,65535,1077,65535,1077,65535,1077,65535,71,65535,1038,65535,1038,65535,1038,
	65535,1077,65535,1077,65535,1077,65535,1077,65535,1077,65535,1077,65535,1077,65535,1077,
	65535,1077,65535,1077,65535,1077,65535,1077,65535,1077,65535,1077,65535,1077,65535,1077,
	65535,1077,65535,1077,65535,1077,65535,1077,65535,1077,65535,1077,65535,1077,65535,1077,
	65535,1077,65535,1077,65535,1077,65535,1038,65535,1038,65535,1038,65535,1038,65535,1038,
	65535,1038,65535,1038,65535,1038,65535,1038,65535,1038,65535,1038,65535,1038,65535,1038,
	65535,1038,65535,1038,65535,1038,65535,1038,65535,1038,65535,1038,65535,1038,65535,1038,
	65535,1038,65535,1038,65535,71,65535,1007,65535,1007,65535,1007,65535,1007,65535,1007,
	65535,1007,65535,1007,65535,1007,65535,1007,65535,1007,65535,1007,65535,1007,65535,1007,
	65535,1007,65535,1007,65535,1007,65535,1007,65535,1007,65535,1007,65535,1007,65535,1007,
	65535,1007,65535,71,65535,1038,65535,1038,65535,1038,65535,1007,65535,1007,65535,1007,
	65535,1007,65535,1007,65535,1007,65535,1007,65535,1007,65535,1007,65535,1007,65535,1007,
	1038,65535,1038,65535,1038,65535,1038,65535,1038,65535,1038,65535,1038,65535,1038,65535,
	1038,65535,1038,65535,1038,65535,1038,65535,1038,65535,1038,65535,1038,65535,1038,65535,
	1038,65535,1038,65535,1038,65535,1038,65535,1038,65535,1038,65535,1038,65535,1038,65535,
	1038,65535,1038,65535,1038,65535,1038,65535,1038,65535,1007,65535,1007,65535,1007,65535,
	1007,65535,1007,65535,1007,65535,1007,65535,1007,65535,1038,65535,1038,65535,1007,65535,
	1007,65535,1007,65535,1007,65535,1007,65535,1007,65535,1007,65535,1007,65535,1007,65535,
	1007,65535,1007,65535,1007,65535,1007,65535,1007,65535,1007,65535,1007,65535,1007,65535,
	1007,65535,1007,65535,1007,65535,1007,65535,1007,65535,1007,65535,1007,65535,1007,65535,
	1007,65535,1007,65535,1007,65535,1042,65535,1042,65535,1042,65535,1042,65535,1042,65535,
	1042,65535,1042,65535,1042,65535,1042,65535,1042,65535,1042,65535,1042,65535,1042,65535,
	1042,65535,1042,65535,1042,65535,1042,65535,1042,65535,1042,65535,1042,65535,1042,65535,
	1042,65535,1042,65535,1042,65535,1042,65535,1042,65535,1042,65535,1042,65535,1042,65535,
	1042,65535,1042,65535,1042,65535,1042,65535,1042,65535,1042,65535,1042,65535,1042,65535,
	1042,65535,1042,65535,1042,65535,1042,65535,1042,65535,1042,65535,1042,65535,1042,65535,
	1042,65535,1042,65535,1042,65535,1042,65535,1042,65535,1042,65535,1042,65535,1042,65535,
	1042,65535,1026,65535,1026,65535,1026,65535,1026,65535,1026,65535,1026,65535,1026,65535,
	1026,65535,1026,65535,1026,65535,1026,65535,1026,65535,1026,65535,1026,65535,1026,65535,
	1026,65535,1026,65535,1026,65535,1026,65535,1026,65535,1026,65535,1026,65535,1026,65535,
	1026,65535,1026,65535,1026,65535,1026,65535,1026,65535,1026,65535,1026,65535,1026,65535,
	1026,65535,1026,65535,1026,65535,1026,65535,1026,65535,1026,65535,1026,65535,1026,65535,
	1077,65535,1077,65535,1077,65535,1077,65535,1077,65535,1077,65535,1077,65535,1077,65535,
	1077,65535,1077,65535,1077,65535,1077,65535,1077,65535,1077,65535,1077,65535,1077,65535,
	1077,65535,1077,65535,1077,65535,1077,65535,1077,65535,1077,65535,1077,65535,1077,65535,
	1077,65535,1077,65535,1077,65535,1077,65535,1077,65535,1077,65535,1077,65535,1077,65535,
	1077,65535,1077,65535,1077,65535,1038,65535,1038,65535,1038,65535,1038,65535,1077,65535,
	1077,65535,1077,65535,1077,65535,1038,65535,1038,65535,1038,65535,1038,65535,1038,65535,
	1038,65535,1038,65535,1038,65535,1038,65535,1038,65535,1038,65535,1038,65535,1077,65535,
	1077,65535,1077,65535,1077,65535,1077,65535,1077,65535,1077,65535,1077,65535,1077,65535,
	1077,65535,1077,65535,1077,65535,1077,65535,1077,65535,1077,65535,1077,65535,1077,65535,
	1077,65535,1077,65535,1077,65535,1077,65535,1077,65535,1077,65535,1077,65535,1077,65535,
	1077,65535,1077,65535,1077,65535,1077,65535,1077,65535,1077,65535,1077,65535,1077,65535,
	1077,65535,1077,65535,1077,65535,1077,65535,1077,65535,1077,65535,1077,65535,1038,65535,
	1077,65535,1077,65535,1077,65535,1038,65535,1038,65535,1038,65535,1038,65535,1038,65535,
	1038,65535,1038,65535,1038,65535,1038,65535,1038,65535,1038,65535,1038,65535,1038,1077,
	65535,1077,65535,1077,65535,1038,65535,1038,65535,1038,65535,1038,65535,1038,65535,1038,
	65535,1038,65535,1038,65535,1038,65535,1038,65535,1038,65535,1038,65535,75,65535,75,
	65535,75,65535,1038,65535,1038,65535,1038,65535,1038,65535,1038,65535,1038,65535,1038,
	65535,1038,65535,1038,65535,1038,65535,1038,65535,1038,65535,1038,65535,1038,65535,1038,
	65535,1038,65535,1038,65535,1038,65535,1038,65535,1038,65535,1038,65535,1038,65535,1038,
	65535,1038,65535,1038,65535,1038,65535,1038,65535,1038,65535,1038,65535,1038,65535,1038,
	65535,1038,65535,1038,65535,1038,65535,1038,65535,1038,65535,1038,65535,1038,65535,1038,
	65535,1038,65535,1038,65535,1038,65535,1038,65535,1038,65535,1038,65535,1038,65535,1038,
	65535,1038,65535,1038,65535,1038,65535,1038,65535,1038,65535,1038,65535,1038,65535,1038,
	65535,1038,65535,1038,65535,1038,65535,1038,65535,1038,65535,1038,65535,1038,65535,1038,
	65535,1038,65535,1038,65535,1038,65535,1038,65535,75,65535,1067,65535,1067,65535,1067,
	65535,1067,65535,1067,65535,1067,65535,1067,65535,1067,65535,1067,65535,1067,65535,1067,
	65535,1067,65535,1067,65535,1067,65535,1067,65535,1067,65535,1067,65535,1067,65535,1067,
	65535,1067,65535,1067,65535,65,65535,65,65535,65,65535,1026,65535,1026,65535,1026,
	65535,1026,65535,1026,65535,1026,65535,1026,65535,1026,65535,1026,65535,1026,65535,1026,
	65535,1026,65535,1026,65535,1026,65535,1026,65535,1026,65535,1026,65535,1026,65535,1026,
	65535,1026,65535,1026,65535,1026,65535,1026,65535,1026,65535,1026,65535,1026,65535,1026,
	65535,1026,65535,1026,65535,1026,65535,1026,65535,1026,65535,1026,65535,1026,65535,1026,
	65535,1026,65535,1026,65535,1026,65535,1026,65535,1026,65535,1026,65535,1026,65535,1026,
	65535,1026,65535,1026,65535,1026,65535,1026,65535,1026,65535,1026,65535,1026,65535,1026,
	65535,65,65535,65,65535,65,65535,65,65535,65,65535,65,65535,65,65535,65,
	65535,65,65535,65,65535,65,65535,65,65535,65,65535,65,65535,65,65535,65,
	65535,65,65535,65,65535,65,65535,65,65535,21,65535,21,65535,21,65535,21,
	65535,21,65535,21,65535,21,65535,21,65535,21,65535,21,65535,1018,65535,1018,
	65535,1018,65535,1018,65535,1018,65535,1018,65535,1018,65535,1018,65535,1018,65535,1018,
	65535,1018,65535,1018,65535,1018,65535,1018,65535,1018,65535,1018,65535,1018,65535,1018,
	65535,1018,65535,1018,65535,1018,65535,1018,65535,1018,65535,1018,65535,1018,65535,1018,
	65535,1018,65535,1018,65535,1018,65535,1018,65535,1017,65535,1017,65535,1017,65535,1017,
	65535,1017,65535,1017,65535,1017,65535,1017,65535,1017,65535,1017,65535,1017,65535,1017,
	65535,1017,65535,1017,65535,1017,65535,1017,65535,1017,65535,1017,65535,1017,65535,1017,
	65535,1017,65535,1017,65535,1017,65535,1017,65535,1017,65535,1017,65535,1017,65535,1017,
	65535,1017,65535,1017,65535,1017,65535,1017,65535,1017,65535,1004,65535,1004,65535,1004,
	65535,1004,65535,1004,65535,1004,65535,1004,65535,1004,65535,1004,65535,1004,65535,1004,
	65535,1004,65535,1004,65535,1004,65535,1004,65535,1004,65535,1004,65535,1004,65535,1004,
	65535,1004,65535,1004,65535,1004,65535,1004,65535,1004,65535,1004,65535,1004,65535,1004,
	65535,1004,65535,1004,65535,1004,65535,1004,65535,1004,65535,1004,65535,1004,65535,1004,
	65535,1004,65535,1004,65535,1004,65535,1004,65535,1004,65535,1004,65535,1004,65535,1004,
	65535,1004,65535,1004,65535,1004,65535,1004,65535,1004,65535,1004,65535,1004,65535,1004,
	65535,1004,65535,1004,65535,1004,65535,1004,65535,1004,65535,1004,65535,1004,65535,1004,
	65535,1004,65535,1004,65535,1004,65535,1004,65535,1004,65535,1004,65535,1004,65535,1004,
	65535,1004,65535,1004,65535,1004,65535,1004,65535,1004,65535,1004,65535,1004,65535,1004,
	65535,1004,65535,1004,65535,1004,65535,1004,65535,1004,65535,1004,65535,1004,65535,1004,
	65535,1004,65535,1004,65535,1004,65535,1004,65535,1004,65535,1004,65535,1004,65535,1004,
	65535,1004,65535,1004,65535,1004,65535,1004,65535,1004,65535,1004,65535,1004,65535,1004,
	65535,1004,65535,1004,65535,1004,65535,1004,65535,1004,65535,1004,65535,1004,65535,1072,
	65535,1072,65535,1072,65535,1072,65535,1072,65535,1072,65535,1072,65535,1072,65535,1072,
	65535,1072,65535,1072,65535,1072,65535,1072,65535,1072,65535,1072,65535,1072,65535,1072,
	65535,1072,65535,1072,65535,1072,65535,1072,65535,1072,65535,1072,65535,1072,65535,1072,
	65535,1072,65535,1072,65535,1072,65535,1072,65535,1072,65535,1072,65535,1072,65535,1072,
	65535,1072,65535,1072,65535,1072,65535,1072,65535,1072,65535,1072,65535,1072,65535,1072,
	65535,1072,65535,1072,65535,1072,65535,1072,65535,1072,65535,1072,65535,1072,65535,1072,
	65535,1072,65535,1072,65535,1072,65535,1072,65535,1072,65535,1072,65535,1072,65535,1072,
	65535,1072,65535,1072,65535,1072,65535,1072,65535,40,65535,212,65535,212,65535,212,
	65535,212,65535,212,65535,212,65535,212,65535,31,32,31,137,31,137,65535,
	137,31,137,31,137,31,65535,137,65535,31,65535,31,65535,31,65535,31,
	65535,31,65535,31,65535,31,32,31,32,31,32,31,32,31,32,31,
	32,31,32,31,32,31,32,31,32,31,32,31,32,31,40,31,
	40,31,40,32,31,32,31,32,31,32,65535,32,65535,32,65535,32,
	65535,32,31,40,136,40,136,40,136,40,65535,136,65535,136,65535,136,
	65535,136,40,136,65535,136,40,65535,40,65535,31,65535,31,65535,40,65535,
	40,31,65535,31,65535,31,40,31,40,31,40,65535,40,65535,40,65535,
	40,65,40,65535,40,65535,40,65535,65,40,65,40,65,65535,65,65535,
	65,40,65,65535,40,31,40,65535,40,65535,40,32,0,32,0,32,
	0,32,0,32,0,32,65535,32,65535,32,65535,32,65535,32,65535,32,
	0,32,0,32,0,65535,40,65535,40,32,40,65535,40,65535,0,32,
	0,40,65535,40,65535,40,65535,40,0,40,0,40,0,40,0,40,
	0,40,0,40,0,40,0,40,0,40,0,40,0,40,0,40,
	0,40,65535,40,65535,40,65535,40,65535,40,65535,40,65535,40,65535,40,
	65535,40,65535,40,65535,40,65535,58,40,65535,40,65535,40,65535,40,65535,
	58,65535,58,65535,58,65535,40,65535,40,65535,40,65535,40,65535,40,65535,
	40,58,65535,58,65535,58,65535,58,40,65535,58,40,262,40,65535,262,
	65535,40,65535,40,58,65535,58,65535,58,65535,58,65535,40,65535,40,65535,
	40,58,65535,58,65535,58,65535,58,65535,58,40,65535,40,65535,40,65535,
	40,58,65535,40,58,65535,58,65535,1076,65535,1076,65535,1076,65535,1076,65535,
	1076,65535,1076,65535,1076,65535,212,65535,212,58,65535,212,65535,212,65535,212,
	65535,212,65535,212,65535,212,65535,212,65535,212,65535,212,65535,212,65535,212,
	65535,212,65535,212,65535,212,65535,212,65535,212,65535,58,65535,212,65535,212,
	65535,212,58,65535,58,65535,58,65535,212,65535,212,65535,58,65535,212,58,
	212,65535,212,65535,212,65535,58,65535,58,65535,58,65535,212,65535,58,212,
	58,212,58,65535,58,65535,58,213,58,65535,213,65535,213,65535,213,65535,
	213,65535,213,65535,213,65535,213,65535,213,65535,213,65535,213,65535,213,65535,
	213,65535,58,65535,58,65535,58,65535,40,58,40,58,213,58,213,65535,
	58,65535,58,65535,58,65535,58,65535,58,65535,58,65535,58,65535,58,65535,
	58,40,0,40,0,65535,40,0,40,65535,0,40,0,40,0,40,
	0,40,0,40,0,40,65535,40,65535,40,65535,40,58,40,58,40,
	58,40,58,40,58,0,58,40,0,58,0,40,0,40,0,40,
	0,40,0,40,0,58,0,58,0,58,0,58,0,58,0,58,
	0,58,0,58,0,58,0,58,0,58,0,58,0,58,0,58,
	0,58,0,58,0,65535,1083,65535,1083,65535,1083,65535,1083,65535,1083,65535,
	1083,65535,1083,65535,1083,65535,1083,65535,1083,65535,1083,65535,1083,65535,1083,65535,
	1083,65535,1083,65535,1083,65535,1083,65535,1083,65535,1083,65535,1083,65535,1083,65535,
	1083,65535,1083,65535,1083,65535,1083,65535,1083,65535,1083,65535,1054,65535,1054,65535,
	1054,65535,1054,65535,1054,65535,1054,65535,1083,65535,1054,65535,1054,65535,1054,65535,
	1054,65535,1054,65535,1054,65535,1054,65535,1054,65535,1054,65535,1054,65535,1054,65535,
	1054,65535,1054,65535,1054,65535,1054,65535,1054,65535,1054,65535,1054,65535,1054,65535,
	1054,65535,1054,65535,1054,65535,1054,65535,1054,65535,1054,65535,1054,65535,1054,65535,
	1054,65535,1054,65535,1003,65535,1003,65535,1003,65535,1003,65535,1003,65535,1003,65535,
	1003,65535,1003,65535,1003,65535,1003,65535,1003,65535,1003,65535,1003,65535,1003,65535,
	1003,65535,1003,65535,1003,65535,1003,65535,1003,65535,1003,65535,1003,65535,1003,65535,
	1003,65535,1003,65535,1003,65535,1003,65535,1003,65535,1003,65535,1003,65535,1003,65535,
	1003,65535,1003,65535,1003,65535,1003,65535,1003,65535,1003,65535,1003,65535,1003,65535,
	1003,65535,1003,65535,1003,65535,1003,65535,1003,65535,1003,65535,1003,65535,1003,65535,
	1003,65535,1003,65535,1003,65535,1003,65535,1003,65535,1003,65535,1003,65535,1003,65535,
	1003,65535,1003,65535,1003,65535,1003,65535,1003,65535,1003,65535,1003,65535,1003,65535,
	1003,65535,1003,65535,1003,65535,1003,65535,1003,65535,1003,65535,1003,65535,1003,65535,
	1003,65535,1003,65535,1003,65535,1003,65535,1003,65535,1003,65535,1003,65535,1003,65535,
	1003,65535,1003,65535,1003,65535,1003,65535,1003,65535,1003,65535,1003,65535,1003,65535,
	1003,65535,1003,65535,1003,65535,1003,65535,1003,65535,1003,65535,1003,65535,1003,65535,
	1003,65535,1003,65535,1003,65535,1003,65535,1003,65535,1003,65535,1003,65535,1003,65535,
	1003,65535,1003,65535,1003,65535,1003,65535,1003,65535,1003,65535,1003,65535,1003,65535,
	1003,65535,1003,65535,1003,65535,1003,65535,1003,65535,1003,65535,1003,65535,1003,65535,
	1003,65535,1003,65535,1003,65535,1003,65535,1003,65535,1003,65535,1003,65535,1003,65535,
	1003,65535,1003,65535,1003,65535,1003,65535,1003,65535,1003,65535,1003,65535,1003,65535,
	1003,65535,1003,65535,1003,65535,1003,65535,1003,65535,1003,65535,1003,65535,1003,65535,
	1003,65535,1003,65535,1003,65535,1003,65535,1003,65535,1003,65535,1003,65535,1003,65535,
	1003,65535,1003,65535,1003,65535,1003,65535,1003,65535,1003,65535,1003,65535,1003,65535,
	1003,65535,1003,65535,1003,65535,1003,65535,1003,65535,1003,65535,1003,65535,1003,65535,
	1003,65535,1003,65535,1003,65535,1003,65535,1003,65535,1003,65535,1003,65535,1003,65535,
	1003,65535,1003,65535,1003,65535,1003,65535,1003,65535,1003,65535,1003,65535,1003,65535,
	1003,65535,1003,65535,1003,65535,1003,65535,1003,65535,1003,65535,1063,65535,1063,65535,
	1063,65535,1063,65535,1063,65535,1063,65535,1063,65535,1063,65535,1063,65535,13,65535,
	13,65535,13,65535,13,65535,13,65535,13,65535,13,65535,13,25,13,25,
	13,25,65535,25,13,65535,25,65535,13,65535,13,65535,13,65535,13,65535,
	13,65535,13,65535,13,65535,13,25,65535,25,13,65535,25,65535,25,13,
	65535,13,65535,13,65535,25,65535,25,3,25,3,25,3,25,3,25,
	3,25,3,25,3,25,3,25,3,25,3,25,3,25,3,25,
	3,65535,13,65535,13,65535,13,65535,13,150,65535,25,65535,150,65535,25,
	65535,25,150,65535,205,65535,25,65535,25,65535,25,147,65535,147,25,65535,
	25,65535,205,25,147,25,205,25,147,65535,147,65535,147,65535,147,25,
	147,25,147,25,147,25,205,25,205,25,205,25,205,25,3,25,
	3,25,65535,25,65535,25,65535,25,65535,25,65535,25,65535,25,65535,25,
	65535,25,65535,3,65535,3,65535,3,65535,3,65535,3,146,3,65535,146,
	65535,146,65535,146,65535,146,3,146,3,146,65535,146,3,65535,195,3,
	195,65535,195,3,115,3,115,3,115,3,115,3,115,3,115,3,
	115,3,115,3,115,3,115,65535,147,25,65535,25,65535,25,65535,25,
	65535,25,65535,25,65535,25,65535,25,65535,25,65535,25,65535,25,65535,25,
	106,25,106,25,106,25,65535,25,65535,25,65535,25,65535,25,65535,25,
	65535,106,65535,106,65535,106,65535,106,65535,106,65535,106,65535,106,65535,195,
	65535,115,65535,115,65535,115,65535,106,65535,106,65535,106,65535,194,65535,194,
	65535,194,115,194,115,194,115,194,115,194,115,106,65535,106,65535,106,
	65535,106,65535,106,65535,106,65535,106,65535,106,194,65535,194,65535,194,115,
	194,115,194,115,65535,106,65535,106,65535,115,65535,115,65535,115,65535,115,
	65535,115,65535,115,65535,106,65535,106,65535,106,65535,115,65535,115,65535,115,
	65535,115,65535,304,65535,304,65535,304,65535,304,65535,304,65535,304,65535,304,
	65535,304,65535,209,65535,58,65535,58,65535,58,65535,58,65535,58,140,58,
	140,58,65535,140,58,65535,209,65535,209,65535,209,65535,209,65535,209,65535,
	209,65535,140,65535,59,65535,59,65535,59,140,65535,140,65535,140,65535,140,
	59,140,59,140,65535,140,59,65535,59,65535,59,65535,59,65535,59,65535,
	171,65535,171,65535,171,65535,59,65535,59,65535,59,65535,59,65535,59,65535,
	59,65535,59,65535,162,65535,162,59,162,59,162,59,162,59,162,65535,
	59,209,59,65535,59,209,59,209,59,65535,59,65535,59,209,59,65535,
	59,171,59,171,59,171,59,0,59,0,59,0,65535,59,65535,59,
	65535,59,0,59,0,59,0,59,0,59,0,58,65535,58,65535,58,
	65535,58,0,58,0,65535,58,65535,58,0,58,65535,58,0,58,65535,
	58,65535,58,65535,59,58,65535,58,65535,59,65535,58,65535,59,65535,59,
	0,59,0,59,0,65535,58,59,65535,59,0,59,0,59,0,59,
	0,59,0,59,0,59,0,65535,162,65535,162,65535,162,65535,162,65535,
	162,65535,162,65535,162,65535,162,163,65535,162,65535,163,65535,263,264,263,
	264,116,163,116,65535,116,65535,116,264,65535,264,116,65535,116,65535,116,
	65535,116,65535,116,162,59,162,59,162,163,162,59,162,59,162,65535,
	162,116,65535,116,163,116,65535,163,65535,116,65535,116,65535,116,65535,116,
	65535,116,65535,116,59,0,59,116,59,0,116,0,116,0,116,0,
	116,0,116,0,116,65535,116,65535,116,0,116,0,116,0,116,0,
	116,0,116,0,116,0,65535,116,65535,116,65535,116,65535,116,65535,116,
	65535,116,65535,116,65535,116,65535,116,65535,208,116,65535,116,65535,116,65535,
	116,65535,208,65535,208,65535,208,65535,208,116,65535,116,65535,116,65535,116,
	49,116,49,65535,49,65535,49,116,49,116,49,116,65535,116,0,116,
	0,116,0,116,0,116,0,116,0,116,0,116,0,116,0,
};

extern const uint16_t region_name_count = 2006;
extern const char *const region_name[2006] = {
	"Arctic Ocean",
	"Southern Ocean",
	"North Atlantic Ocean",
	"North Pacific Ocean",
	"South Pacific Ocean",
	"Indian Ocean",
	"South Atlantic Ocean",
	"Black Sea",
	"Philippine Sea",
	"Coral Sea",
	"Tasman Sea",
	"Bay of Bengal",
	"South China Sea",
	"Sea of Japan",
	"Mediterranean Sea",
	"Arabian Sea",
	"Beaufort Sea",
	"Caribbean Sea",
	"Gulf of Mexico",
	"Labrador Sea",
	"Hudson Bay",
	"Caspian Sea",
	"Baffin Bay",
	"Gulf of Alaska",
	"Red Sea",
	"Sea of Okhotsk",
	"Weddell Sea",
	"Persian Gulf",
	"Ross Sea",
	"Celebes Sea",
	"Sulu Sea",
	"Norwegian Sea",
	"Greenland Sea",
	"Banda Sea",
	"",
	"Bay of Biscay",
	"Mozambique Channel",
	"Gulf of Guinea",
	"Scotia Sea",
	"Baltic Sea",
	"Barents Sea",
	"North Sea",
	"Bristol Channel",
	"Inner Seas",
	"Irish Sea",
	"Java Sea",
	"Andaman Sea",
	"Yellow Sea",
	"East China Sea",
	"Chukchi Sea",
	"Bahía de Campeche",
	"Arafura Sea",
	"Timor Sea",
	"Gulf of Thailand",
	"Laccadive Sea",
	"Bellingshausen Sea",
	"Amundsen Sea",
	"Davis Strait",
	"Kara Sea",
	"Laptev Sea",
	"",
	"Great Australian Bight",
	"Gulf of Aden",
	"Gulf of Oman",
	"Tyrrhenian Sea",
	"White Sea",
	"Sea of Azov",
	"James Bay",
	"Gulf of Carpentaria",
	"Golfo de California",
	"Hudson Strait",
	"Gulf of Finland",
	"English Channel",
	"Gulf of Honduras",
	"Golfe du Lion",
	"Gulf of Bothnia",
	"Adriatic Sea",
	"Straits of Florida",
	"Bay of Plenty",
	"The North Western Passages",
	"Queen Charlotte Sound",
	"Ionian Sea",
	"Gulf of Saint Lawrence",
	"Molucca Sea",
	"Bismarck Sea",
	"Solomon Sea",
	"Gulf of Tonkin",
	"Bay of Fundy",
	"Río de la Plata",
	"Strait of Malacca",
	"Strait of Singapore",
	"Makassar Strait",
	"Ceram Sea",
	"Korea Strait",
	"Inner Sea",
	"Taiwan Strait",
	"Cook Inlet",
	"Bristol Bay",
	"Melville Bay",
	"Gulf of Maine",
	"Chesapeake Bay",
	"Strait of Gibraltar",
	"Golfo San Jorge",
	"Balearic Sea",
	"Aegean Sea",
	"Gulf of Mannar",
	"Shelikhova Gulf",
	"Bo Hai",
	"Gulf of Kutch",
	"Golfo de Panamá",
	"Amundsen Gulf",
	"Viscount Melville Sound",
	"Ungava Bay",
	"Great Barrier Reef",
	"Yucatan Channel",
	"Bering Sea",
	"East Siberian Sea",
	"Lincoln Sea",
	"Bass Strait",
	"Franklin Bay",
	"Dixon Entrance",
	"M'Clure Strait",
	"Boca Grande",
	"Baía de Marajó",
	"Golfo San Matías",
	"Golfo Corcovado",
	"Wrigley Gulf",
	"Sulzberger Bay",
	"Ronne Entrance",
	"Bransfield Strait",
	"McMurdo Sound",
	"Baía de São Marcos",
	"Cumberland Sound",
	"Frobisher Bay",
	"Disko Bay",
	"Hamilton Inlet",
	"Storfjorden",
	"Vestfjorden",
	"Skagerrak",
	"Karskiye Strait",
	"Vil'kitskogo Strait",
	"Sognefjorden",
	"Trondheimsfjorden",
	"Kattegat",
	"Gulf of Khambhät",
	"Palk Strait",
	"Kronotskiy Gulf",
	"Uda Bay",
	"Uchiura Bay",
	"Tsugaru Strait",
	"Tatar Strait",
	"Shark Bay",
	"Gulf of Gabès",
	"Mackenzie Bay",
	"Norton Sound",
	"Kotzebue Sound",
	"Gulf of Boothia",
	"Kane Basin",
	"Foxe Basin",
	"Golfo de Tehuantepec",
	"Golfo de Guayaquil",
	"Gulf of Masira",
	"Gulf of Yana",
	"Dmitriy Laptev Strait",
	"La Pérouse Strait",
	"East Korea Bay",
	"Qiongzhou Strait",
	"Cook Strait",
	"Torres Strait",
	"Geographe Bay",
	"Gulf of Papua",
	"Gulf of Olen‘k",
	"Gulf of Riga",
	"Waddenzee",
	"Gulf of Sidra",
	"Sea of Crete",
	"Ligurian Sea",
	"Alboran Sea",
	"Bight of Benin",
	"Bight of Biafra",
	"Strait of Belle Isle",
	"Prince William Sound",
	"Estrecho de Magellanes",
	"Bahía Blanca",
	"Golfo de Penas",
	"Bahía Grande",
	"Marguerite Bay",
	"Prydz Bay",
	"Vincennes Bay",
	"Porpoise Bay",
	"Davis Sea",
	"Lützow-Holm Bay",
	"Antongila Bay",
	"Hangzhou Bay",
	"Karaginskiy Gulf",
	"Gulf of Kamchatka",
	"Bosporus",
	"Bab el Mandeb",
	"Gulf St. Vincent",
	"Golfo de Urabá",
	"Baia de Maputo",
	"St. Helena Bay",
	"Boknafjorden",
	"Joseph Bonaparte Gulf",
	"Gulf of Martaban",
	"Gulf of Sakhalin",
	"Kangertittivaq",
	"Saint Lawrence River",
	"Chaun Bay",
	"Khatanga Gulf",
	"Garabogaz Bay",
	"Gulf of Suez",
	"Gulf of Ob",
	"Yenisey Gulf",
	"Dardanelles",
	"Sea of Marmara",
	"Gulf of Aqaba",
	"Lago de Maracaibo",
	"Denmark Strait",
	"Massachusetts Bay",
	"Delaware Bay",
	"Long Island Sound",
	"Albemarle Sound",
	"Pamlico Sound",
	"",
	"Smith Sound",
	"",
	"Queen Charlotte Strait",
	"Baird Inlet",
	"",
	"Husky Lakes",
	"Lake Pontchartrain",
	"Stettiner Haff",
	"Darnley Bay",
	"",
	"Prince of Wales Strait",
	"Minto Inlet",
	"Richard Collinson Inlet",
	"Prince ALbert Sound",
	"Liddon Gulf",
	"Wynniatt Bay",
	"Hadley Bay",
	"Bathurst Inlet",
	"",
	"Goldsmith Channel",
	"Sherman Basin",
	"Wager Bay",
	"Fury and Hecla Strait",
	"",
	"Jones Sound",
	"Eclipse Sound",
	"Hall Basin",
	"Uummannaq Fjord",
	"Peacock Sound",
	"George VI Sound",
	"Seno de Skyring",
	"Seno Otway",
	"Bay Inútil",
	"Lagoa dos Patos",
	"Amazon River",
	"Bras d'Or Lake",
	"Kaliningrad",
	"Matochkin Shar Strait",
	"Ozero Mogotoyevo",
	"Guba Gusinaya",
	"Bali Sea",
	"Davao Gulf",
	"Halmahera Sea",
	"Selat Bali",
	"Gulf of Tomini",
	"Flores Sea",
	"Sibuyan Sea",
	"Selat Dampier",
	"Gulf of Buli",
	"Gulf of Kau",
	"Bohol Sea",
	"",
	"Surigao Strait",
	"",
	"Ragay Gulf",
	"Samar Sea",
	"Tayabas Bay",
	"Leyte Gulf",
	"Visayan Sea",
	"Savu Sea",
	"Hecate Strait",
	"Cordova Bay",
	"",
	"Murchison Sound",
	"Robeson Channel",
	"Kennedy Channel",
	"",
	"Canal Perigoso",
	"Canal do Sul",
	"Canal do Norte",
	"Øresund",
	"",
	"Mecklenburger Bucht",
	"Sargasso Sea",
	"San Francisco Bay",
	"Monterey Bay",
	"Yangtze River",
	"Columbia River",
	"Salish Sea",
	"Gulf of Anadyr'",
	"",
	"",
	"",
	"",
	"",
	"",
	"",
	"",
	"",
	"",
	"",
	"",
	"",
	"",
	"",
	"",
	"",
	"",
	"",
	"",
	"",
	"",
	"",
	"",
	"",
	"",
	"",
	"",
	"",
	"",
	"",
	"",
	"",
	"",
	"",
	"",
	"",
	"",
	"",
	"",
	"",
	"",
	"",
	"",
	"",
	"",
	"",
	"",
	"",
	"",
	"",
	"",
	"",
	"",
	"",
	"",
	"",
	"",
	"",
	"",
	"",
	"",
	"",
	"",
	"",
	"",
	"",
	"",
	"",
	"",
	"",
	"",
	"",
	"",
	"",
	"",
	"",
	"",
	"",
	"",
	"",
	"",
	"",
	"",
	"",
	"",
	"",
	"",
	"",
	"",
	"",
	"",
	"",
	"",
	"",
	"",
	"",
	"",
	"",
	"",
	"",
	"",
	"",
	"",
	"",
	"",
	"",
	"",
	"",
	"",
	"",
	"",
	"",
	"",
	"",
	"",
	"",
	"",
	"",
	"",
	"",
	"",
	"",
	"",
	"",
	"",
	"",
	"",
	"",
	"",
	"",
	"",
	"",
	"",
	"",
	"",
	"",
	"",
	"",
	"",
	"",
	"",
	"",
	"",
	"",
	"",
	"",
	"",
	"",
	"",
	"",
	"",
	"",
	"",
	"",
	"",
	"",
	"",
	"",
	"",
	"",
	"",
	"",
	"",
	"",
	"",
	"",
	"",
	"",
	"",
	"",
	"",
	"",
	"",
	"",
	"",
	"",
	"",
	"",
	"",
	"",
	"",
	"",
	"",
	"",
	"",
	"",
	"",
	"",
	"",
	"",
	"",
	"",
	"",
	"",
	"",
	"",
	"",
	"",
	"",
	"",
	"",
	"",
	"",
	"",
	"",
	"",
	"",
	"",
	"",
	"",
	"",
	"",
	"",
	"",
	"",
	"",
	"",
	"",
	"",
	"",
	"",
	"",
	"",
	"",
	"",
	"",
	"",
	"",
	"",
	"",
	"",
	"",
	"",
	"",
	"",
	"",
	"",
	"",
	"",
	"",
	"",
	"",
	"",
	"",
	"",
	"",
	"",
	"",
	"",
	"",
	"",
	"",
	"",
	"",
	"",
	"",
	"",
	"",
	"",
	"",
	"",
	"",
	"",
	"",
	"",
	"",
	"",
	"",
	"",
	"",
	"",
	"",
	"",
	"",
	"",
	"",
	"",
	"",
	"",
	"",
	"",
	"",
	"",
	"",
	"",
	"",
	"",
	"",
	"",
	"",
	"",
	"",
	"",
	"",
	"",
	"",
	"",
	"",
	"",
	"",
	"",
	"",
	"",
	"",
	"",
	"",
	"",
	"",
	"",
	"",
	"",
	"",
	"",
	"",
	"",
	"",
	"",
	"",
	"",
	"",
	"",
	"",
	"",
	"",
	"",
	"",
	"",
	"",
	"",
	"",
	"",
	"",
	"",
	"",
	"",
	"",
	"",
	"",
	"",
	"",
	"",
	"",
	"",
	"",
	"",
	"",
	"",
	"",
	"",
	"",
	"",
	"",
	"",
	"",
	"",
	"",
	"",
	"",
	"",
	"",
	"",
	"",
	"",
	"",
	"",
	"",
	"",
	"",
	"",
	"",
	"",
	"",
	"",
	"",
	"",
	"",
	"",
	"",
	"",
	"",
	"",
	"",
	"",
	"",
	"",
	"",
	"",
	"",
	"",
	"",
	"",
	"",
	"",
	"",
	"",
	"",
	"",
	"",
	"",
	"",
	"",
	"",
	"",
	"",
	"",
	"",
	"",
	"",
	"",
	"",
	"",
	"",
	"",
	"",
	"",
	"",
	"",
	"",
	"",
	"",
	"",
	"",
	"",
	"",
	"",
	"",
	"",
	"",
	"",
	"",
	"",
	"",
	"",
	"",
	"",
	"",
	"",
	"",
	"",
	"",
	"",
	"",
	"",
	"",
	"",
	"",
	"",
	"",
	"",
	"",
	"",
	"",
	"",
	"",
	"",
	"",
	"",
	"",
	"",
	"",
	"",
	"",
	"",
	"",
	"",
	"",
	"",
	"",
	"",
	"",
	"",
	"",
	"",
	"",
	"",
	"",
	"",
	"",
	"",
	"",
	"",
	"",
	"",
	"",
	"",
	"",
	"",
	"",
	"",
	"",
	"",
	"",
	"",
	"",
	"",
	"",
	"",
	"",
	"",
	"",
	"",
	"",
	"",
	"",
	"",
	"",
	"",
	"",
	"",
	"",
	"",
	"",
	"",
	"",
	"",
	"",
	"",
	"",
	"",
	"",
	"",
	"",
	"",
	"",
	"",
	"",
	"",
	"",
	"",
	"",
	"",
	"",
	"",
	"",
	"",
	"",
	"",
	"",
	"",
	"",
	"",
	"",
	"",
	"",
	"",
	"",
	"",
	"",
	"",
	"",
	"",
	"",
	"",
	"",
	"",
	"",
	"",
	"",
	"",
	"",
	"",
	"",
	"",
	"",
	"",
	"",
	"",
	"",
	"",
	"",
	"",
	"",
	"",
	"",
	"",
	"",
	"",
	"",
	"",
	"",
	"",
	"",
	"",
	"",
	"",
	"",
	"",
	"",
	"",
	"",
	"",
	"",
	"",
	"",
	"",
	"",
	"",
	"",
	"",
	"",
	"",
	"",
	"",
	"",
	"",
	"",
	"",
	"",
	"",
	"",
	"",
	"",
	"",
	"",
	"",
	"",
	"",
	"",
	"",
	"",
	"",
	"",
	"",
	"",
	"",
	"",
	"",
	"",
	"",
	"",
	"",
	"",
	"",
	"",
	"",
	"",
	"",
	"",
	"",
	"",
	"",
	"",
	"",
	"",
	"",
	"",
	"",
	"",
	"",
	"",
	"",
	"",
	"",
	"",
	"",
	"",
	"",
	"",
	"",
	"",
	"",
	"",
	"",
	"",
	"",
	"",
	"",
	"",
	"",
	"",
	"",
	"",
	"",
	"",
	"",
	"",
	"",
	"",
	"",
	"",
	"",
	"",
	"",
	"",
	"",
	"",
	"",
	"",
	"",
	"",
	"",
	"",
	"",
	"",
	"Great Bear Lake",
	"Great Slave Lake",
	"Lake Albert",
	"Lake Baikal",
	"Lake Balkhash",
	"Lake Erie",
	"Lake Huron",
	"Lake Ladoga",
	"Lake Malawi",
	"Lake Michigan",
	"Lake Ontario",
	"Lake Saint Clair",
	"Lake Superior",
	"Lake Tanganyika",
	"Lake Victoria",
	"Lake Winnipeg",
	"McLeod Bay",
	"North Aral Sea",
	"South Aral Sea",
	"Great Salt Lake",
	"Lago de Nicaragua",
	"Lago Titicaca",
	"Lagoa Mirim",
	"Lake Chad",
	"Lake Eyre North",
	"Lake Okeechobee",
	"Lake Onega",
	"Lake Tana",
	"Vänern",
	"Georgian Bay",
	"IJsselmeer",
	"Issyk-Kul",
	"Laguna Madre",
	"Lake Athabasca",
	"Lake Manitoba",
	"Lake Mistassini",
	"Lake Nipigon",
	"Lake of the Woods",
	"Lake Saimaa",
	"Lake Winnipegosis",
	"Mälaren",
	"Reindeer Lake",
	"Rybinsk Reservoir",
	"Réservoir Manicouagan",
	"Syvash",
	"Wollaston Lake",
	"Baker Lake",
	"Buhayrat ath Tharthar",
	"Churchill Lake",
	"Dead Sea",
	"Dubawnt Lake",
	"Hongze Hu",
	"Iliamna Lake",
	"Kaliningradskiy Zaliv",
	"Khövsgöl Nuur",
	"Lac la Martre",
	"Lac Moeru",
	"Lago Buenos Aires",
	"Lago Llanquihue",
	"Lake Champlain",
	"Lake Disappointment",
	"Lake Frome",
	"Lake Gairdner",
	"Lake Khanka",
	"Lake Mackay",
	"Lake Pskov",
	"Lake Razazah",
	"Lake Srednye Kuyto",
	"Lake Tahoe",
	"Lake Torrens",
	"Lake Turkana",
	"Lake Winnebago",
	"Lake Zaysan",
	"Nettilling Lake",
	"North Channel",
	"Oneida Lake",
	"Ozero Yarroto Vtoroye",
	"Päijänne",
	"Qinghai Hu",
	"Saginaw Bay",
	"Salton Sea",
	"St. Marys River",
	"Tonlé Sap",
	"Uvs Nuur",
	"Whitefish Bay",
	"Zalew Wislany",
	"",
	"",
	"",
	"",
	"",
	"",
	"",
	"",
	"",
	"",
	"",
	"",
	"",
	"",
	"",
	"",
	"",
	"",
	"",
	"",
	"",
	"",
	"",
	"",
	"",
	"",
	"",
	"",
	"",
	"",
	"",
	"",
	"",
	"",
	"",
	"",
	"",
	"",
	"",
	"",
	"",
	"",
	"",
	"",
	"",
	"",
	"",
	"",
	"",
	"",
	"",
	"",
	"",
	"",
	"",
	"",
	"",
	"",
	"",
	"",
	"",
	"",
	"",
	"",
	"",
	"",
	"",
	"",
	"",
	"",
	"",
	"",
	"",
	"",
	"",
	"",
	"",
	"",
	"",
	"",
	"",
	"",
	"",
	"",
	"",
	"",
	"",
	"",
	"",
	"",
	"",
	"",
	"",
	"",
	"",
	"",
	"",
	"",
	"",
	"",
	"",
	"",
	"",
	"",
	"",
	"",
	"",
	"",
	"",
	"",
	"",
	"",
	"",
	"",
	"",
	"",
	"",
	"",
	"",
	"",
	"",
	"",
	"",
	"",
	"",
	"",
	"",
	"",
	"",
	"",
	"",
	"",
	"",
	"",
	"",
	"",
	"",
	"",
	"",
	"",
	"",
	"",
	"",
	"",
	"",
	"",
	"",
	"",
	"",
	"",
	"",
	"",
	"",
	"",
	"",
	"",
	"",
	"",
	"",
	"",
	"",
	"",
	"",
	"",
	"",
	"",
	"",
	"",
	"",
	"",
	"",
	"",
	"",
	"",
	"",
	"",
	"",
	"",
	"",
	"",
	"",
	"",
	"",
	"",
	"",
	"",
	"",
	"",
	"",
	"",
	"",
	"",
	"",
	"",
	"",
	"",
	"",
	"",
	"",
	"",
	"",
	"",
	"",
	"",
	"",
	"",
	"",
	"",
	"",
	"",
	"",
	"",
	"",
	"",
	"",
	"",
	"",
	"",
	"",
	"",
	"",
	"",
	"",
	"",
	"",
	"",
	"",
	"",
	"",
	"",
	"",
	"",
	"",
	"",
	"",
	"",
	"",
	"",
	"",
	"",
	"",
	"",
	"",
	"",
	"",
	"",
	"",
	"",
	"",
	"",
	"",
	"",
	"",
	"",
	"",
	"",
	"",
	"",
	"",
	"",
	"",
	"",
	"",
	"",
	"",
	"",
	"",
	"",
	"",
	"",
	"",
	"",
	"",
	"",
	"",
	"",
	"",
	"",
	"",
	"",
	"",
	"",
	"",
	"",
	"",
	"",
	"",
	"",
	"",
	"",
	"",
	"",
	"",
	"",
	"",
	"",
	"",
	"",
	"",
	"",
	"",
	"",
	"",
	"",
	"",
	"",
	"",
	"",
	"",
	"",
	"",
	"",
	"",
	"",
	"",
	"",
	"",
	"",
	"",
	"",
	"",
	"",
	"",
	"",
	"",
	"",
	"",
	"",
	"",
	"",
	"",
	"",
	"",
	"",
	"",
	"",
	"",
	"",
	"",
	"",
	"",
	"",
	"",
	"",
	"",
	"",
	"",
	"",
	"",
	"",
	"",
	"",
	"",
	"",
	"",
	"",
	"",
	"",
	"",
	"",
	"",
	"",
	"",
	"",
	"",
	"",
	"",
	"",
	"",
	"",
	"",
	"",
	"",
	"",
	"",
	"",
	"",
	"",
	"",
	"",
	"",
	"",
	"",
	"",
	"",
	"",
	"",
	"",
	"",
	"",
	"",
	"",
	"",
	"",
	"",
	"",
	"",
	"",
	"",
	"",
	"",
	"",
	"",
	"",
	"",
	"",
	"",
	"",
	"",
	"",
	"",
	"",
	"",
	"",
	"",
	"",
	"",
	"",
	"",
	"",
	"",
	"",
	"",
	"",
	"",
	"",
	"",
	"",
	"",
	"",
	"",
	"",
	"",
	"",
	"",
	"",
	"",
	"",
	"",
	"",
	"",
	"",
	"",
	"",
	"",
	"",
	"",
	"",
	"",
	"",
	"",
	"",
	"",
	"",
	"",
	"",
	"",
	"",
	"",
	"",
	"",
	"",
	"",
	"",
	"",
	"",
	"",
	"",
	"",
	"",
	"",
	"",
	"",
	"",
	"",
	"",
	"",
	"",
	"",
	"",
	"",
	"",
	"",
	"",
	"",
	"",
	"",
	"",
	"",
	"",
	"",
	"",
	"",
	"",
	"",
	"",
	"",
	"",
	"",
	"",
	"",
	"",
	"",
	"",
	"",
	"",
	"",
	"",
	"",
	"",
	"",
	"",
	"",
	"",
	"",
	"",
	"",
	"",
	"",
	"",
	"",
	"",
	"",
	"",
	"",
	"",
	"",
	"",
	"",
	"",
	"",
	"",
	"",
	"",
	"",
	"",
	"",
	"",
	"",
	"",
	"",
	"",
	"",
	"",
	"",
	"",
	"",
	"",
	"",
	"",
	"",
	"",
	"",
	"",
	"",
	"",
	"",
	"",
	"",
	"",
	"",
	"",
	"",
	"",
	"",
	"",
	"",
	"",
	"",
	"",
	"",
	"",
	"",
	"",
	"",
	"",
	"",
	"",
	"",
	"",
	"",
	"",
	"",
	"",
	"",
	"",
	"",
	"",
	"",
	"",
	"",
	"",
	"",
	"",
	"",
	"",
	"",
	"",
	"",
	"",
	"",
	"",
	"",
	"",
	"",
	"",
	"",
	"",
	"",
	"",
	"",
	"",
	"",
	"",
	"",
	"",
	"",
	"",
	"",
	"",
	"",
	"",
	"",
	"",
	"",
	"",
	"",
	"",
	"",
	"",
	"",
	"",
	"",
	"",
	"",
	"",
	"",
	"",
	"",
	"",
	"",
	"",
	"",
	"",
	"",
	"",
	"",
	"",
	"",
	"",
	"",
	"",
	"",
	"",
	"",
	"",
	"",
	"",
	"",
	"",
	"",
	"",
	"",
	"",
	"",
	"",
	"",
	"",
	"",
	"",
	"",
	"",
	"",
	"",
	"",
	"",
	"",
	"",
	"",
	"",
	"",
	"",
	"",
	"",
	"",
	"",
	"",
	"",
	"",
	"",
	"",
	"",
	"",
	"",
	"",
	"",
	"",
	"",
	"",
	"",
	"",
	"",
	"",
	"",
	"",
	"",
	"",
	"",
	"",
	"",
	"",
	"",
	"",
	"",
	"",
	"",
	"",
	"",
	"",
	"",
	"",
	"",
	"",
	"",
	"",
	"",
	"",
	"",
	"",
	"",
	"",
	"",
	"",
	"",
	"",
	"",
	"",
	"",
	"",
	"",
	"",
	"",
	"",
	"",
	"",
	"",
	"",
	"",
	"",
	"",
	"",
	"",
	"",
	"",
	"",
	"",
	"",
	"",
	"",
	"",
	"",
	"",
	"",
	"",
	"",
	"",
	"",
	"",
	"",
	"",
	"",
	"",
	"",
	"",
	"",
	"",
	"",
	"",
	"",
	"",
	"",
	"",
	"",
	"",
	"",
	"",
	"",
	"",
	"",
	"",
	"",
	"",
	"",
	"",
	"",
	"",
	"",
	"",
	"",
	"",
	"",
	"",
	"",
	"",
	"",
	"",
	"",
	"",
	"",
	"",
	"",
	"",
	"",
	"",
	"",
	"",
	"",
	"",
	"",
	"",
	"",
	"",
	"",
	"",
	"",
	"",
	"",
	"",
	"",
	"",
	"",
	"",
	"",
	"",
	"",
	"",
	"",
	"",
	"",
	"",
	"",
	"",
	"",
	"",
	"",
	"",
	"",
	"",
	"",
	"",
	"",
	"",
	"",
	"",
	"",
	"",
	"",
	"",
	"",
	"",
	"",
	"",
	"",
	"",
	"",
	"",
	"",
	"",
	"",
	"",
	"",
	"",
	"",
	"",
	"",
	"",
	"",
	"",
	"",
	"",
	"",
	"",
	"",
	"",
	"",
	"",
	"",
	"",
	"",
	"",
	"",
	"",
	"",
	"",
	"",
	"",
	"",
	"",
	"",
	"",
	"",
	"",
	"",
	"",
	"",
	"",
	"",
	"",
	"",
	"",
	"",
	"",
	"",
	"",
	"Luzon Strait",
	"Drake Passage",
	"Bering Strait",
	"Strait of Juan de Fuca",
	"Puget Sound",
	"Strait of Georgia",
};
